url,charges_str,statute_codes,total_charge_counts,arrest_agencies,booking_date,judicial_status,charge_level,Namenum,Minute of Timestamp,Ethnicity,Level2,Level2 (group),Race,Sex,Ethnic,Age In Years,Book Date,Computed Age Bin,Curbook,Descrpt,First,Here,Hold,Intdate,Jud Category,Last,Level1,Level2_reallocated_grouped,Location,Los,LOS Bin,LOS bin end,Suffix,Timestamp,Timestamp (copy)
https://www.danesheriff.com/Residents/Detail/93987,PROBATION VIOLATION,,1,Madison Police Department,10/2/20264:11 PM,P/P Violation (Hold),Civil,93987,"October 5, 2026 at 12:07 AM",Non-Hispanic,MALEDORM,MALEDORM,Black,Male,Non-Hispanic,39.0,10/2/2026,30s,628290.0,05 P/P Violation (Hold),KENNETH,Y,Yes,10/2/2026 9:11:18 PM,P/P hold,JOHNSON,PSB,Physically in the jail,Public Safety Building,3,0,to 19,JR,10/5/2026 12:07:13 AM,10/5/2026 12:07:13 AM
https://www.danesheriff.com/Residents/Detail/322052,MFC DEL PCP AMPH 3-10 GM; POS W/INT DEL AMPHET 3-100 GMS,961.48(1)(B); 961.48(1)(B),3,Green Co Sheriff's Office,7/24/20267:45 AM,Prob Sentence/Work Release,Felony,322052,"October 5, 2026 at 12:07 AM",Non-Hispanic,CAMP,CAMP,White,Female,Non-Hispanic,48.0,7/24/2026,40s,625659.0,09W Prob Sentence/Work Release,SARAH,Y,No,7/24/2026 12:45:56 PM,Local sentence,TEUBERT,DVRSN,CAMP,DVRSN,73,60,to 79,Null,10/5/2026 12:07:13 AM,10/5/2026 12:07:13 AM
https://www.danesheriff.com/Residents/Detail/225379,DISORDERLY CONDUCT; CRIMINAL DAMAGE TO PROPERTY; PROBATION VIOLATION,973.055(1); 973.055(1); ,3,Madison Police Department,8/14/20262:37 AM,P/P Violation (Hold),Misdemeanor,225379,"October 5, 2026 at 12:07 AM",Non-Hispanic,P3A,P3A,White,Male,Non-Hispanic,38.0,8/14/2026,30s,626463.0,05 P/P Violation (Hold),JACK,Y,Yes,8/14/2026 7:37:52 AM,P/P hold,ANDERSON,PSB,Physically in the jail,Public Safety Building,52,40,to 59,Null,10/5/2026 12:07:13 AM,10/5/2026 12:07:13 AM
https://www.danesheriff.com/Residents/Detail/827978,EXTRADITION,,1,Middleton Police Department,8/12/20261:53 PM,CO Pretrial,Civil,827978,"October 5, 2026 at 12:07 AM",Non-Hispanic,6WEST,6WEST,White,Female,Non-Hispanic,38.0,8/12/2026,30s,626407.0,03 CO Pretrial,MIA,Y,No,8/12/2026 6:53:42 PM,Pretrial,ACRI,CCB,Physically in the jail,City-County Building,54,40,to 59,Null,10/5/2026 12:07:13 AM,10/5/2026 12:07:13 AM
https://www.danesheriff.com/Residents/Detail/743264,WRIT; RETAIL THEFT INTENT TAKE; RETAIL THEFT INTENT TAKE; KNOWINGLY FLEE AN OFFICER; OPERATE MV WITHOUT CONSENT,; 939.05; ; ; 939.05,5,Dane County Sheriffs Office,9/4/20262:58 PM,Sentenced with Huber,Felony,743264,"October 5, 2026 at 12:07 AM",Hispanic,CAMP,CAMP,White,Male,Hispanic,19.0,9/4/2026,<20,627302.0,08 Sentenced with Huber,VICTOR,Y,No,9/4/2026 7:58:47 PM,Local sentence,NIETO MARCELO,DVRSN,CAMP,DVRSN,31,20,to 39,Null,10/5/2026 12:07:13 AM,10/5/2026 12:07:13 AM
https://www.danesheriff.com/Residents/Detail/149387,BAIL JUMPING - FELONY; FAILURE TO REPORT TO JAIL,; ,2,Columbia Co Sheriff's Office,7/9/20267:57 AM,Prob Sentence/Work Release,Felony,149387,"October 5, 2026 at 12:07 AM",Non-Hispanic,CAMP,CAMP,White,Male,Non-Hispanic,47.0,7/9/2026,40s,625073.0,09W Prob Sentence/Work Release,JASON,Y,No,7/9/2026 12:57:24 PM,Local sentence,JUNO,DVRSN,CAMP,DVRSN,88,80,to 99,Null,10/5/2026 12:07:13 AM,10/5/2026 12:07:13 AM
https://www.danesheriff.com/Residents/Detail/578833,PAROLE VIOLATION; POSSESS W/ INTENT DELIVER NARC,; ,2,State Patrol-District #1,9/25/202612:41 AM,P/P Violation (Hold),Felony,578833,"October 5, 2026 at 12:07 AM",Non-Hispanic,P3A,P3A,Black,Male,Non-Hispanic,60.0,9/25/2026,60s,628012.0,05 P/P Violation (Hold),VINCENT,Y,Yes,9/25/2026 5:41:11 AM,P/P hold,WALKER,PSB,Physically in the jail,Public Safety Building,10,0,to 19,Null,10/5/2026 12:07:13 AM,10/5/2026 12:07:13 AM
https://www.danesheriff.com/Residents/Detail/315069,PAROLE VIOLATION; EXTRADITION,; ,2,Madison Police Department; Dane County Sheriffs Office,4/11/20266:01 PM,P/P Viol/Outside Hold,Civil,315069,"October 5, 2026 at 12:07 AM",Non-Hispanic,P4A,P4A,Black,Male,Non-Hispanic,38.0,4/11/2026,30s,621666.0,05H P/P Viol/Outside Hold,SCOTT,Y,Yes,4/11/2026 11:01:48 PM,P/P hold,MILLER,PSB,Physically in the jail,Public Safety Building,177,160,to 179,Null,10/5/2026 12:07:13 AM,10/5/2026 12:07:13 AM
https://www.danesheriff.com/Residents/Detail/89800366,POSSESSION METHAMPHETAMINE,,1,Madison Police Department,10/4/20262:31 AM,CO Prearraignment,Felony,89800366,"October 5, 2026 at 12:07 AM",Non-Hispanic,6WEST,6WEST,Black,Female,Non-Hispanic,43.0,10/4/2026,40s,628328.0,01 CO Prearraignment,CHARYSSE,Y,No,10/4/2026 7:31:23 AM,Pretrial,LANGLOIS,CCB,Physically in the jail,City-County Building,1,0,to 19,Null,10/5/2026 12:07:13 AM,10/5/2026 12:07:13 AM
https://www.danesheriff.com/Residents/Detail/410822,OPERATE MV WITHOUT CONSENT; RETAIL THEFT INTENT TAKE; OPERATING WHILE REVOKED,; ; ,3,Fitchburg Police Department,9/28/20261:47 PM,CO Pretrial,Felony,410822,"October 5, 2026 at 12:07 AM",Non-Hispanic,MALEDORM,MALEDORM,Black,Male,Non-Hispanic,44.0,9/28/2026,40s,628122.0,03 CO Pretrial,JUSTIN,Y,No,9/28/2026 6:47:25 PM,Pretrial,GREEN,PSB,Physically in the jail,Public Safety Building,7,0,to 19,Null,10/5/2026 12:07:13 AM,10/5/2026 12:07:13 AM
https://www.danesheriff.com/Residents/Detail/319514,PROBATION VIOLATION; EXTENDED SUPERVISION SANCTIONS,; ,2,Probation and Parole,7/29/20261:49 PM,E.S. Sanct w/out work release,Civil,319514,"October 5, 2026 at 12:07 AM",Non-Hispanic,7WEST,7WEST,Black,Male,Non-Hispanic,37.0,7/29/2026,30s,625825.0,22 E.S. Sanct w/out wrk release,RON,Y,No,7/29/2026 6:49:49 PM,Extended supervision,ALEXANDER,CCB,Physically in the jail,City-County Building,68,60,to 79,Null,10/5/2026 12:07:13 AM,10/5/2026 12:07:13 AM
https://www.danesheriff.com/Residents/Detail/90098455,BAIL JUMPING - MISDEMEANOR; BAIL JUMPING - FELONY; RETAIL THEFT INTENT TAKE,; ; ,6,Madison Police Department,10/3/20267:13 PM,CO Prearraignment,Felony,90098455,"October 5, 2026 at 12:07 AM",Non-Hispanic,P3C,P3C,Black,Male,Non-Hispanic,52.0,10/3/2026,50s,628315.0,01 CO Prearraignment,ANTONIO,Y,No,10/4/2026 12:13:49 AM,Pretrial,JOHNSON,PSB,Physically in the jail,Public Safety Building,2,0,to 19,Null,10/5/2026 12:07:13 AM,10/5/2026 12:07:13 AM
https://www.danesheriff.com/Residents/Detail/774828,PROBATION VIOLATION; VIO DOMESTIC ABUSE INJUNCTION,; 939.62(1)(A),8,Waunakee Police Department; Madison Police Department,9/3/20262:48 PM,P/P Violation (Hold),Misdemeanor,774828,"October 5, 2026 at 12:07 AM",Non-Hispanic,P4A,P4A,Black,Male,Non-Hispanic,19.0,9/3/2026,<20,627263.0,05 P/P Violation (Hold),SATCHELL,Y,Yes,9/3/2026 7:48:25 PM,P/P hold,MORGAN-HOLMES,PSB,Physically in the jail,Public Safety Building,32,20,to 39,Null,10/5/2026 12:07:13 AM,10/5/2026 12:07:13 AM
https://www.danesheriff.com/Residents/Detail/90104331,PAROLE VIOLATION; OPERATING WHILE INTOXICATED; OPERATING WHILE REVOKED; TAMPERING W IGNITION INTERLOCK; POSSESSION METHAMPHETAMINE; POSSESS DRUG PARAPHERNALIA,; ; ; ; ; ,6,McFarland Police Department,8/17/20263:45 AM,CO Pretrial/Prob Hold,Felony,90104331,"October 5, 2026 at 12:07 AM",Non-Hispanic,P4A,P4A,White,Male,Non-Hispanic,54.0,8/17/2026,50s,626573.0,03P CO Pretrial/Prob Hold,ANTHONY,Y,Yes,8/17/2026 8:45:13 AM,Pretrial,HOLDEN,PSB,Physically in the jail,Public Safety Building,49,40,to 59,Null,10/5/2026 12:07:13 AM,10/5/2026 12:07:13 AM
https://www.danesheriff.com/Residents/Detail/694453,RETAIL THEFT INTENT TAKE; BATTERY; DISORDERLY CONDUCT; PROBATION VIOLATION,; 973.055(1); 973.055(1); ,4,Fitchburg Police Department; Madison Police Department,10/4/20263:42 PM,CO Prearr/Probation,Misdemeanor,694453,"October 5, 2026 at 12:07 AM",Non-Hispanic,MALEDORM,MALEDORM,Black,Male,Non-Hispanic,23.0,10/4/2026,20s,628340.0,01P CO Prearr/Probation,DONTREL,Y,Yes,10/4/2026 8:42:25 PM,Pretrial,JEFFERSON,PSB,Physically in the jail,Public Safety Building,1,0,to 19,Null,10/5/2026 12:07:13 AM,10/5/2026 12:07:13 AM
https://www.danesheriff.com/Residents/Detail/90077758,DISORDERLY CONDUCT; THREAT TO CAUSE BODILY HARM TO CERTAIN INDIVIDUALS INV WITH A CRT LEGAL SYSTEM; BAIL JUMPING - FELONY; BAIL JUMPING - MISDEMEANOR; BATTERY; DISORDERLY CONDUCT; THREAT TO CAUSE BODILY HARM TO CERTAIN INDIVIDUALS INV WITH A CRT LEGAL SYSTEM; BAIL JUMPING - FELONY; RESISTING OR OBSTRUCTING; DISORDERLY CONDUCT; BAIL JUMPING - MISDEMEANOR; DISORDERLY CONDUCT; BAIL JUMPING - MISDEMEANOR,; ; ; ; ; ; ; ; ; ; ; ; ,14,Madison Police Department,10/3/20267:55 PM,CO Prearraignment,Felony,90077758,"October 5, 2026 at 12:07 AM",Non-Hispanic,FEMALEHOUSING,FEMALEHOUSING,Black,Female,Non-Hispanic,65.0,10/3/2026,60s,628317.0,01 CO Prearraignment,LAURAL,Y,No,10/4/2026 12:55:14 AM,Pretrial,GARRETTE,PSB,Physically in the jail,Public Safety Building,2,0,to 19,Null,10/5/2026 12:07:13 AM,10/5/2026 12:07:13 AM
https://www.danesheriff.com/Residents/Detail/811606,OPERATING WHILE INTOXICATED,,1,Dane County Circuit Court,9/29/20268:00 AM,Sentenced with Huber,Misdemeanor,811606,"October 5, 2026 at 12:07 AM",Non-Hispanic,CAMP,CAMP,White,Female,Non-Hispanic,27.0,9/29/2026,20s,628150.0,08 Sentenced with Huber,GABRIELLE,Y,No,9/29/2026 1:00:52 PM,Local sentence,FERKANS,DVRSN,CAMP,DVRSN,6,0,to 19,Null,10/5/2026 12:07:13 AM,10/5/2026 12:07:13 AM
https://www.danesheriff.com/Residents/Detail/333459,PROBATION VIOLATION,,1,Middleton Police Department,8/29/202611:47 AM,P/P Violation (Hold),Civil,333459,"October 5, 2026 at 12:07 AM",Non-Hispanic,P4I,P4I,Black,Male,Non-Hispanic,30.0,8/29/2026,30s,627037.0,05 P/P Violation (Hold),BEAU,Y,Yes,8/29/2026 4:47:37 PM,P/P hold,NELSON,PSB,Physically in the jail,Public Safety Building,37,20,to 39,Null,10/5/2026 12:07:13 AM,10/5/2026 12:07:13 AM
https://www.danesheriff.com/Residents/Detail/313489,PAROLE VIOLATION,,1,Probation and Parole,7/31/20263:18 PM,P/P Violation (Hold),Civil,313489,"October 5, 2026 at 12:07 AM",Non-Hispanic,IOWA,Iowa County,Black,Male,Non-Hispanic,33.0,7/31/2026,30s,625908.0,05 P/P Violation (Hold),PIERRE,Y,Yes,7/31/2026 8:18:20 PM,P/P hold,BELL WILLIAMS,OUTSIDE,Housed in other jails,Other,66,60,to 79,Null,10/5/2026 12:07:13 AM,10/5/2026 12:07:13 AM
https://www.danesheriff.com/Residents/Detail/45277,PAROLE VIOLATION,,1,Madison Police Department,9/7/20265:29 PM,P/P Violation (Hold),Civil,45277,"October 5, 2026 at 12:07 AM",Non-Hispanic,P3G,P3G,White,Female,Non-Hispanic,38.0,9/7/2026,30s,627421.0,05 P/P Violation (Hold),EMILY,Y,Yes,9/7/2026 10:29:41 PM,P/P hold,BREITZKE,PSB,Physically in the jail,Public Safety Building,28,20,to 39,Null,10/5/2026 12:07:13 AM,10/5/2026 12:07:13 AM
https://www.danesheriff.com/Residents/Detail/90097040,THREAT TO CAUSE BODILY HARM TO CERTAIN INDIVIDUALS INV WITH A CRT LEGAL SYSTEM; DISORDERLY CONDUCT; BAIL JUMPING - FELONY; BAIL JUMPING - MISDEMEANOR,; ; ; ,8,Madison Police Department,9/2/202610:54 PM,CO Pretrial,Felony,90097040,"October 5, 2026 at 12:07 AM",Non-Hispanic,6WEST,6WEST,Black,Male,Non-Hispanic,57.0,9/2/2026,50s,627234.0,03 CO Pretrial,LAMART,Y,No,9/3/2026 3:54:36 AM,Pretrial,CAMMON,CCB,Physically in the jail,City-County Building,33,20,to 39,Null,10/5/2026 12:07:13 AM,10/5/2026 12:07:13 AM
https://www.danesheriff.com/Residents/Detail/394655,2ND DEG SEX ASSAULT USE FORCE; STRANGULATION; FALSE IMPRISONMENT; INTIM VICTIM THREATEN FORCE; BATTERY; POSSESSION OF COCAINE/BASE; POSSESS DRUG PARAPHERNALIA,; ; ; ; ; ; ,7,Cottage Grove Police Dept.,10/4/20265:44 AM,CO Prearraignment,Felony,394655,"October 5, 2026 at 12:07 AM",Non-Hispanic,MALEDORM,MALEDORM,White,Male,Non-Hispanic,33.0,10/4/2026,30s,628334.0,01 CO Prearraignment,BRADLEY,Y,No,10/4/2026 10:44:26 AM,Pretrial,HENSEN,PSB,Physically in the jail,Public Safety Building,1,0,to 19,Null,10/5/2026 12:07:13 AM,10/5/2026 12:07:13 AM
https://www.danesheriff.com/Residents/Detail/716416,2ND-DEG RECKLESSLY ENDANG SAFE; CRIMINAL DAMAGE TO PROPERTY; DISORDERLY CONDUCT; RESISTING OR OBSTRUCTING; RESISTING OR OBSTRUCTING; PROBATION VIOLATION; BATTERY TO PUBLIC OFFICERS,939.63(1)(A); 939.63(1)(A); 939.63(1)(A); 939.62(1)(A); 939.63(1)(A); ; 939.32,10,Madison Police Department,8/18/20261:15 PM,P/P Violation (Hold),Felony,716416,"October 5, 2026 at 12:07 AM",Hispanic,P4I,P4I,White,Female,Hispanic,39.0,8/18/2026,30s,626636.0,05 P/P Violation (Hold),HENRRY,Y,Yes,8/18/2026 6:15:23 PM,P/P hold,FIGUEROA HERNANDEZ,PSB,Physically in the jail,Public Safety Building,48,40,to 59,Null,10/5/2026 12:07:13 AM,10/5/2026 12:07:13 AM
https://www.danesheriff.com/Residents/Detail/512951,CARRYING CONCEALED WEAPON; POSS OF FIREARM BY A FELON; PROBATION VIOLATION; THEFT; 1ST-DEG RECKLESSLY ENDANG SAFE; 1ST DEG INTENTIONAL HOMICIDE; 1ST-DEG RECKLESSLY ENDANG SAFE; 1ST-DEG RECKLESSLY ENDANG SAFE; CRIM DAMAGE PROP OVER 2500; 2ND-DEG RECKLESSLY ENDANG SAFE; CRIMINAL DAMAGE TO PROPERTY; FEDERAL OFFENSE,939.62(1)(A); 939.62(1)(B); ; 939.62(1)(A); ; ; ; ; 939.63(1)(A); ; ; ,12,Wisconsin Dept of Justice; Madison Police Department,12/11/20252:38 PM,Presentence Invest/Prob Hold,Felony,512951,"October 5, 2026 at 12:07 AM",Non-Hispanic,6WEST,6WEST,Black,Male,Non-Hispanic,20.0,12/11/2025,20s,617170.0,06PPresentence Invest/Prob Hold,DAVORIS,Y,Yes,12/11/2025 8:38:59 PM,Presentence Investigation,ANDERSON,CCB,Physically in the jail,City-County Building,298,280,to 299,Null,10/5/2026 12:07:13 AM,10/5/2026 12:07:13 AM
https://www.danesheriff.com/Residents/Detail/323337,KNOWINGLY FLEE AN OFFICER; OPERATING WHILE REVOKED; TAMPERING W IGNITION INTERLOCK; KNOWINGLY FLEE AN OFFICER; RESISTING OR OBSTRUCTING; HIT AND RUN; PROBATION VIOLATION,939.62(1)(B); 939.62(1)(A); 939.62(1)(A); ; ; ; ,7,Monona Police Department; Dane County Sheriffs Office,9/5/20264:43 PM,CO Pretrial/Prob Hold,Felony,323337,"October 5, 2026 at 12:07 AM",Non-Hispanic,P3K,P3K,Black,Male,Non-Hispanic,43.0,9/5/2026,40s,627338.0,03P CO Pretrial/Prob Hold,RICHARD,Y,Yes,9/5/2026 9:43:55 PM,Pretrial,JENKINS,PSB,Physically in the jail,Public Safety Building,30,20,to 39,Null,10/5/2026 12:07:13 AM,10/5/2026 12:07:13 AM
https://www.danesheriff.com/Residents/Detail/624416,OPERATING WHILE INTOXICATED; OPERATE WITH PROHIBITED BAC; OPERATING WHILE INTOXICATED; OPERATE WITH PROHIBITED BAC; OPERATING WHILE REVOKED; BAIL JUMPING - MISDEMEANOR; OPERATING WHILE REVOKED; TAMPERING W IGNITION INTERLOCK; OPERATING WHILE REVOKED; TAMPERING W IGNITION INTERLOCK; BAIL JUMPING - MISDEMEANOR; BAIL JUMPING - FELONY,; ; ; ; ; ; ; ; ; ; ; ,12,Sun Prairie Police Department,9/6/202612:51 AM,CO Pretrial,Felony,624416,"October 5, 2026 at 12:07 AM",Hispanic,P3A,P3A,White,Male,Hispanic,25.0,9/6/2026,20s,627361.0,03 CO Pretrial,ALEXIS,Y,No,9/6/2026 5:51:15 AM,Pretrial,BALMACEDA SOTELO,PSB,Physically in the jail,Public Safety Building,29,20,to 39,Null,10/5/2026 12:07:13 AM,10/5/2026 12:07:13 AM
https://www.danesheriff.com/Residents/Detail/781095,STALKING; PROBATION VIOLATION,; ,2,Madison Police Department; Dane County Sheriffs Office,2/10/20268:21 AM,Prob Sentence/Work Release,Felony,781095,"October 5, 2026 at 12:07 AM",Non-Hispanic,CAMP,CAMP,White,Male,Non-Hispanic,19.0,2/10/2026,<20,619337.0,09W Prob Sentence/Work Release,KAI,Y,No,2/10/2026 2:21:09 PM,Local sentence,FOSTER,DVRSN,CAMP,DVRSN,237,220,to 239,Null,10/5/2026 12:07:13 AM,10/5/2026 12:07:13 AM
https://www.danesheriff.com/Residents/Detail/90099299,DISORDERLY CONDUCT; RESISTING OR OBSTRUCTING; PROBATION VIOLATION; RESISTING OR OBSTRUCTING; DISORDERLY CONDUCT,939.63(1)(A); ; ; ; 939.63(1)(A),5,Madison Police Department,8/25/20264:01 AM,CO Pretrial,Misdemeanor,90099299,"October 5, 2026 at 12:07 AM",Non-Hispanic,7WEST,7WEST,Black,Male,Non-Hispanic,48.0,8/25/2026,40s,626877.0,03 CO Pretrial,KENNETH,Y,No,8/25/2026 9:01:32 AM,Pretrial,GARRISON,CCB,Physically in the jail,City-County Building,41,40,to 59,JR,10/5/2026 12:07:13 AM,10/5/2026 12:07:13 AM
https://www.danesheriff.com/Residents/Detail/490891,BATTERY; DISORDERLY CONDUCT; BAIL JUMPING - FELONY; 2ND-DEG RECKLESSLY ENDANG SAFE,939.62(1)(A); 939.62(1)(A); ; ,6,Columbia Co Sheriff's Office; Madison Police Department,8/25/20269:17 PM,CO Pretrial/Hold,Felony,490891,"October 5, 2026 at 12:07 AM",Non-Hispanic,7WEST,7WEST,White,Male,Non-Hispanic,28.0,8/25/2026,20s,626905.0,03H CO Pretrial/Hold,KASEY,Y,Yes,8/26/2026 2:17:30 AM,Pretrial,QUANDT,CCB,Physically in the jail,City-County Building,41,40,to 59,Null,10/5/2026 12:07:13 AM,10/5/2026 12:07:13 AM
https://www.danesheriff.com/Residents/Detail/824068,PAROLE VIOLATION,,1,Probation and Parole,6/15/202611:59 AM,P/P Violation (Hold),Civil,824068,"October 5, 2026 at 12:07 AM",Non-Hispanic,P4K,P4K,White,Male,Non-Hispanic,35.0,6/15/2026,30s,624180.0,05 P/P Violation (Hold),ANDREW,Y,Yes,6/15/2026 4:59:30 PM,P/P hold,KRIPPS,PSB,Physically in the jail,Public Safety Building,112,100,to 119,Null,10/5/2026 12:07:13 AM,10/5/2026 12:07:13 AM
https://www.danesheriff.com/Residents/Detail/359325,OPERATING WHILE INTOXICATED,,1,Dane County Circuit Court,10/3/20267:56 AM,Prob Sentence/Work Release,Misdemeanor,359325,"October 5, 2026 at 12:07 AM",Non-Hispanic,P3K,P3K,White,Male,Non-Hispanic,36.0,10/3/2026,30s,628311.0,09W Prob Sentence/Work Release,EDWARD,Y,No,10/3/2026 12:56:26 PM,Local sentence,JOHNSON,PSB,Physically in the jail,Public Safety Building,2,0,to 19,Null,10/5/2026 12:07:13 AM,10/5/2026 12:07:13 AM
https://www.danesheriff.com/Residents/Detail/510292,PAROLE VIOLATION,,1,Probation and Parole,8/19/20261:49 PM,P/P Violation (Hold),Civil,510292,"October 5, 2026 at 12:07 AM",Non-Hispanic,P3K,P3K,White,Male,Non-Hispanic,35.0,8/19/2026,30s,626667.0,05 P/P Violation (Hold),ALEXANDER,Y,Yes,8/19/2026 6:49:07 PM,P/P hold,SKANAVIS,PSB,Physically in the jail,Public Safety Building,47,40,to 59,Null,10/5/2026 12:07:13 AM,10/5/2026 12:07:13 AM
https://www.danesheriff.com/Residents/Detail/90011529,PAROLE VIOLATION,,1,Madison Police Department,7/19/20267:43 PM,P/P Violation (Hold),Civil,90011529,"October 5, 2026 at 12:07 AM",Non-Hispanic,7WEST,7WEST,White,Male,Non-Hispanic,62.0,7/19/2026,60s,625490.0,05 P/P Violation (Hold),ROBERT,Y,Yes,7/20/2026 12:43:20 AM,P/P hold,CRAPP,CCB,Physically in the jail,City-County Building,78,60,to 79,Null,10/5/2026 12:07:13 AM,10/5/2026 12:07:13 AM
https://www.danesheriff.com/Residents/Detail/148272,1ST DEG INTENTIONAL HOMICIDE,,1,Madison Police Department,1/25/20266:44 PM,CO Pretrial,Felony,148272,"October 5, 2026 at 12:07 AM",Hispanic,6WEST,6WEST,White,Male,Hispanic,68.0,1/25/2026,60s,618751.0,03 CO Pretrial,ELEODORO,Y,No,1/26/2026 12:44:06 AM,Pretrial,BAEZ,CCB,Physically in the jail,City-County Building,253,240,to 259,Null,10/5/2026 12:07:13 AM,10/5/2026 12:07:13 AM
https://www.danesheriff.com/Residents/Detail/464260,OPERATING WHILE INTOXICATED; IMMIGRATION,; ,2,"Dane County Circuit Court; Immigration/Naturalization, US",6/1/20188:26 AM,Sentenced/Outside Hold - Huber,Misdemeanor,464260,,,,,,,,,,,,,,,,,,,,,,,,,,,
https://www.danesheriff.com/Residents/Detail/806504,CARRYING CONCEALED WEAPON; BAIL JUMPING - FELONY; BAIL JUMPING - FELONY,; ; ,8,Fitchburg Police Department,9/24/20263:45 AM,CO Pretrial,Felony,806504,"October 5, 2026 at 12:07 AM",Non-Hispanic,6WEST,6WEST,Black,Male,Non-Hispanic,18.0,9/24/2026,<20,627987.0,03 CO Pretrial,DONSHAWN,Y,No,9/24/2026 8:45:49 AM,Pretrial,DAVIS,CCB,Physically in the jail,City-County Building,11,0,to 19,Null,10/5/2026 12:07:13 AM,10/5/2026 12:07:13 AM
https://www.danesheriff.com/Residents/Detail/204477,OPERATING WHILE INTOXICATED; PROBATION VIOLATION; OPERATING WHILE REVOKED; TAMPERING W IGNITION INTERLOCK,; ; ; ,4,Dane County Sheriffs Office,6/18/20266:01 PM,P/P Violation (Hold),Misdemeanor,204477,"October 5, 2026 at 12:07 AM",Non-Hispanic,P3A,P3A,White,Male,Non-Hispanic,44.0,6/18/2026,40s,624301.0,05 P/P Violation (Hold),BENJAMIN,Y,Yes,6/18/2026 11:01:53 PM,P/P hold,STUECK,PSB,Physically in the jail,Public Safety Building,109,100,to 119,Null,10/5/2026 12:07:13 AM,10/5/2026 12:07:13 AM
https://www.danesheriff.com/Residents/Detail/831592,OPERATING WHILE INTOXICATED; PROBATION VIOLATION,; ,2,Belleville Police Dept; Probation and Parole,10/4/20267:56 PM,CO Prearr/Probation,Misdemeanor,831592,"October 5, 2026 at 12:07 AM",Non-Hispanic,MALEDORM,MALEDORM,White,Male,Non-Hispanic,32.0,10/4/2026,30s,628344.0,01 CO Prearraignment,BRYAN,Y,No,10/5/2026 12:56:58 AM,Pretrial,DEUTSCH,PSB,Physically in the jail,Public Safety Building,1,0,to 19,Null,10/5/2026 12:07:13 AM,10/5/2026 12:07:13 AM
https://www.danesheriff.com/Residents/Detail/430337,RETAIL THEFT INTENT TAKE; BAIL JUMPING - FELONY; RETAIL THEFT INTENT TAKE; BAIL JUMPING - FELONY; RETAIL THEFT INTENT TAKE; RETAIL THEFT INTENT TAKE; POSSESSION OF BURGLARY TOOLS; THEFT; POSSESS DRUG PARAPHERNALIA; THEFT; CRIMINAL DAMAGE TO PROPERTY; BAIL JUMPING - FELONY; BAIL JUMPING - FELONY,; ; 939.05; ; ; 939.05; 939.62(1)(B); 939.62(1)(A); 939.62(1)(A); ; ; ; ,20,Madison Police Department; UW Madison Police Department,9/28/20264:57 PM,CO Pretrial,Felony,430337,"October 5, 2026 at 12:07 AM",Non-Hispanic,7WEST,7WEST,Black,Male,Non-Hispanic,31.0,9/28/2026,30s,628130.0,01 CO Prearraignment,MAURICE,Y,No,9/28/2026 9:57:16 PM,Pretrial,NEAL,CCB,Physically in the jail,City-County Building,7,0,to 19,Null,10/5/2026 12:07:13 AM,10/5/2026 12:07:13 AM
https://www.danesheriff.com/Residents/Detail/763474,OPERATING WHILE INTOXICATED,,1,State Patrol-District #1,10/5/20269:45 AM,Sentenced with Huber,Misdemeanor,763474,,,,,,,,,,,,,,,,,,,,,,,,,,,
https://www.danesheriff.com/Residents/Detail/803559,DISORDERLY CONDUCT; BATTERY; PROBATION VIOLATION,973.055(1); 973.055(1); ,3,Dane County Sheriffs Office,8/15/202610:31 PM,CO Pretrial/Prob Hold,Misdemeanor,803559,"October 5, 2026 at 12:07 AM",Non-Hispanic,6EAST,6EAST,White,Male,Non-Hispanic,32.0,8/15/2026,30s,626525.0,03P CO Pretrial/Prob Hold,JASON,Y,Yes,8/16/2026 3:31:22 AM,Pretrial,BRISTER,CCB,Physically in the jail,City-County Building,51,40,to 59,Null,10/5/2026 12:07:13 AM,10/5/2026 12:07:13 AM
https://www.danesheriff.com/Residents/Detail/121892,1ST-DEG RECKLESSLY ENDANG SAFE; POSS OF FIREARM BY A FELON; PAROLE VIOLATION; 1ST DEG INTENTIONAL HOMICIDE,; 939.62(1)(B); ; 939.32,4,Madison Police Department,2/21/20261:12 AM,CO Pretrial/Prob Hold,Felony,121892,"October 5, 2026 at 12:07 AM",Non-Hispanic,7WEST,7WEST,Black,Male,Non-Hispanic,39.0,2/21/2026,30s,619750.0,03P CO Pretrial/Prob Hold,TERRANCE,Y,Yes,2/21/2026 7:12:30 AM,Pretrial,BUCHANAN,CCB,Physically in the jail,City-County Building,226,220,to 239,II,10/5/2026 12:07:13 AM,10/5/2026 12:07:13 AM
https://www.danesheriff.com/Residents/Detail/93009093,DISORDERLY CONDUCT; BAIL JUMPING - FELONY; BATTERY TO CERTAIN INDIVIDUALS INVOLVED WITH A COURT OR LEGAL SYSTEM; RESISTING OR OBSTRUCTING; DISORDERLY CONDUCT,; ; 939.32; ; ,5,Madison Police Department,7/30/20261:35 PM,CO Pretrial,Felony,93009093,"October 5, 2026 at 12:07 AM",Non-Hispanic,6WEST,6WEST,White,Female,Non-Hispanic,57.0,7/30/2026,50s,625865.0,03 CO Pretrial,SHELLY,Y,No,7/30/2026 6:35:23 PM,Pretrial,SEAY,CCB,Physically in the jail,City-County Building,67,60,to 79,Null,10/5/2026 12:07:13 AM,10/5/2026 12:07:13 AM
https://www.danesheriff.com/Residents/Detail/499490,PROBATION VIOLATION; OPERATING WHILE INTOXICATED; BAIL JUMPING - MISDEMEANOR; OPERATE WITH CONTROLLED SUBS; OPERATE WITH CONTROLLED SUBS,; ; ; ; ,5,Dane County Sheriffs Office; Probation and Parole,8/14/20264:50 PM,CO Pretrial/Prob Hold,Misdemeanor,499490,"October 5, 2026 at 12:07 AM",Non-Hispanic,6EAST,6EAST,Black,Male,Non-Hispanic,33.0,8/14/2026,30s,626486.0,03P CO Pretrial/Prob Hold,ALI,Y,Yes,8/14/2026 9:50:27 PM,Pretrial,BARRY,CCB,Physically in the jail,City-County Building,52,40,to 59,Null,10/5/2026 12:07:13 AM,10/5/2026 12:07:13 AM
https://www.danesheriff.com/Residents/Detail/742810,ID THEFT; THEFT,939.05; ,5,Madison Police Department,10/2/20265:40 PM,CO Prearraignment,Felony,742810,"October 5, 2026 at 12:07 AM",Non-Hispanic,P3C,P3C,Black,Male,Non-Hispanic,21.0,10/2/2026,20s,628292.0,01 CO Prearraignment,TYSHAWN,Y,No,10/2/2026 10:40:36 PM,Pretrial,BROWN,PSB,Physically in the jail,Public Safety Building,3,0,to 19,Null,10/5/2026 12:07:13 AM,10/5/2026 12:07:13 AM
https://www.danesheriff.com/Residents/Detail/90098947,PROBATION VIOLATION,,1,Probation and Parole,4/13/202611:54 AM,P/P Violation (Hold),Civil,90098947,"October 5, 2026 at 12:07 AM",Non-Hispanic,P3E,P3E,White,Male,Non-Hispanic,52.0,4/13/2026,50s,621725.0,05 P/P Violation (Hold),ADAM,Y,Yes,4/13/2026 4:54:13 PM,P/P hold,MCINTYRE,PSB,Physically in the jail,Public Safety Building,175,160,to 179,Null,10/5/2026 12:07:13 AM,10/5/2026 12:07:13 AM
https://www.danesheriff.com/Residents/Detail/62096,1ST SEX ASSAULT CHILD W/O GBH; SEXUAL EXPLOITATION OF A CHILD; REPEATED SEXUAL ASSAULT OF SAME CHILD (AT LEAST 3 VIOLATIONS OF 1ST DEGREE SEXUAL ASSAULT); REP 2ND SEX ASSLT SAME CHILD; EXPOSE CHILD HARMFUL MATERIAL; POSSESS CHILD PORNOGRAPHY,; ; ; 948.025; ; ,12,Marshall Police Department; Dane County Sheriffs Office,4/9/202512:31 AM,CO Pretrial,Felony,62096,"October 5, 2026 at 12:07 AM",Non-Hispanic,7WEST,7WEST,White,Male,Non-Hispanic,40.0,4/9/2025,40s,608410.0,03 CO Pretrial,JOSHUA,Y,No,4/9/2025 5:31:31 AM,Pretrial,FROHMADER,CCB,Physically in the jail,City-County Building,544,300+,,Null,10/5/2026 12:07:13 AM,10/5/2026 12:07:13 AM
https://www.danesheriff.com/Residents/Detail/826547,BAIL JUMPING - FELONY; EXTRADITION,; ,2,Madison Police Department,7/28/20267:01 PM,CO Pretrial/Hold,Felony,826547,"October 5, 2026 at 12:07 AM",Hispanic,7WEST,7WEST,White,Male,Hispanic,37.0,7/28/2026,30s,625798.0,03H CO Pretrial/Hold,DAVID,Y,Yes,7/29/2026 12:01:36 AM,Pretrial,GARCIA,CCB,Physically in the jail,City-County Building,69,60,to 79,Null,10/5/2026 12:07:13 AM,10/5/2026 12:07:13 AM
https://www.danesheriff.com/Residents/Detail/732558,BATTERY; DISORDERLY CONDUCT; PHYSICAL ABUSE OF A CHILD; BAIL JUMPING - FELONY; POS/LSD/PSILOCIN/AMPHETAMINE; CRIMINAL DAMAGE TO PROPERTY; DISORDERLY CONDUCT; BAIL JUMPING - FELONY; BAIL JUMPING - FELONY; DISORDERLY CONDUCT; BAIL JUMPING - FELONY; PHYSICAL ABUSE OF A CHILD; DISORDERLY CONDUCT; CRIMINAL DAMAGE TO PROPERTY; BAIL JUMPING - FELONY; EXTRADITION,973.055(1); 973.055(1); ; ; ; 973.055(1); 973.055(1); 973.055(1); ; 973.055(1); 973.055(1); ; ; ; ; ,19,Dane County Sheriffs Office,7/16/20266:39 PM,CO Pretrial/Hold,Felony,732558,"October 5, 2026 at 12:07 AM",Non-Hispanic,P3K,P3K,Black,Male,Non-Hispanic,35.0,7/16/2026,30s,625362.0,03H CO Pretrial/Hold,JAMES,Y,Yes,7/16/2026 11:39:16 PM,Pretrial,YANCEY,PSB,Physically in the jail,Public Safety Building,81,80,to 99,Null,10/5/2026 12:07:13 AM,10/5/2026 12:07:13 AM
https://www.danesheriff.com/Residents/Detail/617028,DISORDERLY CONDUCT; BAIL JUMPING - FELONY; BAIL JUMPING - MISDEMEANOR; FLEEING AN OFFICER; BAIL JUMPING - FELONY; ROBBERY WITH USE OF FORCE; RETAIL THEFT INTENT TAKE; RETAIL THEFT INTENT TAKE; RETAIL THEFT INTENT TAKE; ROBBERY WITH THREAT OF FORCE; ROBBERY WITH THREAT OF FORCE; KNOWINGLY FLEE AN OFFICER; DISORDERLY CONDUCT; ROBBERY WITH THREAT OF FORCE,939.63(1)(A); ; ; ; ; 939.62(1)(B); 939.62(1)(A); 939.62(1)(A); 939.62(1)(B); 939.62(1)(C); 939.62(1)(C); 939.62(1)(B); 939.62(1)(A); ,20,Dane County Circuit Court; Madison Police Department; Dane County Sheriffs Office,5/5/202611:44 AM,Prob Sentence/Work Release,Felony,617028,"October 5, 2026 at 12:07 AM",Non-Hispanic,CAMP,CAMP,Black,Male,Non-Hispanic,22.0,5/5/2026,20s,622556.0,09W Prob Sentence/Work Release,DEMETRIUS,Y,No,5/5/2026 4:44:43 PM,Local sentence,LLOYD,DVRSN,CAMP,DVRSN,153,140,to 159,Null,10/5/2026 12:07:13 AM,10/5/2026 12:07:13 AM
https://www.danesheriff.com/Residents/Detail/93600,POSSESS CHILD PORNOGRAPHY,,11,Madison Police Department,3/19/20262:55 PM,CO Pretrial,Felony,93600,"October 5, 2026 at 12:07 AM",Non-Hispanic,7WEST,7WEST,Black,Male,Non-Hispanic,42.0,3/19/2026,40s,620771.0,03 CO Pretrial,TREMAIN,Y,No,3/19/2026 7:55:00 PM,Pretrial,PURSLEY,CCB,Physically in the jail,City-County Building,200,200,to 219,Null,10/5/2026 12:07:13 AM,10/5/2026 12:07:13 AM
https://www.danesheriff.com/Residents/Detail/827796,BURGLARY BATTERY ON PERSON; BATTERY; DISORDERLY CONDUCT; THEFT; BAIL JUMPING - FELONY; BAIL JUMPING - MISDEMEANOR; THEFT; STRANGULATION; CRIMINAL DAMAGE TO PROPERTY; PANDERING PIMPING; BAIL JUMPING - FELONY; CONTEMPT OF COURT PUN SANCTION; INTIM VICTIM USE ATT FORCE; OPERATING WHILE REVOKED,939.63(1)(A); 973.055(1); 973.055(1); ; ; 973.055(1); 939.05; 973.055(1); 973.055(1); ; ; ; ; ,18,Madison Police Department,8/9/20264:53 PM,CO Pretrial,Felony,827796,"October 5, 2026 at 12:07 AM",Non-Hispanic,P4I,P4I,White,Male,Non-Hispanic,45.0,8/9/2026,40s,626275.0,03 CO Pretrial,CHAD,Y,No,8/9/2026 9:53:48 PM,Pretrial,GERUE,PSB,Physically in the jail,Public Safety Building,57,40,to 59,Null,10/5/2026 12:07:13 AM,10/5/2026 12:07:13 AM
https://www.danesheriff.com/Residents/Detail/598391,PROBATION VIOLATION; BURGLARY BUILDING OR DWELLING; THEFT,; ; ,4,Fitchburg Police Department; Probation and Parole,9/22/202611:43 AM,CO Prearr/Probation,Felony,598391,"October 5, 2026 at 12:07 AM",Hispanic,P4C,P4C,White,Male,Hispanic,23.0,9/22/2026,20s,627924.0,01P CO Prearr/Probation,JOSUE,Y,Yes,9/22/2026 4:43:50 PM,Pretrial,ACOSTA-VILLA,PSB,Physically in the jail,Public Safety Building,13,0,to 19,Null,10/5/2026 12:07:13 AM,10/5/2026 12:07:13 AM
https://www.danesheriff.com/Residents/Detail/765811,DISORDERLY CONDUCT; BATTERY; RESISTING OR OBSTRUCTING; BAIL JUMPING - FELONY; BATTERY TO PUBLIC OFFICERS; PROBATION VIOLATION; EXTENDED SUPERVISION SANCTIONS,; ; ; ; 939.32; ; ,7,Madison Police Department,9/19/20264:44 AM,E.S. Sanct w/out work release,Felony,765811,"October 5, 2026 at 12:07 AM",Hispanic,P4K,P4K,White,Male,Hispanic,21.0,9/19/2026,20s,627828.0,22 E.S. Sanct w/out wrk release,ANGEL,Y,No,9/19/2026 9:44:32 AM,Extended supervision,REYES GAYTAN,PSB,Physically in the jail,Public Safety Building,16,0,to 19,Null,10/5/2026 12:07:13 AM,10/5/2026 12:07:13 AM
https://www.danesheriff.com/Residents/Detail/757709,THREAT INJ ACCUSE OF CRIME; BATTERY; DISORDERLY CONDUCT; RESISTING OR OBSTRUCTING; BAIL JUMPING - MISDEMEANOR,; ; ; ; ,5,Monona Police Department,10/2/20268:22 PM,CO Prearraignment,Misdemeanor,757709,"October 5, 2026 at 12:07 AM",Non-Hispanic,FEMALEHOUSING,FEMALEHOUSING,White,Female,Non-Hispanic,20.0,10/2/2026,20s,628298.0,01 CO Prearraignment,MALAYA,Y,No,10/3/2026 1:22:33 AM,Pretrial,TRAVIS,PSB,Physically in the jail,Public Safety Building,3,0,to 19,Null,10/5/2026 12:07:13 AM,10/5/2026 12:07:13 AM
https://www.danesheriff.com/Residents/Detail/810506,OPERATING WHILE INTOXICATED; OPERATING WHILE INTOXICATED,; ,2,Dane County Sheriffs Office,9/22/20263:08 PM,Prob Sentence/Work Release,Misdemeanor,810506,"October 5, 2026 at 12:07 AM",Non-Hispanic,P4C,P4C,Black,Male,Non-Hispanic,46.0,9/22/2026,40s,627929.0,09W Prob Sentence/Work Release,ZAKARIYAH,Y,No,9/22/2026 8:08:17 PM,Local sentence,SALAHADYN,PSB,Physically in the jail,Public Safety Building,13,0,to 19,Null,10/5/2026 12:07:13 AM,10/5/2026 12:07:13 AM
https://www.danesheriff.com/Residents/Detail/90100554,OPERATING WHILE INTOXICATED; OPERATING WHILE INTOXICATED,; ,2,Dane County Sheriffs Office,9/22/20254:33 PM,CO Pretrial,Misdemeanor,90100554,,,,,,,,,,,,,,,,,,,,,,,,,,,
https://www.danesheriff.com/Residents/Detail/790196,USE OC TO CAUSE HARM; BATTERY,; 973.055(1),2,Dane County Circuit Court,6/29/20269:43 AM,Sentenced with Huber,Misdemeanor,790196,,,,,,,,,,,,,,,,,,,,,,,,,,,
https://www.danesheriff.com/Residents/Detail/93218764,PAROLE VIOLATION,,1,Madison Police Department,8/31/202612:38 PM,P/P Violation (Hold),Civil,93218764,"October 5, 2026 at 12:07 AM",Non-Hispanic,P3A,P3A,White,Male,Non-Hispanic,42.0,8/31/2026,40s,627112.0,05 P/P Violation (Hold),PRENTICE,Y,Yes,8/31/2026 5:38:27 PM,P/P hold,KILGORE,PSB,Physically in the jail,Public Safety Building,35,20,to 39,Null,10/5/2026 12:07:13 AM,10/5/2026 12:07:13 AM
https://www.danesheriff.com/Residents/Detail/684399,PROBATION VIOLATION; KNOWINGLY FLEE AN OFFICER; 2ND-DEG RECKLESSLY ENDANG SAFE,; 939.62(1)(B); 939.62(1)(B),3,Monona Police Department,1/10/202610:37 PM,CO Pretrial/Prob Hold,Felony,684399,"October 5, 2026 at 12:07 AM",Non-Hispanic,P4A,P4A,White,Male,Non-Hispanic,22.0,1/10/2026,20s,618256.0,03P CO Pretrial/Prob Hold,OWEN,Y,Yes,1/11/2026 4:37:23 AM,Pretrial,HASKINS,PSB,Physically in the jail,Public Safety Building,268,260,to 279,Null,10/5/2026 12:07:13 AM,10/5/2026 12:07:13 AM
https://www.danesheriff.com/Residents/Detail/93173800,PROBATION VIOLATION; DISORDERLY CONDUCT; POSSESS NARCOTIC/ANALOG,; 939.62(1)(A); 939.05,3,Dane County Sheriffs Office,7/27/202612:27 PM,Sentenced with Huber,Felony,93173800,"October 5, 2026 at 12:07 AM",Non-Hispanic,CAMP,CAMP,White,Female,Non-Hispanic,44.0,7/27/2026,40s,625755.0,08 Sentenced with Huber,FAITH,Y,No,7/27/2026 5:27:04 PM,Local sentence,WALKER,DVRSN,CAMP,DVRSN,70,60,to 79,Null,10/5/2026 12:07:13 AM,10/5/2026 12:07:13 AM
https://www.danesheriff.com/Residents/Detail/257363,OPERATING WHILE INTOXICATED,,1,Dane County Sheriffs Office,9/10/20261:31 PM,Sentenced with Huber,Misdemeanor,257363,"October 5, 2026 at 12:07 AM",Non-Hispanic,CAMP,CAMP,White,Female,Non-Hispanic,38.0,9/10/2026,30s,627525.0,08 Sentenced with Huber,SUSAN,Y,No,9/10/2026 6:31:54 PM,Local sentence,BRODERICK BUELL,DVRSN,CAMP,DVRSN,25,20,to 39,Null,10/5/2026 12:07:13 AM,10/5/2026 12:07:13 AM
https://www.danesheriff.com/Residents/Detail/614498,1ST DEG INTENTIONAL HOMICIDE; POSS OF FIREARM BY A FELON; DISORDERLY CONDUCT; POSS OF FIREARM BY A FELON,; ; 939.63(1)(A); ,4,Madison Police Department,3/23/20267:25 PM,CO Pretrial,Felony,614498,"October 5, 2026 at 12:07 AM",Non-Hispanic,6WEST,6WEST,Black,Female,Non-Hispanic,32.0,3/23/2026,30s,620941.0,03 CO Pretrial,DIAMOND,Y,No,3/24/2026 12:25:33 AM,Pretrial,WALLACE,CCB,Physically in the jail,City-County Building,196,180,to 199,Null,10/5/2026 12:07:13 AM,10/5/2026 12:07:13 AM
https://www.danesheriff.com/Residents/Detail/782613,STRANGULATION; SUBSTANTIAL BATTERY; DISORDERLY CONDUCT,; ; ,3,Madison Police Department,9/8/20261:42 AM,CO Pretrial,Felony,782613,"October 5, 2026 at 12:07 AM",Non-Hispanic,P4E,P4E,Black,Male,Non-Hispanic,50.0,9/8/2026,50s,627433.0,03 CO Pretrial,RICCO,Y,No,9/8/2026 6:42:12 AM,Pretrial,YOUNG,PSB,Physically in the jail,Public Safety Building,27,20,to 39,Null,10/5/2026 12:07:13 AM,10/5/2026 12:07:13 AM
https://www.danesheriff.com/Residents/Detail/90095638,KNOWINGLY FLEE AN OFFICER; OPERATING WHILE INTOXICATED; OPERATE AFTER REVOCATION; RESISTING OR OBSTRUCTING; BATTERY; OPERATE W/O VALID LICENSE; KNOWINGLY FLEE AN OFFICER; OPERATING WHILE INTOXICATED; BATTERY; RESISTING OR OBSTRUCTING; BATTERY,; ; ; ; ; ; ; ; ; ; ,11,Madison Police Department,11/20/19945:15 AM,Prob Sentence/Work Release,Felony,90095638,,,,,,,,,,,,,,,,,,,,,,,,,,,
https://www.danesheriff.com/Residents/Detail/91124594,KNOWINGLY FLEE AN OFFICER; PROBATION VIOLATION; DISORDERLY CONDUCT; DISORDERLY CONDUCT; EXTRADITION; BATTERY BY PRISONERS,; ; 973.055(1); 973.055(1); ; ,6,Monona Police Department; Dane County Sheriffs Office,6/24/20264:45 PM,CO Pretrial/Hold,Felony,91124594,"October 5, 2026 at 12:07 AM",Non-Hispanic,7WEST,7WEST,Black,Male,Non-Hispanic,53.0,6/24/2026,50s,624507.0,03H CO Pretrial/Hold,SAMUEL,Y,Yes,6/24/2026 9:45:58 PM,Pretrial,CLINE,CCB,Physically in the jail,City-County Building,103,100,to 119,JR,10/5/2026 12:07:13 AM,10/5/2026 12:07:13 AM
https://www.danesheriff.com/Residents/Detail/89401264,BATTERY; DISORDERLY CONDUCT; DISORDERLY CONDUCT; BAIL JUMPING - MISDEMEANOR; FALSE IMPRISONMENT; BATTERY; DISORDERLY CONDUCT; BAIL JUMPING - MISDEMEANOR; CONTEMPT OF COURT DISOBEY ORDR; BATTERY; DISORDERLY CONDUCT; DISORDERLY CONDUCT; BATTERY; PHYSICAL ABUSE OF A CHILD; BURGLARY BUILDING OR DWELLING; BAIL JUMPING - FELONY; BAIL JUMPING - FELONY; 2ND SEX ASSAULT SEX ORGAN INJ; FALSE IMPRISONMENT; DISORDERLY CONDUCT; BAIL JUMPING - MISDEMEANOR; CONTEMPT OF COURT DISOBEY ORDR; CONTEMPT OF COURT DISOBEY ORDR; BAIL JUMPING - MISDEMEANOR; BAIL JUMPING - FELONY; BAIL JUMPING - MISDEMEANOR; CONTEMPT OF COURT DISOBEY ORDR,973.055(1); 973.055(1); ; 973.055(1); 973.055(1); 973.055(1); 973.055(1); ; ; 973.055(1); 973.055(1); ; 973.055(1); ; 973.055(1); 973.055(1); ; 973.055(1); 973.055(1); 973.055(1); 973.055(1); ; ; ; ; ; ,44,Dane County Circuit Court; Fitchburg Police Department; Madison Police Department; Dane County Sheriffs Office,2/2/20266:00 PM,State Resident Intransit,Felony,89401264,"October 5, 2026 at 12:07 AM",Non-Hispanic,P4I,P4I,Black,Male,Non-Hispanic,42.0,2/2/2026,40s,619038.0,13 State Resident Intransit,MELVIN,Y,No,2/3/2026 12:00:48 AM,State resident,GRAHAM-JACKSON,PSB,Physically in the jail,Public Safety Building,245,240,to 259,Null,10/5/2026 12:07:13 AM,10/5/2026 12:07:13 AM
https://www.danesheriff.com/Residents/Detail/403345,PAROLE VIOLATION; RESISTING OR OBSTRUCTING; SEX REGISTRY VIOLATION,; 939.62(1)(A); ,3,Deforest Police Department; Wisconsin Dept of Justice; Probation and Parole,5/22/20262:26 PM,P/P Violation (Hold),Felony,403345,"October 5, 2026 at 12:07 AM",Non-Hispanic,P3K,P3K,White,Male,Non-Hispanic,31.0,5/22/2026,30s,623217.0,05 P/P Violation (Hold),JOESPH,Y,Yes,5/22/2026 7:26:32 PM,P/P hold,HUBBARD,PSB,Physically in the jail,Public Safety Building,136,120,to 139,Null,10/5/2026 12:07:13 AM,10/5/2026 12:07:13 AM
https://www.danesheriff.com/Residents/Detail/90028702,CAUSE INJURY BY OWI,,1,Madison Police Department,9/9/20268:22 AM,Sentenced with Huber,Misdemeanor,90028702,"October 5, 2026 at 12:07 AM",Non-Hispanic,CAMP,CAMP,White,Male,Non-Hispanic,62.0,9/9/2026,60s,627485.0,08 Sentenced with Huber,BRIAN,Y,No,9/9/2026 1:22:40 PM,Local sentence,HINZMAN,DVRSN,CAMP,DVRSN,26,20,to 39,Null,10/5/2026 12:07:13 AM,10/5/2026 12:07:13 AM
https://www.danesheriff.com/Residents/Detail/420624,POSS OF FIREARM BY A FELON,,1,Dane County Sheriffs Office,9/3/202612:55 PM,CO Pretrial,Felony,420624,"October 5, 2026 at 12:07 AM",Hispanic,P3K,P3K,White,Male,Hispanic,30.0,9/3/2026,30s,627260.0,03 CO Pretrial,EDWILL,Y,No,9/3/2026 5:55:54 PM,Pretrial,MIRANDA,PSB,Physically in the jail,Public Safety Building,32,20,to 39,Null,10/5/2026 12:07:13 AM,10/5/2026 12:07:13 AM
https://www.danesheriff.com/Residents/Detail/542329,RESIST OR OBSTRUCT OFFICER; RESISTING OR OBSTRUCTING; PROBATION VIOLATION; BATTERY; DISORDERLY CONDUCT; CRIMINAL TRESPASS TO DWELLING; CRIMINAL DAMAGE TO PROPERTY,; ; ; ; ; ; ,8,Madison Police Department,5/28/20267:32 PM,Sentenced Huber Revoked,Misdemeanor,542329,"October 5, 2026 at 12:07 AM",Non-Hispanic,6WEST,6WEST,Black,Female,Non-Hispanic,50.0,5/28/2026,50s,623464.0,08V Sentenced Huber Revoked,CENTORIA,Y,No,5/29/2026 12:32:18 AM,Local sentence,LEE,CCB,Physically in the jail,City-County Building,130,120,to 139,Null,10/5/2026 12:07:13 AM,10/5/2026 12:07:13 AM
https://www.danesheriff.com/Residents/Detail/486733,PAROLE VIOLATION; LEWD LASCIVIOUS BEHAVIOR EXPOS,; 939.62(1)(A),2,Dane County Sheriffs Office; Probation and Parole,8/7/202611:41 AM,CO Pretrial/Prob Hold,Misdemeanor,486733,"October 5, 2026 at 12:07 AM",Non-Hispanic,7WEST,7WEST,Black,Male,Non-Hispanic,33.0,8/7/2026,30s,626196.0,03P CO Pretrial/Prob Hold,ANTOINE,Y,Yes,8/7/2026 4:41:14 PM,Pretrial,BUCHANON,CCB,Physically in the jail,City-County Building,59,40,to 59,Null,10/5/2026 12:07:13 AM,10/5/2026 12:07:13 AM
https://www.danesheriff.com/Residents/Detail/165363,TRESPASS TO LAND; BAIL JUMPING - MISDEMEANOR; POSSESS DRUG PARAPHERNALIA; BATTERY BY PRISONERS,; ; ; ,4,Madison Police Department; Dane County Sheriffs Office,5/28/20256:01 PM,CO Pretrial,Felony,165363,"October 5, 2026 at 12:07 AM",Non-Hispanic,6WEST,6WEST,Black,Female,Non-Hispanic,39.0,5/28/2025,30s,610165.0,03 CO Pretrial,KARINA,Y,No,5/28/2025 11:01:34 PM,Pretrial,SHERMAN,CCB,Physically in the jail,City-County Building,495,300+,,Null,10/5/2026 12:07:13 AM,10/5/2026 12:07:13 AM
https://www.danesheriff.com/Residents/Detail/324008,1ST DEG INTENTIONAL HOMICIDE; 1ST DEG INTENTIONAL HOMICIDE; 1ST DEG INTENTIONAL HOMICIDE,939.05; 939.05; 939.05,3,Madison Police Department,11/20/20252:02 PM,CO Pretrial,Felony,324008,"October 5, 2026 at 12:07 AM",Non-Hispanic,7WEST,7WEST,Black,Male,Non-Hispanic,35.0,11/20/2025,30s,616465.0,03 CO Pretrial,JORDAN,Y,No,11/20/2025 8:02:14 PM,Pretrial,SHARLOW,CCB,Physically in the jail,City-County Building,319,300+,,SR,10/5/2026 12:07:13 AM,10/5/2026 12:07:13 AM
https://www.danesheriff.com/Residents/Detail/578570,PAROLE VIOLATION,,1,Probation and Parole,8/27/20261:35 PM,P/P Violation (Hold),Civil,578570,"October 5, 2026 at 12:07 AM",Non-Hispanic,P4A,P4A,Black,Male,Non-Hispanic,32.0,8/27/2026,30s,626963.0,05 P/P Violation (Hold),JAMAL,Y,Yes,8/27/2026 6:35:56 PM,P/P hold,QUEEN,PSB,Physically in the jail,Public Safety Building,39,20,to 39,Null,10/5/2026 12:07:13 AM,10/5/2026 12:07:13 AM
https://www.danesheriff.com/Residents/Detail/576285,RESISTING OR OBSTRUCTING; PROBATION VIOLATION; BATTERY; DISORDERLY CONDUCT; CRIMINAL DAMAGE TO PROPERTY; OPERATING WHILE INTOXICATED; OPERATE WITH PROHIBITED BAC; OPERATING WHILE REVOKED,; ; 973.055(1); 973.055(1); 973.055(1); ; ; ,8,Maple Bluff Police Department; Madison Police Department,8/10/20261:28 AM,CO Pretrial/Prob Hold,Misdemeanor,576285,"October 5, 2026 at 12:07 AM",Non-Hispanic,P4A,P4A,Black,Male,Non-Hispanic,28.0,8/10/2026,20s,626287.0,03P CO Pretrial/Prob Hold,TIMOTHY,Y,Yes,8/10/2026 6:28:17 AM,Pretrial,ARMOUR,PSB,Physically in the jail,Public Safety Building,56,40,to 59,JR,10/5/2026 12:07:13 AM,10/5/2026 12:07:13 AM
https://www.danesheriff.com/Residents/Detail/561159,OPERATING WHILE INTOXICATED,,1,Dane County Circuit Court,7/17/20269:19 AM,Sentenced with Huber,Misdemeanor,561159,"October 5, 2026 at 12:07 AM",Hispanic,CAMP,CAMP,White,Male,Hispanic,43.0,7/17/2026,40s,625400.0,08 Sentenced with Huber,JOSE,Y,No,7/17/2026 2:19:35 PM,Local sentence,GARCIA ESCOBAR,DVRSN,CAMP,DVRSN,80,80,to 99,Null,10/5/2026 12:07:13 AM,10/5/2026 12:07:13 AM
https://www.danesheriff.com/Residents/Detail/642167,BATTERY TO CERTAIN INDIVIDUALS INVOLVED WITH A COURT OR LEGAL SYSTEM; PROBATION VIOLATION; BATT/THREAT LAW ENFORC JUDGE PROSEC; BATTERY TO PUBLIC OFFICERS,; ; ; ,4,Madison Police Department,8/31/20266:24 PM,CO Pretrial,Felony,642167,"October 5, 2026 at 12:07 AM",Non-Hispanic,7WEST,7WEST,Black,Male,Non-Hispanic,22.0,8/31/2026,20s,627128.0,03 CO Pretrial,QUINTIN,Y,No,8/31/2026 11:24:04 PM,Pretrial,SMITH,CCB,Physically in the jail,City-County Building,35,20,to 39,Null,10/5/2026 12:07:13 AM,10/5/2026 12:07:13 AM
https://www.danesheriff.com/Residents/Detail/57440,FORGERY UTTERING; FORGERY UTTERING; ISS WORTHLESS CHKS OVER 2500,; ; ,3,Dane County Circuit Court,3/26/202612:37 PM,Prob Sentence/Work Release,Felony,57440,"October 5, 2026 at 12:07 AM",Non-Hispanic,CAMP,CAMP,Black,Male,Non-Hispanic,57.0,3/26/2026,50s,621054.0,09W Prob Sentence/Work Release,ARY,Y,No,3/26/2026 5:37:01 PM,Local sentence,JONES,DVRSN,CAMP,DVRSN,193,180,to 199,Null,10/5/2026 12:07:13 AM,10/5/2026 12:07:13 AM
https://www.danesheriff.com/Residents/Detail/410412,DISORDERLY CONDUCT; RESISTING OR OBSTRUCTING; BATTERY TO CERTAIN INDIVIDUALS INVOLVED WITH A COURT OR LEGAL SYSTEM; IMMIGRATION,939.63(1)(A); ; 939.32; ,4,"Madison Police Department; Immigration/Naturalization, US",9/4/202611:59 PM,CO Pretrial,Misdemeanor,410412,"October 5, 2026 at 12:07 AM",Hispanic,7WEST,7WEST,White,Male,Hispanic,45.0,9/4/2026,40s,627320.0,03 CO Pretrial,DENNIS,Y,No,9/5/2026 4:59:27 AM,Pretrial,GARCIA,CCB,Physically in the jail,City-County Building,31,20,to 39,Null,10/5/2026 12:07:13 AM,10/5/2026 12:07:13 AM
https://www.danesheriff.com/Residents/Detail/649539,THEFT; BAIL JUMPING - FELONY; THEFT; RETAIL THEFT INTENT TAKE; BAIL JUMPING - FELONY; BAIL JUMPING - FELONY; RETAIL THEFT INTENT TAKE,939.62(1)(B); 939.62(1)(B); 939.62(1)(A); 939.62(1)(B); ; 939.62; 939.62(1)(B),16,Madison Police Department,8/31/20263:40 AM,CO Pretrial,Felony,649539,"October 5, 2026 at 12:07 AM",Non-Hispanic,P3E,P3E,White,Male,Non-Hispanic,23.0,8/31/2026,20s,627093.0,03 CO Pretrial,MELVIN,Y,No,8/31/2026 8:40:09 AM,Pretrial,JACKSON,PSB,Physically in the jail,Public Safety Building,35,20,to 39,JR,10/5/2026 12:07:13 AM,10/5/2026 12:07:13 AM
https://www.danesheriff.com/Residents/Detail/41204,MAYHEM; BATTERY; DISORDERLY CONDUCT; PROBATION VIOLATION; BATTERY; DISORDERLY CONDUCT,939.32; 973.055(1); 973.055(1); ; 973.055(1); 973.055(1),6,Madison Police Department,1/22/20266:42 PM,Sentenced with Huber,Felony,41204,"October 5, 2026 at 12:07 AM",Non-Hispanic,CAMP,CAMP,Black,Male,Non-Hispanic,48.0,1/22/2026,40s,618672.0,08 Sentenced with Huber,JOSEF,Y,No,1/23/2026 12:42:58 AM,Local sentence,DALE,DVRSN,CAMP,DVRSN,256,240,to 259,Null,10/5/2026 12:07:13 AM,10/5/2026 12:07:13 AM
https://www.danesheriff.com/Residents/Detail/12641,THEFT PROP LESS THAN $2500; ENTRY INTO LOCKED VEHICLE,; ,2,UW Madison Police Department,3/23/20015:20 PM,Sentenced with Huber,Misdemeanor,12641,,,,,,,,,,,,,,,,,,,,,,,,,,,
https://www.danesheriff.com/Residents/Detail/316584,PAROLE VIOLATION,,1,Probation and Parole,7/6/20263:52 PM,P/P Violation (Hold),Civil,316584,"October 5, 2026 at 12:07 AM",Non-Hispanic,P4C,P4C,Black,Male,Non-Hispanic,35.0,7/6/2026,30s,624970.0,05 P/P Violation (Hold),MARCEL,Y,Yes,7/6/2026 8:52:53 PM,P/P hold,SCOTT,PSB,Physically in the jail,Public Safety Building,91,80,to 99,Null,10/5/2026 12:07:13 AM,10/5/2026 12:07:13 AM
https://www.danesheriff.com/Residents/Detail/734935,PROBATION VIOLATION; NEGLECTING A CHILD SPECIFIED HARM DID NOT OCCUR,; ,2,Probation and Parole,8/21/202611:52 AM,Presentence Invest,Felony,734935,"October 5, 2026 at 12:07 AM",Non-Hispanic,P3A,P3A,White,Male,Non-Hispanic,39.0,8/21/2026,30s,626744.0,06 Presentence Invest,BRENTON,Y,No,8/21/2026 4:52:52 PM,Presentence Investigation,SEVERSON,PSB,Physically in the jail,Public Safety Building,45,40,to 59,Null,10/5/2026 12:07:13 AM,10/5/2026 12:07:13 AM
https://www.danesheriff.com/Residents/Detail/518544,OPERATING WHILE INTOXICATED,,1,Dane County Sheriffs Office,12/12/202510:42 AM,Sentenced with Huber,Misdemeanor,518544,,,,,,,,,,,,,,,,,,,,,,,,,,,
https://www.danesheriff.com/Residents/Detail/90011583,DISORDERLY CONDUCT; RESIST OR OBSTRUCT OFFICER; POSSESS DRUG PARAPHERNALIA; PAROLE VIOLATION,973.055(1); ; ; ,4,Madison Police Department,7/31/20269:20 PM,P/P Violation (Hold),Misdemeanor,90011583,"October 5, 2026 at 12:07 AM",Non-Hispanic,7WEST,7WEST,Black,Male,Non-Hispanic,66.0,7/31/2026,60s,625917.0,05 P/P Violation (Hold),TOMMIE,Y,Yes,8/1/2026 2:20:47 AM,P/P hold,CRAWFORD,CCB,Physically in the jail,City-County Building,66,60,to 79,Null,10/5/2026 12:07:13 AM,10/5/2026 12:07:13 AM
https://www.danesheriff.com/Residents/Detail/234204,KNOWINGLY FLEE AN OFFICER; RESISTING OR OBSTRUCTING; BAIL JUMPING - FELONY; POSSESS DRUG PARAPHERNALIA; BAIL JUMPING - MISDEMEANOR; FEDERAL OFFENSE,; ; ; ; ; ,6,Monona Police Department; US Marshal Service,8/20/20264:27 AM,CO Pretrial/Hold,Felony,234204,"October 5, 2026 at 12:07 AM",Non-Hispanic,6WEST,6WEST,White,Male,Non-Hispanic,31.0,8/20/2026,30s,626693.0,03H CO Pretrial/Hold,TREVOR,Y,Yes,8/20/2026 9:27:35 AM,Pretrial,CHRISTIAN,CCB,Physically in the jail,City-County Building,46,40,to 59,Null,10/5/2026 12:07:13 AM,10/5/2026 12:07:13 AM
https://www.danesheriff.com/Residents/Detail/693405,PAROLE VIOLATION; RESISTING OR OBSTRUCTING,; ,2,Maple Bluff Police Department,9/14/20267:47 PM,P/P Violation (Hold),Misdemeanor,693405,"October 5, 2026 at 12:07 AM",Non-Hispanic,6EAST,6EAST,White,Male,Non-Hispanic,53.0,9/14/2026,50s,627664.0,05 P/P Violation (Hold),THOMAS,Y,Yes,9/15/2026 12:47:41 AM,P/P hold,STRUBLE,CCB,Physically in the jail,City-County Building,21,20,to 39,Null,10/5/2026 12:07:13 AM,10/5/2026 12:07:13 AM
https://www.danesheriff.com/Residents/Detail/499470,POSSESSION OF COCAINE/BASE; POSSESS DRUG PARAPHERNALIA; RESISTING OR OBSTRUCTING; CONTEMPT OF COURT PUN SANCTION; ARMED ROBBERY; POSSESS NARCOTIC/ANALOG; ARMED ROBBERY; ARMED ROBBERY,; ; ; ; ; ; ; ,8,Madison Police Department,9/28/20264:25 AM,CO Pretrial,Felony,499470,"October 5, 2026 at 12:07 AM",Hispanic,6WEST,6WEST,White,Male,Hispanic,36.0,9/28/2026,30s,628105.0,03 CO Pretrial,CORY,Y,No,9/28/2026 9:25:00 AM,Pretrial,GOMEZ,CCB,Physically in the jail,City-County Building,7,0,to 19,Null,10/5/2026 12:07:13 AM,10/5/2026 12:07:13 AM
https://www.danesheriff.com/Residents/Detail/508267,PROBATION VIOLATION; ID THEFT; 2ND-DEG RECKLESSLY ENDANG SAFE; BATTERY; INTIMIDATE VICTIM/DOMESTIC ABUSE CRMIE,; 939.62(1)(B); 973.055(1); 973.055(1); 973.055(1),8,Madison Police Department,4/22/20262:39 PM,State Resident Intransit,Felony,508267,"October 5, 2026 at 12:07 AM",Non-Hispanic,P4K,P4K,Black,Male,Non-Hispanic,27.0,4/22/2026,20s,622047.0,13 State Resident Intransit,GREGORY,Y,No,4/22/2026 7:39:53 PM,State resident,HENLY,PSB,Physically in the jail,Public Safety Building,166,160,to 179,Null,10/5/2026 12:07:13 AM,10/5/2026 12:07:13 AM
https://www.danesheriff.com/Residents/Detail/435693,PAROLE VIOLATION; DISORDERLY CONDUCT; BATTERY; SUBSTANTIAL BATTERY; INTIMIDATE VICTIM/DOMESTIC ABUSE CRMIE,; 973.055(1); 973.055(1); 973.055(1); 973.055(1),6,Madison Police Department,7/12/202610:51 PM,CO Pretrial/Prob Hold,Felony,435693,"October 5, 2026 at 12:07 AM",Non-Hispanic,6EAST,6EAST,Black,Male,Non-Hispanic,30.0,7/12/2026,30s,625184.0,03P CO Pretrial/Prob Hold,EMMANUEL,Y,Yes,7/13/2026 3:51:39 AM,Pretrial,HARRIS,CCB,Physically in the jail,City-County Building,85,80,to 99,Null,10/5/2026 12:07:13 AM,10/5/2026 12:07:13 AM
https://www.danesheriff.com/Residents/Detail/284630,OPERATE WITH PROHIBITED BAC,,1,Columbia Co Sheriff's Office,9/25/20267:43 AM,Sentenced with Huber,Misdemeanor,284630,"October 5, 2026 at 12:07 AM",Non-Hispanic,CAMP,CAMP,White,Male,Non-Hispanic,37.0,9/25/2026,30s,628021.0,08 Sentenced with Huber,TRAVIS,Y,No,9/25/2026 12:43:20 PM,Local sentence,HOFFER,DVRSN,CAMP,DVRSN,10,0,to 19,Null,10/5/2026 12:07:13 AM,10/5/2026 12:07:13 AM
https://www.danesheriff.com/Residents/Detail/90106334,PROBATION VIOLATION; POSSESSION PRESCRIPTION DRUG; POSSESSION OF CONTROLLED SUBST; POS/LSD/PSILOCIN/AMPHETAMINE,; ; 961.48(1)(B); ,5,Monona Police Department; Probation and Parole,7/7/20264:21 PM,CO Pretrial/Prob Hold,Felony,90106334,"October 5, 2026 at 12:07 AM",Unknown,IOWA,Iowa County,White,Female,Unknown,54.0,7/7/2026,50s,625013.0,03P CO Pretrial/Prob Hold,MARY,Y,Yes,7/7/2026 9:21:02 PM,Pretrial,HAUG,OUTSIDE,Housed in other jails,Other,90,80,to 99,Null,10/5/2026 12:07:13 AM,10/5/2026 12:07:13 AM
https://www.danesheriff.com/Residents/Detail/508711,PAROLE VIOLATION; 2ND-DEG RECKLESSLY ENDANG SAFE; OPERATING WHILE INTOXICATED; OPERATE WITH PROHIBITED BAC,; 939.63(1)(B); ; ,4,Madison Police Department,5/14/20261:30 PM,State Resident Intransit,Felony,508711,"October 5, 2026 at 12:07 AM",Hispanic,P4C,P4C,Native American,Male,Hispanic,40.0,5/14/2026,40s,622912.0,13 State Resident Intransit,ROMAN,Y,No,5/14/2026 6:30:49 PM,State resident,NEWELL,PSB,Physically in the jail,Public Safety Building,144,140,to 159,Null,10/5/2026 12:07:13 AM,10/5/2026 12:07:13 AM
https://www.danesheriff.com/Residents/Detail/826959,THEFT; THEFT; POSSESSION OF BURGLARY TOOLS,; ; ,3,Sun Prairie Police Department,10/1/20264:19 PM,CO Prearraignment,Felony,826959,"October 5, 2026 at 12:07 AM",Non-Hispanic,P3C,P3C,White,Male,Non-Hispanic,48.0,10/1/2026,40s,628246.0,01 CO Prearraignment,CHRISTOPHER,Y,No,10/1/2026 9:19:56 PM,Pretrial,MASON,PSB,Physically in the jail,Public Safety Building,4,0,to 19,Null,10/5/2026 12:07:13 AM,10/5/2026 12:07:13 AM
https://www.danesheriff.com/Residents/Detail/90090535,RESISTING OR OBSTRUCTING; BAIL JUMPING - FELONY; PROBATION VIOLATION; POSSESSION OF COCAINE/BASE; POSSESSION OF COCAINE/BASE,; ; ; ; ,5,Fitchburg Police Department,9/8/20267:01 PM,Presentence Invest/Hold,Felony,90090535,"October 5, 2026 at 12:07 AM",Non-Hispanic,P3I,P3I,White,Female,Non-Hispanic,55.0,9/8/2026,50s,627468.0,06H Presentence Invest/Hold,DENISE,Y,Yes,9/9/2026 12:01:29 AM,Presentence Investigation,WASHBURN,PSB,Physically in the jail,Public Safety Building,27,20,to 39,Null,10/5/2026 12:07:13 AM,10/5/2026 12:07:13 AM
https://www.danesheriff.com/Residents/Detail/749366,PROBATION VIOLATION; ARMED ROBBERY,; 939.05,2,Madison Police Department,6/25/20262:13 AM,P/P Violation (Hold),Felony,749366,"October 5, 2026 at 12:07 AM",Non-Hispanic,P3G,P3G,White,Female,Non-Hispanic,38.0,6/25/2026,30s,624520.0,05 P/P Violation (Hold),BRITTNEY,Y,Yes,6/25/2026 7:13:36 AM,P/P hold,WAITS,PSB,Physically in the jail,Public Safety Building,102,100,to 119,Null,10/5/2026 12:07:13 AM,10/5/2026 12:07:13 AM
https://www.danesheriff.com/Residents/Detail/415283,DISORDERLY CONDUCT; RESISTING OR OBSTRUCTING; PROBATION VIOLATION; DISORDERLY CONDUCT; BAIL JUMPING - MISDEMEANOR; BAIL JUMPING - MISDEMEANOR,973.055(1); ; ; 973.055(1); ; ,6,Madison Police Department,7/11/20261:52 AM,Sentenced with Huber,Misdemeanor,415283,"October 5, 2026 at 12:07 AM",Non-Hispanic,CAMP,CAMP,White,Male,Non-Hispanic,28.0,7/11/2026,20s,625146.0,08 Sentenced with Huber,TRISTAN,Y,No,7/11/2026 6:52:15 AM,Local sentence,OLSON,DVRSN,CAMP,DVRSN,86,80,to 99,Null,10/5/2026 12:07:13 AM,10/5/2026 12:07:13 AM
https://www.danesheriff.com/Residents/Detail/44944,PROBATION VIOLATION; POSSESSION OF COCAINE/BASE,; 939.62(1)(A),2,Madison Police Department; Probation and Parole,8/28/20267:23 PM,P/P Violation (Hold),Felony,44944,"October 5, 2026 at 12:07 AM",Non-Hispanic,P4C,P4C,Black,Male,Non-Hispanic,63.0,8/28/2026,60s,627013.0,05 P/P Violation (Hold),ISAAC,Y,Yes,8/29/2026 12:23:17 AM,P/P hold,BROWN,PSB,Physically in the jail,Public Safety Building,38,20,to 39,Null,10/5/2026 12:07:13 AM,10/5/2026 12:07:13 AM
https://www.danesheriff.com/Residents/Detail/807825,OPERATING WHILE INTOXICATED,,1,Dane County Circuit Court,10/1/20268:04 AM,Sentenced with Huber,Misdemeanor,807825,"October 5, 2026 at 12:07 AM",Hispanic,P3K,P3K,White,Male,Hispanic,30.0,10/1/2026,30s,628223.0,08 Sentenced with Huber,JOSE,Y,No,10/1/2026 1:04:08 PM,Local sentence,DAVILA,PSB,Physically in the jail,Public Safety Building,4,0,to 19,Null,10/5/2026 12:07:13 AM,10/5/2026 12:07:13 AM
https://www.danesheriff.com/Residents/Detail/541249,SUBSTANTIAL BATTERY; SUBSTANTIAL BATTERY; PROBATION VIOLATION,939.62(1)(B); 939.62(1)(B); ,3,Madison Police Department,7/24/20265:29 PM,CO Pretrial/Prob Hold,Felony,541249,"October 5, 2026 at 12:07 AM",Non-Hispanic,7WEST,7WEST,Black,Male,Non-Hispanic,42.0,7/24/2026,40s,625674.0,03P CO Pretrial/Prob Hold,JOSEPH,Y,Yes,7/24/2026 10:29:04 PM,Pretrial,WOODS,CCB,Physically in the jail,City-County Building,73,60,to 79,Null,10/5/2026 12:07:13 AM,10/5/2026 12:07:13 AM
https://www.danesheriff.com/Residents/Detail/599941,BAIL JUMPING - FELONY; BAIL JUMPING - MISDEMEANOR; DISORDERLY CONDUCT; POSSESSION METHAMPHETAMINE; BAIL JUMPING - MISDEMEANOR; PROBATION VIOLATION,; ; ; 939.62(1)(A); ; ,6,UW Madison Police Department,8/11/202611:57 PM,CO Pretrial/Prob Hold,Felony,599941,"October 5, 2026 at 12:07 AM",Non-Hispanic,P4A,P4A,Black,Male,Non-Hispanic,27.0,8/11/2026,20s,626385.0,03P CO Pretrial/Prob Hold,NAJI,Y,Yes,8/12/2026 4:57:13 AM,Pretrial,WESTBROOKS,PSB,Physically in the jail,Public Safety Building,55,40,to 59,Null,10/5/2026 12:07:13 AM,10/5/2026 12:07:13 AM
https://www.danesheriff.com/Residents/Detail/823834,BAIL JUMPING - FELONY; DISORDERLY CONDUCT; RESISTING OR OBSTRUCTING; BAIL JUMPING - MISDEMEANOR,; ; ; ,5,Madison Police Department,10/1/20264:41 AM,CO Pretrial,Felony,823834,"October 5, 2026 at 12:07 AM",Non-Hispanic,7WEST,7WEST,White,Male,Non-Hispanic,28.0,10/1/2026,20s,628218.0,03 CO Pretrial,MATTHEW,Y,No,10/1/2026 9:41:09 AM,Pretrial,TINDALL,CCB,Physically in the jail,City-County Building,4,0,to 19,Null,10/5/2026 12:07:13 AM,10/5/2026 12:07:13 AM
https://www.danesheriff.com/Residents/Detail/335235,BOMB SCARES; DISORDERLY CONDUCT; TERRORIST THREATS; FEDERAL OFFENSE,; ; ; ,4,US Marshal Service; Dane County Sheriffs Office,4/22/202610:03 PM,CO Pretrial/Hold,Felony,335235,"October 5, 2026 at 12:07 AM",Non-Hispanic,P4I,P4I,White,Male,Non-Hispanic,45.0,4/22/2026,40s,622062.0,03H CO Pretrial/Hold,JOSHUA,Y,Yes,4/23/2026 3:03:02 AM,Pretrial,VANHAFTEN,PSB,Physically in the jail,Public Safety Building,166,160,to 179,Null,10/5/2026 12:07:13 AM,10/5/2026 12:07:13 AM
https://www.danesheriff.com/Residents/Detail/90091727,RETAIL THEFT (<=$1000); PROBATION VIOLATION,; ,2,Madison Police Department,9/8/202611:35 PM,P/P Violation (Hold),Misdemeanor,90091727,"October 5, 2026 at 12:07 AM",Non-Hispanic,P3A,P3A,Black,Male,Non-Hispanic,52.0,9/8/2026,50s,627475.0,05 P/P Violation (Hold),DIALLO,Y,Yes,9/9/2026 4:35:56 AM,P/P hold,WOODARD,PSB,Physically in the jail,Public Safety Building,27,20,to 39,Null,10/5/2026 12:07:13 AM,10/5/2026 12:07:13 AM
https://www.danesheriff.com/Residents/Detail/256786,BATTERY; DISORDERLY CONDUCT; BAIL JUMPING - MISDEMEANOR; BAIL JUMPING - MISDEMEANOR; DISORDERLY CONDUCT,; ; ; ; ,9,Dane County Circuit Court; Madison Police Department,7/16/20265:28 PM,Sentenced with Huber,Misdemeanor,256786,"October 5, 2026 at 12:07 AM",Hispanic,P4C,P4C,White,Male,Hispanic,39.0,7/16/2026,30s,625359.0,08 Sentenced with Huber,DAVID,Y,No,7/16/2026 10:28:47 PM,Local sentence,PLAZA ANTUNA,PSB,Physically in the jail,Public Safety Building,81,80,to 99,Null,10/5/2026 12:07:13 AM,10/5/2026 12:07:13 AM
https://www.danesheriff.com/Residents/Detail/395595,DISORDERLY CONDUCT; RESIST OFFICER - SUBSTANTIAL BODILY HARM/SOFT TISSUE; PHYSICAL ABUSE OF A CHILD; DISORDERLY CONDUCT; BAIL JUMPING - MISDEMEANOR; FALSE IMPRISONMENT; BATTERY; DISORDERLY CONDUCT; RESISTING OR OBSTRUCTING; INTIMIDATE VICTIM/DOMESTIC ABUSE CRMIE; BAIL JUMPING - MISDEMEANOR; UNLAWFUL USE OF TELEPHONE; BATTERY; CRIMINAL DAMAGE TO PROPERTY; DISORDERLY CONDUCT; BAIL JUMPING - MISDEMEANOR; CONTEMPT OF COURT PUN SANCTION; DISORDERLY CONDUCT; BAIL JUMPING - FELONY; ID THEFT; RETAIL THEFT INTENT TAKE; OPERATE MV WITHOUT CONSENT,; ; ; ; ; 973.055(1); 973.055(1); ; ; 973.055(1); ; 973.055(1); 973.055(1); 973.055(1); 973.055(1); ; ; ; ; 939.05; ; ,23,Madison Police Department,5/11/20267:05 AM,Sentenced with Huber,Felony,395595,,,,,,,,,,,,,,,,,,,,,,,,,,,
https://www.danesheriff.com/Residents/Detail/99158,INTIM WITNESS ATT USE FORCE; DISORDERLY CONDUCT,; ,2,Madison Police Department,10/2/20261:02 AM,CO Prearraignment,Felony,99158,"October 5, 2026 at 12:07 AM",Non-Hispanic,P3C,P3C,Black,Male,Non-Hispanic,35.0,10/2/2026,30s,628260.0,01 CO Prearraignment,WILLIAM,Y,No,10/2/2026 6:02:22 AM,Pretrial,BUSCH,PSB,Physically in the jail,Public Safety Building,3,0,to 19,Null,10/5/2026 12:07:13 AM,10/5/2026 12:07:13 AM
https://www.danesheriff.com/Residents/Detail/326403,1ST DEG INTENTIONAL HOMICIDE; ROBBERY WITH USE OF FORCE; PAROLE VIOLATION,; ; ,3,UW Madison Police Department,9/20/20255:37 PM,CO Pretrial/Prob Hold,Felony,326403,"October 5, 2026 at 12:07 AM",Non-Hispanic,7WEST,7WEST,Black,Male,Non-Hispanic,59.0,9/20/2025,50s,614287.0,03P CO Pretrial/Prob Hold,KEITH,Y,Yes,9/20/2025 10:37:45 PM,Pretrial,JONES,CCB,Physically in the jail,City-County Building,380,300+,,Null,10/5/2026 12:07:13 AM,10/5/2026 12:07:13 AM
https://www.danesheriff.com/Residents/Detail/89800753,OPERATING WHILE INTOXICATED,346.65(2)(G)2,1,Winnebago Co Sheriff's Office,2/13/20267:43 AM,Prob Sentence/Work Release,Misdemeanor,89800753,"October 5, 2026 at 12:07 AM",Non-Hispanic,CAMP,CAMP,White,Male,Non-Hispanic,40.0,2/13/2026,40s,619477.0,09W Prob Sentence/Work Release,MICHAEL,Y,No,2/13/2026 1:43:25 PM,Local sentence,WAGENER,DVRSN,CAMP,DVRSN,234,220,to 239,Null,10/5/2026 12:07:13 AM,10/5/2026 12:07:13 AM
https://www.danesheriff.com/Residents/Detail/59104,PROBATION VIOLATION; OPERATING WHILE INTOXICATED,; ,2,Middleton Police Department,9/17/20262:13 AM,P/P Violation (Hold),Misdemeanor,59104,"October 5, 2026 at 12:07 AM",Non-Hispanic,P3A,P3A,Black,Male,Non-Hispanic,64.0,9/17/2026,60s,627750.0,05 P/P Violation (Hold),WILLIE,Y,Yes,9/17/2026 7:13:33 AM,P/P hold,TRIPLETT,PSB,Physically in the jail,Public Safety Building,18,0,to 19,Null,10/5/2026 12:07:13 AM,10/5/2026 12:07:13 AM
https://www.danesheriff.com/Residents/Detail/757580,DISORDERLY CONDUCT; BAIL JUMPING - MISDEMEANOR; BAIL JUMPING - FELONY; POSSESS DRUG PARAPHERNALIA,; ; ; ,4,Madison Police Department,8/31/20267:03 PM,CO Pretrial,Felony,757580,"October 5, 2026 at 12:07 AM",Non-Hispanic,FEMALEHOUSING,FEMALEHOUSING,White,Female,Non-Hispanic,34.0,8/31/2026,30s,627129.0,03 CO Pretrial,DIANE,Y,No,9/1/2026 12:03:17 AM,Pretrial,MARONEY,PSB,Physically in the jail,Public Safety Building,35,20,to 39,Null,10/5/2026 12:07:13 AM,10/5/2026 12:07:13 AM
https://www.danesheriff.com/Residents/Detail/717638,PROBATION VIOLATION,,1,Probation and Parole,9/28/20263:11 PM,P/P Violation (Hold),Civil,717638,"October 5, 2026 at 12:07 AM",Non-Hispanic,P4C,P4C,Black,Male,Non-Hispanic,46.0,9/28/2026,40s,628125.0,05 P/P Violation (Hold),BOBBY,Y,Yes,9/28/2026 8:11:30 PM,P/P hold,LOGGINS,PSB,Physically in the jail,Public Safety Building,7,0,to 19,Null,10/5/2026 12:07:13 AM,10/5/2026 12:07:13 AM
https://www.danesheriff.com/Residents/Detail/90104919,PAROLE VIOLATION; EXTENDED SUPERVISION SANCTIONS,; ,2,Deforest Police Department,9/13/202610:54 PM,E.S. Sanct w/out work release,Civil,90104919,"October 5, 2026 at 12:07 AM",Non-Hispanic,6EAST,6EAST,White,Male,Non-Hispanic,48.0,9/13/2026,40s,627633.0,22 E.S. Sanct w/out wrk release,BENJAMIN,Y,No,9/14/2026 3:54:46 AM,Extended supervision,WEBER,CCB,Physically in the jail,City-County Building,22,20,to 39,Null,10/5/2026 12:07:13 AM,10/5/2026 12:07:13 AM
https://www.danesheriff.com/Residents/Detail/828067,PAROLE VIOLATION,,1,Probation and Parole,8/14/202611:34 AM,P/P Violation (Hold),Civil,828067,"October 5, 2026 at 12:07 AM",Non-Hispanic,6WEST,6WEST,Black,Male,Non-Hispanic,43.0,8/14/2026,40s,626473.0,05 P/P Violation (Hold),DOMINIC,Y,Yes,8/14/2026 4:34:19 PM,P/P hold,CROSS,CCB,Physically in the jail,City-County Building,52,40,to 59,Null,10/5/2026 12:07:13 AM,10/5/2026 12:07:13 AM
https://www.danesheriff.com/Residents/Detail/474930,DISORDERLY CONDUCT; CRIMINAL DAMAGE TO PROPERTY; THEFT; PROBATION VIOLATION,973.055(1); 939.62(1)(A); 939.62(1)(A); ,4,Madison Police Department,6/24/20265:02 PM,CO Pretrial/Prob Hold,Misdemeanor,474930,"October 5, 2026 at 12:07 AM",Non-Hispanic,6EAST,6EAST,Black,Male,Non-Hispanic,26.0,6/24/2026,20s,624508.0,03P CO Pretrial/Prob Hold,JEREMIAH,Y,Yes,6/24/2026 10:02:09 PM,Pretrial,OLLE,CCB,Physically in the jail,City-County Building,103,100,to 119,Null,10/5/2026 12:07:13 AM,10/5/2026 12:07:13 AM
https://www.danesheriff.com/Residents/Detail/560883,1ST DEG INTENTIONAL HOMICIDE; 1ST DEG INTENTIONAL HOMICIDE; 1ST-DEG RECKLESSLY ENDANG SAFE; POSS OF FIREARM BY A FELON,939.32; ; 939.62(1)(C); 939.62(1)(B),4,Madison Police Department,9/6/20266:47 PM,CO Pretrial,Felony,560883,"October 5, 2026 at 12:07 AM",Non-Hispanic,6WEST,6WEST,Black,Male,Non-Hispanic,28.0,9/6/2026,20s,627387.0,03 CO Pretrial,MONTRELL,Y,No,9/6/2026 11:47:34 PM,Pretrial,HANNAH,CCB,Physically in the jail,City-County Building,29,20,to 39,Null,10/5/2026 12:07:13 AM,10/5/2026 12:07:13 AM
https://www.danesheriff.com/Residents/Detail/826214,KNOWINGLY FLEE AN OFFICER; KNOWINGLY FLEE AN OFFICER; POSSESSION OF FIREARM BY FELON,; ; ,3,Madison Police Department,7/16/20267:39 PM,CO Pretrial,Felony,826214,"October 5, 2026 at 12:07 AM",Non-Hispanic,6WEST,6WEST,Black,Male,Non-Hispanic,33.0,7/16/2026,30s,625366.0,03 CO Pretrial,CENTELLE,Y,No,7/17/2026 12:39:40 AM,Pretrial,HUDSON,CCB,Physically in the jail,City-County Building,81,80,to 99,Null,10/5/2026 12:07:13 AM,10/5/2026 12:07:13 AM
https://www.danesheriff.com/Residents/Detail/317969,2ND-DEG RECKLESSLY ENDANG SAFE; STRANGULATION; FIN TRANS CARD FRAUDULENT USE; UNLAWFUL USE OF COMPUTER COMM; PROBATION VIOLATION; THEFT; KNOWINGLY FLEE AN OFFICER; REC STOLEN PROP UNDER 2500; CONTEMPT OF COURT PUN SANCTION,; ; ; ; ; ; ; ; ,10,Sun Prairie Police Department; Iowa County Sheriff's Office,2/25/20269:49 PM,Presentence Invest,Felony,317969,"October 5, 2026 at 12:07 AM",Non-Hispanic,6WEST,6WEST,Black,Male,Non-Hispanic,31.0,2/25/2026,30s,619920.0,06 Presentence Invest,KEVAN,Y,No,2/26/2026 3:49:23 AM,Presentence Investigation,GREEN,CCB,Physically in the jail,City-County Building,222,220,to 239,Null,10/5/2026 12:07:13 AM,10/5/2026 12:07:13 AM
https://www.danesheriff.com/Residents/Detail/509665,RETAIL THEFT INTENT TAKE; KNOWINGLY FLEE AN OFFICER; PROBATION VIOLATION; KNOWINGLY FLEE AN OFFICER; RETAIL THEFT INTENT TAKE; DISORDERLY CONDUCT,; ; ; ; ; ,6,Fitchburg Police Department; Madison Police Department; Dane County Sheriffs Office,12/26/202510:48 PM,Sentenced Huber Revoked,Felony,509665,"October 5, 2026 at 12:07 AM",Non-Hispanic,IOWA,Iowa County,Black,Female,Non-Hispanic,27.0,12/26/2025,20s,617738.0,08V Sentenced Huber Revoked,CHANDLER,Y,No,12/27/2025 4:48:17 AM,Local sentence,WEIHERT,OUTSIDE,Housed in other jails,Other,283,280,to 299,Null,10/5/2026 12:07:13 AM,10/5/2026 12:07:13 AM
https://www.danesheriff.com/Residents/Detail/754720,RESISTING OR OBSTRUCTING; BAIL JUMPING - MISDEMEANOR; BATTERY TO PUBLIC OFFICERS,; ; 939.32,7,UW Madison Police Department,8/22/202610:36 PM,CO Pretrial,Misdemeanor,754720,"October 5, 2026 at 12:07 AM",Non-Hispanic,7WEST,7WEST,Black,Male,Non-Hispanic,27.0,8/22/2026,20s,626798.0,03 CO Pretrial,DILLION,Y,No,8/23/2026 3:36:46 AM,Pretrial,RANDLE,CCB,Physically in the jail,City-County Building,44,40,to 59,Null,10/5/2026 12:07:13 AM,10/5/2026 12:07:13 AM
https://www.danesheriff.com/Residents/Detail/434323,OPERATING WHILE INTOXICATED,,1,Dane County Sheriffs Office,9/8/20265:51 PM,Sentenced with Huber,Misdemeanor,434323,"October 5, 2026 at 12:07 AM",Non-Hispanic,CAMP,CAMP,Black,Male,Non-Hispanic,36.0,9/8/2026,30s,627465.0,08 Sentenced with Huber,SHAMOND,Y,No,9/8/2026 10:51:31 PM,Local sentence,MEYERS,DVRSN,CAMP,DVRSN,27,20,to 39,Null,10/5/2026 12:07:13 AM,10/5/2026 12:07:13 AM
https://www.danesheriff.com/Residents/Detail/95179970,POSSESS DRUG PARAPHERNALIA; PROBATION VIOLATION; OPERATE MV WITHOUT CONSENT,; ; ,3,Sun Prairie Police Department,8/28/202611:02 AM,Sentenced with Huber,Felony,95179970,"October 5, 2026 at 12:07 AM",Non-Hispanic,P4C,P4C,White,Male,Non-Hispanic,38.0,8/28/2026,30s,626995.0,08 Sentenced with Huber,ANDREW,Y,No,8/28/2026 4:02:53 PM,Local sentence,GAMMETER,PSB,Physically in the jail,Public Safety Building,38,20,to 39,Null,10/5/2026 12:07:13 AM,10/5/2026 12:07:13 AM
https://www.danesheriff.com/Residents/Detail/300001,PAROLE VIOLATION,,1,Madison Police Department,10/3/20269:45 PM,P/P Violation (Hold),Civil,300001,"October 5, 2026 at 12:07 AM",Non-Hispanic,MALEDORM,MALEDORM,Black,Male,Non-Hispanic,35.0,10/3/2026,30s,628321.0,05 P/P Violation (Hold),RODNEY,Y,Yes,10/4/2026 2:45:43 AM,P/P hold,BLAND,PSB,Physically in the jail,Public Safety Building,2,0,to 19,Null,10/5/2026 12:07:13 AM,10/5/2026 12:07:13 AM
https://www.danesheriff.com/Residents/Detail/813479,DISORDERLY CONDUCT; BATTERY; BAIL JUMPING - FELONY,973.055(1); 973.055(1); ,5,Madison Police Department,9/29/202611:49 PM,CO Pretrial,Felony,813479,"October 5, 2026 at 12:07 AM",Hispanic,P3A,P3A,White,Male,Hispanic,36.0,9/29/2026,30s,628174.0,03 CO Pretrial,FREDY,Y,No,9/30/2026 4:49:58 AM,Pretrial,ROQUEL CHALI,PSB,Physically in the jail,Public Safety Building,6,0,to 19,Null,10/5/2026 12:07:13 AM,10/5/2026 12:07:13 AM
https://www.danesheriff.com/Residents/Detail/601325,DISORDERLY CONDUCT; BATTERY; RESISTING OR OBSTRUCTING; PAROLE VIOLATION,; ; ; ,4,Madison Police Department,6/11/20265:58 PM,P/P Violation (Hold),Misdemeanor,601325,"October 5, 2026 at 12:07 AM",Non-Hispanic,7WEST,7WEST,Black,Male,Non-Hispanic,41.0,6/11/2026,40s,624044.0,05 P/P Violation (Hold),BILLY,Y,Yes,6/11/2026 10:58:02 PM,P/P hold,LANGFORD,CCB,Physically in the jail,City-County Building,116,100,to 119,Null,10/5/2026 12:07:13 AM,10/5/2026 12:07:13 AM
https://www.danesheriff.com/Residents/Detail/446277,OPERATING WHILE INTOXICATED,,1,Dane County Circuit Court,8/28/20268:04 AM,Sentenced with Huber,Misdemeanor,446277,"October 5, 2026 at 12:07 AM",Non-Hispanic,P3I,P3I,White,Female,Non-Hispanic,48.0,8/28/2026,40s,626991.0,08 Sentenced with Huber,CRYSTAL,Y,No,8/28/2026 1:04:09 PM,Local sentence,WILLIAMS,PSB,Physically in the jail,Public Safety Building,38,20,to 39,Null,10/5/2026 12:07:13 AM,10/5/2026 12:07:13 AM
https://www.danesheriff.com/Residents/Detail/90107931,DISORDERLY CONDUCT; PAROLE VIOLATION,973.055(1); ,2,Madison Police Department,8/14/20263:58 PM,P/P Violation (Hold),Misdemeanor,90107931,"October 5, 2026 at 12:07 AM",Hispanic,P4I,P4I,White,Male,Hispanic,47.0,8/14/2026,40s,626483.0,05 P/P Violation (Hold),TIMOTHY,Y,Yes,8/14/2026 8:58:56 PM,P/P hold,GARZA,PSB,Physically in the jail,Public Safety Building,52,40,to 59,Null,10/5/2026 12:07:13 AM,10/5/2026 12:07:13 AM
https://www.danesheriff.com/Residents/Detail/821359,1ST DEG SEXUAL ASSAULT/CHILD; EXPOSE CHILD HARMFUL MATERIAL; EXTRADITION,; ; ,3,Madison Police Department; Dane County Sheriffs Office,5/4/20267:34 PM,CO Pretrial/Hold,Felony,821359,"October 5, 2026 at 12:07 AM",Non-Hispanic,P4E,P4E,Asian,Male,Non-Hispanic,45.0,5/4/2026,40s,622539.0,03H CO Pretrial/Hold,SANG,Y,Yes,5/5/2026 12:34:04 AM,Pretrial,BIK,PSB,Physically in the jail,Public Safety Building,154,140,to 159,Null,10/5/2026 12:07:13 AM,10/5/2026 12:07:13 AM
https://www.danesheriff.com/Residents/Detail/98499,BATTERY; RETAIL THEFT INTENT TAKE; OPERATE MV WITHOUT CONSENT; PROBATION VIOLATION; POSSESS DRUG PARAPHERNALIA; RESISTING OR OBSTRUCTING,; ; 939.32; ; ; ,7,Sun Prairie Police Department; Madison Police Department,4/13/202610:05 PM,CO Pretrial/Prob Hold,Felony,98499,"October 5, 2026 at 12:07 AM",Non-Hispanic,6EAST,6EAST,Black,Male,Non-Hispanic,62.0,4/13/2026,60s,621748.0,03P CO Pretrial/Prob Hold,HOSEIA,Y,Yes,4/14/2026 3:05:50 AM,Pretrial,CHESTNUT,CCB,Physically in the jail,City-County Building,175,160,to 179,Null,10/5/2026 12:07:13 AM,10/5/2026 12:07:13 AM
https://www.danesheriff.com/Residents/Detail/309792,PAROLE VIOLATION; RESISTING OR OBSTRUCTING; CRIMINAL DAMAGE TO PROPERTY,; ; ,3,Middleton Police Department; Dane County Sheriffs Office,7/6/20267:12 PM,CO Pretrial/Prob Hold,Misdemeanor,309792,"October 5, 2026 at 12:07 AM",Non-Hispanic,P4K,P4K,Black,Male,Non-Hispanic,36.0,7/6/2026,30s,624980.0,03P CO Pretrial/Prob Hold,MAURICE,Y,Yes,7/7/2026 12:12:54 AM,Pretrial,CARPENTER,PSB,Physically in the jail,Public Safety Building,91,80,to 99,Null,10/5/2026 12:07:13 AM,10/5/2026 12:07:13 AM
https://www.danesheriff.com/Residents/Detail/268414,BAIL JUMPING - FELONY; BAIL JUMPING - MISDEMEANOR; BAIL JUMPING - FELONY; POSSESSION METHAMPHETAMINE; BAIL JUMPING - MISDEMEANOR; POSSESS DRUG PARAPHERNALIA; OPERATE MV WITHOUT CONSENT; BAIL JUMPING - MISDEMEANOR; CONTEMPT OF COURT; CONTEMPT OF COURT; OPERATE MV WITHOUT CONSENT; BAIL JUMPING - FELONY; OPERATE MV WITHOUT CONSENT; BAIL JUMPING - FELONY; BAIL JUMPING - MISDEMEANOR; BAIL JUMPING - FELONY; POS W/INT DEL AMPHET 10-50 GMS,; ; ; ; ; ; ; ; ; ; ; ; ; ; ; ; ,21,Sun Prairie Police Department; Dane County Sheriffs Office; Rock Co Sheriff's Office; Jefferson Co Sheriff's Office,7/22/20261:18 PM,CO Pretrial/Hold,Felony,268414,"October 5, 2026 at 12:07 AM",Non-Hispanic,P3A,P3A,White,Male,Non-Hispanic,43.0,7/22/2026,40s,625593.0,03H CO Pretrial/Hold,ALAN,Y,Yes,7/22/2026 6:18:38 PM,Pretrial,PUSKARICH,PSB,Physically in the jail,Public Safety Building,75,60,to 79,Null,10/5/2026 12:07:13 AM,10/5/2026 12:07:13 AM
https://www.danesheriff.com/Residents/Detail/90097953,KNOWINGLY FLEE AN OFFICER; MISAPPROP ID INFO AVOID PENALTY; PAROLE VIOLATION; FIN TRANS CARD FRAUDULENT USE,; ; ; ,4,Oregon Police Department; Madison Police Department,9/1/20265:21 PM,CO Pretrial/Prob Hold,Felony,90097953,"October 5, 2026 at 12:07 AM",Non-Hispanic,6EAST,6EAST,White,Male,Non-Hispanic,50.0,9/1/2026,50s,627171.0,03P CO Pretrial/Prob Hold,PATRICK,Y,Yes,9/1/2026 10:21:42 PM,Pretrial,ROPER,CCB,Physically in the jail,City-County Building,34,20,to 39,Null,10/5/2026 12:07:13 AM,10/5/2026 12:07:13 AM
https://www.danesheriff.com/Residents/Detail/251462,MANUF/DELIVER COCAINE 5-15 GMS; BAIL JUMPING - FELONY; STRANGULATION; BAIL JUMPING - FELONY; BATTERY; BATTERY; DISORDERLY CONDUCT; DISORDERLY CONDUCT; CRIMINAL DAMAGE TO PROPERTY; 2ND-DEG RECKLESSLY ENDANG SAFE; STRANGULATION; THREAT INJ ACCUSE OF CRIME; BAIL JUMPING - FELONY,961.48(1)(B); ; ; ; ; 973.055(1); ; 973.055(1); 973.055(1); 973.055(1); 973.055(1); 939.31; ,29,Madison Police Department; Dane County Sheriffs Office,4/22/20265:20 PM,CO Pretrial,Felony,251462,"October 5, 2026 at 12:07 AM",Non-Hispanic,6WEST,6WEST,White,Male,Non-Hispanic,35.0,4/22/2026,30s,622055.0,03 CO Pretrial,QUINTEN,Y,No,4/22/2026 10:20:05 PM,Pretrial,ESSER,CCB,Physically in the jail,City-County Building,166,160,to 179,Null,10/5/2026 12:07:13 AM,10/5/2026 12:07:13 AM
https://www.danesheriff.com/Residents/Detail/279525,SEX OFFENDER-FAIL TO PROVIDE INFO/CURRENT PHOTO/FINGERPRINTS; SEX OFFENDER-FAIL TO PROVIDE INFORMATION; SEX REGISTRY VIOLATION,; ; ,3,Madison Police Department,8/27/20266:41 PM,CO Pretrial,Felony,279525,"October 5, 2026 at 12:07 AM",Non-Hispanic,P3A,P3A,White,Male,Non-Hispanic,51.0,8/27/2026,50s,626969.0,03 CO Pretrial,BART,Y,No,8/27/2026 11:41:15 PM,Pretrial,CROWE,PSB,Physically in the jail,Public Safety Building,39,20,to 39,Null,10/5/2026 12:07:13 AM,10/5/2026 12:07:13 AM
https://www.danesheriff.com/Residents/Detail/191480,PAROLE VIOLATION; BATT/THREAT LAW ENFORC JUDGE PROSEC; BAIL JUMPING - FELONY; RESISTING OR OBSTRUCTING,; ; ; ,4,Probation and Parole,7/22/20263:13 PM,Sentenced with Huber,Felony,191480,"October 5, 2026 at 12:07 AM",Non-Hispanic,IOWA,Iowa County,Black,Male,Non-Hispanic,38.0,7/22/2026,30s,625597.0,08 Sentenced with Huber,TARON,Y,No,7/22/2026 8:13:30 PM,Local sentence,RANDLE,OUTSIDE,Housed in other jails,Other,75,60,to 79,Null,10/5/2026 12:07:13 AM,10/5/2026 12:07:13 AM
https://www.danesheriff.com/Residents/Detail/347927,STALKING; POSSESSION OF BURGLARY TOOLS,; ,2,Dane County Circuit Court,6/2/20268:24 AM,Prob Sentence/Work Release,Felony,347927,"October 5, 2026 at 12:07 AM",Non-Hispanic,CAMP,CAMP,White,Male,Non-Hispanic,37.0,6/2/2026,30s,623640.0,09W Prob Sentence/Work Release,ERICK,Y,No,6/2/2026 1:24:55 PM,Local sentence,THOMPSON-FEIRN,DVRSN,CAMP,DVRSN,125,120,to 139,Null,10/5/2026 12:07:13 AM,10/5/2026 12:07:13 AM
https://www.danesheriff.com/Residents/Detail/372998,BATTERY; DISORDERLY CONDUCT; PROBATION VIOLATION,939.62(1)(A); 939.62(1)(A); ,3,Madison Police Department,8/16/20269:23 PM,P/P Violation (Hold),Misdemeanor,372998,"October 5, 2026 at 12:07 AM",Non-Hispanic,6EAST,6EAST,White,Male,Non-Hispanic,46.0,8/16/2026,40s,626558.0,05 P/P Violation (Hold),TODD,Y,Yes,8/17/2026 2:23:34 AM,P/P hold,JULIAN,CCB,Physically in the jail,City-County Building,50,40,to 59,Null,10/5/2026 12:07:13 AM,10/5/2026 12:07:13 AM
https://www.danesheriff.com/Residents/Detail/364607,THEFT; THREAT TO CAUSE BODILY HARM TO CERTAIN INDIVIDUALS INV WITH A CRT LEGAL SYSTEM; BAIL JUMPING - FELONY; BAIL JUMPING - MISDEMEANOR; THEFT; BAIL JUMPING - MISDEMEANOR,939.62(1)(A); 939.62(1)(B); 939.62(1)(B); 939.62(1)(A); ; ,6,UW Madison Police Department,9/16/20261:13 AM,CO Pretrial,Felony,364607,"October 5, 2026 at 12:07 AM",Non-Hispanic,7WEST,7WEST,Black,Male,Non-Hispanic,47.0,9/16/2026,40s,627708.0,03 CO Pretrial,DEMETRIUS,Y,No,9/16/2026 6:13:19 AM,Pretrial,SHEPARD,CCB,Physically in the jail,City-County Building,19,0,to 19,Null,10/5/2026 12:07:13 AM,10/5/2026 12:07:13 AM
https://www.danesheriff.com/Residents/Detail/258452,CREDIT CARD FRAUDULENT USE; CREDIT CARD FRAUDULENT USE; FAILURE TO REPORT TO JAIL,; ; ,3,Columbia Co Sheriff's Office; Dane County Circuit Court,9/14/20268:02 AM,Sentenced with Huber,Misdemeanor,258452,"October 5, 2026 at 12:07 AM",Non-Hispanic,CAMP,CAMP,White,Female,Non-Hispanic,40.0,9/14/2026,40s,627644.0,08 Sentenced with Huber,APRIL,Y,No,9/14/2026 1:02:50 PM,Local sentence,SHEETS,DVRSN,CAMP,DVRSN,21,20,to 39,Null,10/5/2026 12:07:13 AM,10/5/2026 12:07:13 AM
https://www.danesheriff.com/Residents/Detail/90094909,ROBBERY WITH THREAT OF FORCE; DISORDERLY CONDUCT; THEFT; RESISTING OR OBSTRUCTING; PAROLE VIOLATION,; 939.63(1)(A); ; ; ,5,Madison Police Department,5/15/20263:41 PM,CO Pretrial/Prob Hold,Felony,90094909,"October 5, 2026 at 12:07 AM",Non-Hispanic,6WEST,6WEST,Black,Male,Non-Hispanic,60.0,5/15/2026,60s,622965.0,03P CO Pretrial/Prob Hold,LENIER,Y,Yes,5/15/2026 8:41:25 PM,Pretrial,JOHNSON,CCB,Physically in the jail,City-County Building,143,140,to 159,Null,10/5/2026 12:07:13 AM,10/5/2026 12:07:13 AM
https://www.danesheriff.com/Residents/Detail/487359,OPERATING WHILE INTOXICATED,,1,Dane County Sheriffs Office,9/4/20261:02 PM,Sentenced with Huber,Misdemeanor,487359,"October 5, 2026 at 12:07 AM",Non-Hispanic,CAMP,CAMP,White,Male,Non-Hispanic,45.0,9/4/2026,40s,627297.0,08 Sentenced with Huber,CHRISTOPHER,Y,No,9/4/2026 6:02:02 PM,Local sentence,NETZER,DVRSN,CAMP,DVRSN,31,20,to 39,Null,10/5/2026 12:07:13 AM,10/5/2026 12:07:13 AM
https://www.danesheriff.com/Residents/Detail/6714,RESISTING OR OBSTRUCTING; CRIMINAL DAMAGE TO PROPERTY; PAROLE VIOLATION; CRIM DAMAGE PROP OVER 2500; BURGLARY BUILDING OR DWELLING,; 939.32; ; ; ,5,Madison Police Department,10/2/20268:36 PM,CO Prearr/Probation,Felony,6714,"October 5, 2026 at 12:07 AM",Hispanic,P3C,P3C,White,Male,Hispanic,45.0,10/2/2026,40s,628299.0,01P CO Prearr/Probation,TOMAS,Y,Yes,10/3/2026 1:36:21 AM,Pretrial,BARAJAS,PSB,Physically in the jail,Public Safety Building,3,0,to 19,Null,10/5/2026 12:07:13 AM,10/5/2026 12:07:13 AM
https://www.danesheriff.com/Residents/Detail/90098764,PAROLE VIOLATION; POSSESS NARCOTIC/ANALOG; POSSESSION METHAMPHETAMINE; RESISTING OR OBSTRUCTING; POSSESS DRUG PARAPHERNALIA; RESISTING OR OBSTRUCTING; DISORDERLY CONDUCT,; ; ; ; ; ; 939.63(1)(A),7,Sun Prairie Police Department; Madison Police Department,7/15/20263:39 AM,CO Pretrial/Prob Hold,Felony,90098764,"October 5, 2026 at 12:07 AM",Non-Hispanic,P4I,P4I,Black,Male,Non-Hispanic,55.0,7/15/2026,50s,625281.0,03P CO Pretrial/Prob Hold,MARLON,Y,Yes,7/15/2026 8:39:30 AM,Pretrial,BREWSTER,PSB,Physically in the jail,Public Safety Building,82,80,to 99,Null,10/5/2026 12:07:13 AM,10/5/2026 12:07:13 AM
https://www.danesheriff.com/Residents/Detail/257309,RETAIL THEFT INTENT TAKE; BAIL JUMPING - FELONY; BAIL JUMPING - MISDEMEANOR; RETAIL THEFT INTENT TAKE; BAIL JUMPING - FELONY; RETAIL THEFT INTENT TAKE; BAIL JUMPING - FELONY; RETAIL THEFT INTENT TAKE; BAIL JUMPING - FELONY; BAIL JUMPING - MISDEMEANOR; POSSESS W/INT DEL THC <200 GMS; BAIL JUMPING - FELONY,939.05; 939.62; 939.62; ; ; 939.05; ; 939.05; 939.62; ; 939.62; ,22,Madison Police Department,10/2/20267:07 PM,CO Prearraignment,Felony,257309,"October 5, 2026 at 12:07 AM",Non-Hispanic,MALEDORM,MALEDORM,Black,Male,Non-Hispanic,31.0,10/2/2026,30s,628295.0,01 CO Prearraignment,JERMAINE,Y,No,10/3/2026 12:07:56 AM,Pretrial,PEEPLES,PSB,Physically in the jail,Public Safety Building,3,0,to 19,JR,10/5/2026 12:07:13 AM,10/5/2026 12:07:13 AM
https://www.danesheriff.com/Residents/Detail/567040,RESISTING OR OBSTRUCTING; PAROLE VIOLATION,; ,2,Madison Police Department,6/24/20268:30 AM,P/P Violation (Hold),Misdemeanor,567040,"October 5, 2026 at 12:07 AM",Non-Hispanic,6EAST,6EAST,Black,Male,Non-Hispanic,30.0,6/24/2026,30s,624497.0,05 P/P Violation (Hold),STEVIE,Y,Yes,6/24/2026 1:30:50 PM,P/P hold,CARTER,CCB,Physically in the jail,City-County Building,103,100,to 119,JR,10/5/2026 12:07:13 AM,10/5/2026 12:07:13 AM
https://www.danesheriff.com/Residents/Detail/90075073,PAROLE VIOLATION; RETAIL THEFT INTENT TAKE,; ,2,Monona Police Department; Sun Prairie Police Department; Jefferson Co Sheriff's Office,8/21/202612:12 PM,CO Pretrial/Prob Hold,Misdemeanor,90075073,"October 5, 2026 at 12:07 AM",Non-Hispanic,P4G,P4G,Black,Male,Non-Hispanic,56.0,8/21/2026,50s,626746.0,03P CO Pretrial/Prob Hold,DEVORE,Y,Yes,8/21/2026 5:12:05 PM,Pretrial,BELL,PSB,Physically in the jail,Public Safety Building,45,40,to 59,Null,10/5/2026 12:07:13 AM,10/5/2026 12:07:13 AM
https://www.danesheriff.com/Residents/Detail/271771,PAROLE VIOLATION,,1,Madison Police Department,3/16/20266:42 PM,P/P Violation (Hold),Civil,271771,"October 5, 2026 at 12:07 AM",Non-Hispanic,7WEST,7WEST,Black,Male,Non-Hispanic,38.0,3/16/2026,30s,620659.0,05 P/P Violation (Hold),QUENTIN,Y,Yes,3/16/2026 11:42:02 PM,P/P hold,SCOTT,CCB,Physically in the jail,City-County Building,203,200,to 219,SR,10/5/2026 12:07:13 AM,10/5/2026 12:07:13 AM
https://www.danesheriff.com/Residents/Detail/735051,BAIL JUMPING - MISDEMEANOR; DISCHG BODY FLUID PUBLIC WRKR; RESISTING OR OBSTRUCTING,; ; ,5,Madison Police Department,9/30/20267:57 PM,CO Pretrial,Misdemeanor,735051,"October 5, 2026 at 12:07 AM",Non-Hispanic,MALESEG,MALESEG,Black,Male,Non-Hispanic,36.0,9/30/2026,30s,628204.0,03 CO Pretrial,LORENZO,Y,No,10/1/2026 12:57:32 AM,Pretrial,WASHINGTON,PSB,Physically in the jail,Public Safety Building,5,0,to 19,III,10/5/2026 12:07:13 AM,10/5/2026 12:07:13 AM
https://www.danesheriff.com/Residents/Detail/442632,RESISTING OR OBSTRUCTING; POSS OF FIREARM BY A FELON,; ,2,Madison Police Department; Dane County Sheriffs Office,6/8/202611:38 AM,CO Pretrial,Felony,442632,"October 5, 2026 at 12:07 AM",Non-Hispanic,6EAST,6EAST,Black,Male,Non-Hispanic,38.0,6/8/2026,30s,623899.0,03 CO Pretrial,ANTHONY,Y,No,6/8/2026 4:38:28 PM,Pretrial,CLARK,CCB,Physically in the jail,City-County Building,119,100,to 119,Null,10/5/2026 12:07:13 AM,10/5/2026 12:07:13 AM
https://www.danesheriff.com/Residents/Detail/699861,CAUSING MENTAL HARM TO A CHILD,,1,Dane County Circuit Court,10/13/20257:42 AM,Prob Sentence/Work Release,Felony,699861,"October 5, 2026 at 12:07 AM",Non-Hispanic,CAMP,CAMP,White,Male,Non-Hispanic,35.0,10/13/2025,30s,615101.0,09W Prob Sentence/Work Release,XAVIER,Y,No,10/13/2025 12:42:21 PM,Local sentence,ANDERSON,DVRSN,CAMP,DVRSN,357,300+,,Null,10/5/2026 12:07:13 AM,10/5/2026 12:07:13 AM
https://www.danesheriff.com/Residents/Detail/93147959,DISORDERLY CONDUCT; BAIL JUMPING - FELONY; BAIL JUMPING - FELONY; DISORDERLY CONDUCT; THEFT OF MAIL,; ; ; ; ,8,Madison Police Department,10/2/20268:07 PM,CO Prearraignment,Felony,93147959,"October 5, 2026 at 12:07 AM",Non-Hispanic,FEMALEHOUSING,FEMALEHOUSING,White,Female,Non-Hispanic,39.0,10/2/2026,30s,628297.0,01 CO Prearraignment,AMY,Y,No,10/3/2026 1:07:08 AM,Pretrial,TOLLEFSON,PSB,Physically in the jail,Public Safety Building,3,0,to 19,Null,10/5/2026 12:07:13 AM,10/5/2026 12:07:13 AM
https://www.danesheriff.com/Residents/Detail/220427,PAROLE VIOLATION,,1,Sun Prairie Police Department,6/8/20266:11 PM,P/P Violation (Hold),Civil,220427,"October 5, 2026 at 12:07 AM",Non-Hispanic,P4A,P4A,Black,Male,Non-Hispanic,41.0,6/8/2026,40s,623919.0,05 P/P Violation (Hold),RYAN,Y,Yes,6/8/2026 11:11:13 PM,P/P hold,FRANKLIN,PSB,Physically in the jail,Public Safety Building,119,100,to 119,Null,10/5/2026 12:07:13 AM,10/5/2026 12:07:13 AM
https://www.danesheriff.com/Residents/Detail/281064,PROBATION VIOLATION,,1,Sun Prairie Police Department,9/9/20267:21 PM,P/P Violation (Hold),Civil,281064,"October 5, 2026 at 12:07 AM",Non-Hispanic,6EAST,6EAST,White,Male,Non-Hispanic,43.0,9/9/2026,40s,627499.0,05 P/P Violation (Hold),ERIC,Y,Yes,9/10/2026 12:21:38 AM,P/P hold,BERGHAMMER,CCB,Physically in the jail,City-County Building,26,20,to 39,Null,10/5/2026 12:07:13 AM,10/5/2026 12:07:13 AM
https://www.danesheriff.com/Residents/Detail/781192,RETAIL THEFT INTENT TAKE; BAIL JUMPING - MISDEMEANOR; PROBATION VIOLATION; POSSESS DRUG PARAPHERNALIA,; 939.62(1)(A); ; ,6,Madison Police Department,9/22/20269:17 PM,CO Pretrial/Prob Hold,Misdemeanor,781192,"October 5, 2026 at 12:07 AM",Non-Hispanic,P4K,P4K,Black,Male,Non-Hispanic,21.0,9/22/2026,20s,627944.0,03P CO Pretrial/Prob Hold,JAVIAN,Y,Yes,9/23/2026 2:17:06 AM,Pretrial,OLDS,PSB,Physically in the jail,Public Safety Building,13,0,to 19,Null,10/5/2026 12:07:13 AM,10/5/2026 12:07:13 AM
https://www.danesheriff.com/Residents/Detail/503851,ROBBERY WITH USE OF FORCE; 2ND-DEG RECKLESSLY ENDANG SAFE; DISORDERLY CONDUCT; CRIMINAL DAMAGE TO PROPERTY; 2ND-DEG RECKLESSLY ENDANG SAFE; CAUSE INJURY BY RECKLESS DRIVE; KNOWINGLY FLEE AN OFFICER; HIT AND RUN; RESISTING OR OBSTRUCTING; OPERATING WHILE INTOXICATED; OPERATE MV WITHOUT CONSENT; THEFT; PROBATION VIOLATION; 2ND-DEG RECKLESSLY ENDANG SAFE; ROBBERY WITH USE OF FORCE; HIT AND RUN; CRIM DAMAGE PROP OVER 2500; CRIMINAL TRESPASS TO ENERGY PROVIDER PROPERTY,; ; ; ; 939.62(1)(B); ; 939.62(1)(B); 939.62(1)(B); 939.62(1)(A); ; 939.62(1)(B); 939.62(1)(A); ; 939.62(1)(A); 939.62(1)(C); 939.62(1)(B); ; ,21,Madison Police Department,11/23/20255:14 AM,CO Pretrial,Felony,503851,"October 5, 2026 at 12:07 AM",Non-Hispanic,6EAST,6EAST,White,Male,Non-Hispanic,22.0,11/23/2025,20s,616581.0,03 CO Pretrial,NICHOLAS,Y,No,11/23/2025 11:14:02 AM,Pretrial,BECKETT,CCB,Physically in the jail,City-County Building,316,300+,,Null,10/5/2026 12:07:13 AM,10/5/2026 12:07:13 AM
https://www.danesheriff.com/Residents/Detail/725345,POSSESSION OF COCAINE/BASE; RESISTING OR OBSTRUCTING; PROBATION VIOLATION; FEDERAL OFFENSE; POSSESS NARCOTIC/ANALOG; BAIL JUMPING - FELONY; RETAIL THEFT INTENT TAKE; BATTERY; POSSESS DRUG PARAPHERNALIA,; ; ; ; ; ; ; ; ,9,Madison Police Department,5/12/20262:40 AM,CO Pretrial/Prob Hold,Felony,725345,"October 5, 2026 at 12:07 AM",Non-Hispanic,P3K,P3K,Black,Male,Non-Hispanic,55.0,5/12/2026,50s,622810.0,03P CO Pretrial/Prob Hold,JERDEN,Y,Yes,5/12/2026 7:40:15 AM,Pretrial,MONTGOMERY,PSB,Physically in the jail,Public Safety Building,146,140,to 159,Null,10/5/2026 12:07:13 AM,10/5/2026 12:07:13 AM
https://www.danesheriff.com/Residents/Detail/210513,"BATTERY; DISORDERLY CONDUCT; INTIMIDATE VICTIM CONSPIRACY; CRIMINAL DAMAGE TO PROPERTY; ID THEFT; PAROLE VIOLATION; ARSON BUILDING WO OWNERS CONSE; THEFT; THEFT; DISORDERLY CONDUCT; TEAR GAS OC DEVICE CAUSE HARM; BATTERY; FORGERY UTTERING; FORGERY UTTERING; FORGERY UTTERING; RESISTING OR OBSTRUCTING; RETAIL THEFT INTENT TAKE; COMMIT LOAN FRAUD (VALUE EXCEEDS $500 BUT DOES NOT EXCEED $10,000); COUNTERFEIT CERT OF TITLE; FORGERY WRITINGS OR OBJECTS; FRAUD AGAINST FINANCIAL INSTITUTE; THEFT",; ; ; ; 939.05; ; ; ; 939.32; 939.63(1)(A); ; ; ; ; ; ; 939.62(1)(B); ; ; ; ; ,23,Sun Prairie Police Department; Madison Police Department; Deforest Police Department,8/28/20261:32 PM,State Resident Intransit,Felony,210513,"October 5, 2026 at 12:07 AM",Non-Hispanic,6WEST,6WEST,Black,Female,Non-Hispanic,41.0,8/28/2026,40s,626999.0,13 State Resident Intransit,LATOYA,Y,No,8/28/2026 6:32:01 PM,State resident,SMITH,CCB,Physically in the jail,City-County Building,38,20,to 39,Null,10/5/2026 12:07:13 AM,10/5/2026 12:07:13 AM
https://www.danesheriff.com/Residents/Detail/90108529,MANUF/DELIVER COCAINE 15-40 GR; MANUF/DELIVER COCAINE 5-15 GMS; MANUF/DELIVER COCAINE 40-100 G; FEDERAL OFFENSE,; ; ; ,4,US Marshal Service; Wisconsin Dept of Justice,9/15/20262:03 PM,CO Pretrial/Hold,Felony,90108529,"October 5, 2026 at 12:07 AM",Non-Hispanic,P4K,P4K,Black,Male,Non-Hispanic,49.0,9/15/2026,40s,627689.0,03H CO Pretrial/Hold,DEANDRE,Y,Yes,9/15/2026 7:03:51 PM,Pretrial,BISHOP,PSB,Physically in the jail,Public Safety Building,20,20,to 39,Null,10/5/2026 12:07:13 AM,10/5/2026 12:07:13 AM
https://www.danesheriff.com/Residents/Detail/819773,2ND-DEG RECKLESSLY ENDANG SAFE; TAMPER WITH HOUSEHOLD PRODUCTS,; ,2,UW Madison Police Department,4/10/202610:47 PM,CO Pretrial,Felony,819773,"October 5, 2026 at 12:07 AM",Non-Hispanic,P4K,P4K,Asian,Male,Non-Hispanic,42.0,4/10/2026,40s,621638.0,03 CO Pretrial,MAKOTO,Y,No,4/11/2026 3:47:42 AM,Pretrial,KURODA,PSB,Physically in the jail,Public Safety Building,178,160,to 179,Null,10/5/2026 12:07:13 AM,10/5/2026 12:07:13 AM
https://www.danesheriff.com/Residents/Detail/402127,OPERATING WHILE INTOXICATED; BAIL JUMPING - FELONY; TAMPERING W IGNITION INTERLOCK; OPERATE WITH PROHIBITED BAC; OPERATING WHILE REVOKED; BAIL JUMPING - FELONY; RESISTING OR OBSTRUCTING; OPERATING WHILE INTOXICATED; OPERATING WHILE REVOKED; BAIL JUMPING - FELONY,; ; ; ; ; ; ; ; ; ,10,Fitchburg Police Department,9/14/20261:16 AM,CO Pretrial,Felony,402127,"October 5, 2026 at 12:07 AM",Hispanic,P4K,P4K,White,Male,Hispanic,38.0,9/14/2026,30s,627638.0,03 CO Pretrial,AURELIANO,Y,No,9/14/2026 6:16:04 AM,Pretrial,PEREZ JUAREZ,PSB,Physically in the jail,Public Safety Building,21,20,to 39,Null,10/5/2026 12:07:13 AM,10/5/2026 12:07:13 AM
https://www.danesheriff.com/Residents/Detail/717421,PROBATION VIOLATION; DISORDERLY CONDUCT; CARRYING CONCEALED WEAPON,; 939.63(1)(A); ,3,McFarland Police Department,8/12/20262:39 AM,Presentence Invest,Felony,717421,"October 5, 2026 at 12:07 AM",Non-Hispanic,P3K,P3K,Black,Male,Non-Hispanic,25.0,8/12/2026,20s,626393.0,06 Presentence Invest,PAPE,Y,No,8/12/2026 7:39:06 AM,Presentence Investigation,CISSE,PSB,Physically in the jail,Public Safety Building,54,40,to 59,Null,10/5/2026 12:07:13 AM,10/5/2026 12:07:13 AM
https://www.danesheriff.com/Residents/Detail/90099571,MANUF/DELIVER COCAINE 5-15 GMS,,1,Dane County Sheriffs Office,3/6/20268:21 AM,Prob Sentence/Work Release,Felony,90099571,"October 5, 2026 at 12:07 AM",Non-Hispanic,CAMP,CAMP,White,Male,Non-Hispanic,51.0,3/6/2026,50s,620252.0,09W Prob Sentence/Work Release,LAWRENCE,Y,No,3/6/2026 2:21:22 PM,Local sentence,PETERSON,DVRSN,CAMP,DVRSN,213,200,to 219,Null,10/5/2026 12:07:13 AM,10/5/2026 12:07:13 AM
https://www.danesheriff.com/Residents/Detail/12727,2ND-DEG RECKLESSLY ENDANG SAFE; DISORDERLY CONDUCT; PROBATION VIOLATION,939.62(1)(B); 939.63(1)(A); ,3,Madison Police Department,4/2/20266:48 PM,P/P Violation (Hold),Felony,12727,"October 5, 2026 at 12:07 AM",Non-Hispanic,6EAST,6EAST,Black,Male,Non-Hispanic,30.0,4/2/2026,30s,621329.0,05 P/P Violation (Hold),ALBERT,Y,Yes,4/2/2026 11:48:01 PM,P/P hold,SINGER,CCB,Physically in the jail,City-County Building,186,180,to 199,Null,10/5/2026 12:07:13 AM,10/5/2026 12:07:13 AM
https://www.danesheriff.com/Residents/Detail/697500,OPERATING WHILE INTOXICATED,,1,UW Madison Police Department,10/5/20269:08 AM,Sentenced with Huber,Misdemeanor,697500,,,,,,,,,,,,,,,,,,,,,,,,,,,
https://www.danesheriff.com/Residents/Detail/800670,PROBATION VIOLATION; BATTERY; CARRYING CONCEALED WEAPON,; ; ,3,Fitchburg Police Department; Probation and Parole,7/24/20269:29 AM,Presentence Invest,Felony,800670,"October 5, 2026 at 12:07 AM",Non-Hispanic,7WEST,7WEST,Black,Male,Non-Hispanic,18.0,7/24/2026,<20,625661.0,06 Presentence Invest,MARCUS,Y,No,7/24/2026 2:29:28 PM,Presentence Investigation,ROWE,CCB,Physically in the jail,City-County Building,73,60,to 79,Null,10/5/2026 12:07:13 AM,10/5/2026 12:07:13 AM
https://www.danesheriff.com/Residents/Detail/90064472,PROBATION VIOLATION; RETAIL THEFT INTENT TAKE,; ,2,Madison Police Department,10/2/20261:10 AM,CO Prearr/Probation,Misdemeanor,90064472,"October 5, 2026 at 12:07 AM",Non-Hispanic,BOOKING,BOOKING,Black,Female,Non-Hispanic,58.0,10/2/2026,50s,628261.0,01P CO Prearr/Probation,OTERIA,Y,Yes,10/2/2026 6:10:49 AM,Pretrial,SINGLETON,PSB,Physically in the jail,Public Safety Building,3,0,to 19,Null,10/5/2026 12:07:13 AM,10/5/2026 12:07:13 AM
https://www.danesheriff.com/Residents/Detail/265544,PAROLE VIOLATION,,1,Dane County Sheriffs Office,10/30/20253:00 AM,P/P Violation (Hold),Civil,265544,"October 5, 2026 at 12:07 AM",Non-Hispanic,6EAST,6EAST,Black,Male,Non-Hispanic,55.0,10/30/2025,50s,615688.0,05 P/P Violation (Hold),DANIEL,Y,Yes,10/30/2025 8:00:30 AM,P/P hold,AVIDAN,CCB,Physically in the jail,City-County Building,340,300+,,Null,10/5/2026 12:07:13 AM,10/5/2026 12:07:13 AM
https://www.danesheriff.com/Residents/Detail/405068,DISORDERLY CONDUCT; CRIMINAL DAMAGE TO PROPERTY; PROBATION VIOLATION,973.055(1); 973.055(1); ,4,Madison Police Department,8/11/202610:47 AM,CO Pretrial/Prob Hold,Misdemeanor,405068,"October 5, 2026 at 12:07 AM",Non-Hispanic,P4A,P4A,White,Male,Non-Hispanic,30.0,8/11/2026,30s,626356.0,03P CO Pretrial/Prob Hold,NICHOLAS,Y,Yes,8/11/2026 3:47:31 PM,Pretrial,REBACZ,PSB,Physically in the jail,Public Safety Building,55,40,to 59,Null,10/5/2026 12:07:13 AM,10/5/2026 12:07:13 AM
https://www.danesheriff.com/Residents/Detail/90109200,PROBATION VIOLATION; BATTERY TO AN ELDER PERSON INTENTIONALLY CAUSE BODILY HARM; DISORDERLY CONDUCT,; 939.62(1)(B); 939.62(1)(A),3,Madison Police Department,8/7/20262:39 PM,CO Pretrial/Prob Hold,Misdemeanor,90109200,"October 5, 2026 at 12:07 AM",Non-Hispanic,P4G,P4G,Black,Male,Non-Hispanic,52.0,8/7/2026,50s,626202.0,03P CO Pretrial/Prob Hold,MURRAY,Y,Yes,8/7/2026 7:39:55 PM,Pretrial,ALLEN,PSB,Physically in the jail,Public Safety Building,59,40,to 59,Null,10/5/2026 12:07:13 AM,10/5/2026 12:07:13 AM
https://www.danesheriff.com/Residents/Detail/90097169,MISAPPROP ID INFO AVOID PENALTY; RESISTING OR OBSTRUCTING; BAIL JUMPING - MISDEMEANOR; BATTERY; DISORDERLY CONDUCT; DISORDERLY CONDUCT; CRIMINAL TRESPASS TO DWELLING; CRIMINAL DAMAGE TO PROPERTY; INTERSTATE COMPACT AGREEMENT,; ; ; 973.055(1); 973.055(1); 973.055(1); 973.055(1); 973.055(1); ,12,State Patrol-District #1; Dane County Sheriffs Office,8/24/20264:53 PM,CO Pretrial/Hold,Felony,90097169,"October 5, 2026 at 12:07 AM",Non-Hispanic,7WEST,7WEST,Black,Male,Non-Hispanic,52.0,8/24/2026,50s,626865.0,03H CO Pretrial/Hold,ANDRE,Y,Yes,8/24/2026 9:53:48 PM,Pretrial,SCOTT,CCB,Physically in the jail,City-County Building,42,40,to 59,Null,10/5/2026 12:07:13 AM,10/5/2026 12:07:13 AM
https://www.danesheriff.com/Residents/Detail/818344,DISORDERLY CONDUCT; FALSE IMPRISONMENT,973.055(1); 973.055(1),2,Madison Police Department,10/2/20262:04 AM,CO Prearraignment,Felony,818344,"October 5, 2026 at 12:07 AM",Non-Hispanic,MALESEG,MALESEG,White,Male,Non-Hispanic,47.0,10/2/2026,40s,628262.0,01 CO Prearraignment,JOSEPH,Y,No,10/2/2026 7:04:53 AM,Pretrial,EVANS,PSB,Physically in the jail,Public Safety Building,3,0,to 19,Null,10/5/2026 12:07:13 AM,10/5/2026 12:07:13 AM
https://www.danesheriff.com/Residents/Detail/95165599,REP 2ND SEX ASSLT SAME CHILD,,1,Dane County Sheriffs Office,7/1/20269:10 PM,State Resident Intransit,Felony,95165599,"October 5, 2026 at 12:07 AM",Non-Hispanic,6EAST,6EAST,White,Male,Non-Hispanic,42.0,7/1/2026,40s,624775.0,13 State Resident Intransit,JAMES,Y,No,7/2/2026 2:10:15 AM,State resident,MYERS,CCB,Physically in the jail,City-County Building,96,80,to 99,Null,10/5/2026 12:07:13 AM,10/5/2026 12:07:13 AM
https://www.danesheriff.com/Residents/Detail/617579,DISORDERLY CONDUCT; BATTERY,973.055(1); 973.055(1),2,Dane County Sheriffs Office,10/4/202611:19 PM,CO Prearraignment,Misdemeanor,617579,"October 5, 2026 at 12:07 AM",Non-Hispanic,BOOKING,BOOKING,White,Male,Non-Hispanic,79.0,10/4/2026,70s,628350.0,01 CO Prearraignment,ROBERT,Y,No,10/5/2026 4:19:37 AM,Pretrial,SMITH,PSB,Physically in the jail,Public Safety Building,1,0,to 19,Null,10/5/2026 12:07:13 AM,10/5/2026 12:07:13 AM
https://www.danesheriff.com/Residents/Detail/520025,BATTERY; DISORDERLY CONDUCT; PROBATION VIOLATION; FLEEING AN OFFICER; DISORDERLY CONDUCT; DISORDERLY CONDUCT; DISORDERLY CONDUCT,; ; ; ; ; ; 973.055(1),7,Madison Police Department,6/4/202612:23 AM,Sentenced/Outside Hold,Felony,520025,"October 5, 2026 at 12:07 AM",Non-Hispanic,6WEST,6WEST,White,Female,Non-Hispanic,35.0,6/4/2026,30s,623720.0,21 Sentenced/Outside Hold,TRISTA,Y,Yes,6/4/2026 5:23:46 AM,Local sentence,NELSON,CCB,Physically in the jail,City-County Building,123,120,to 139,Null,10/5/2026 12:07:13 AM,10/5/2026 12:07:13 AM
https://www.danesheriff.com/Residents/Detail/828691,1ST-DEG RECKLESSLY ENDANG SAFE; FALSE IMPRISONMENT; DISORDERLY CONDUCT; IMMIGRATION,; ; 939.63(1)(A); ,4,"Madison Police Department; Immigration/Naturalization, US",8/23/20264:01 AM,CO Pretrial,Felony,828691,"October 5, 2026 at 12:07 AM",Hispanic,P3K,P3K,White,Male,Hispanic,35.0,8/23/2026,30s,626810.0,03 CO Pretrial,JAMIE,Y,No,8/23/2026 9:01:22 AM,Pretrial,SANCHEZ VASQUEZ,PSB,Physically in the jail,Public Safety Building,43,40,to 59,Null,10/5/2026 12:07:13 AM,10/5/2026 12:07:13 AM
https://www.danesheriff.com/Residents/Detail/452867,POSSESSION OF CONTROLLED SUBST; POSSESS W/INT DEL THC <200 GMS; POSSESS NARCOTIC/ANALOG; POSSESS W/INTENT-SCHEDULE IV DRUGS; BAIL JUMPING - MISDEMEANOR; POSS SHORT BARREL GUN RIFLE; BAIL JUMPING - FELONY; RESISTING OR OBSTRUCTING; CARRYING CONCEALED WEAPON; MANFACTURE/DIS/DEL SYNTH CANN<200G; 1ST DEG INTENTIONAL HOMICIDE; 1ST DEG INTENTIONAL HOMICIDE; 1ST-DEG RECKLESSLY ENDANG SAFE; BAIL JUMPING - FELONY; RESISTING OR OBSTRUCTING; BAIL JUMPING - FELONY; POSSESSION PRESCRIPTION DRUG,961.48(1)(B); 961.48(1)(B); 961.48(1)(B); 961.48(1)(B); ; ; ; ; ; ; 939.05; 939.05; 939.05; ; ; ; ,21,Deforest Police Department; Madison Police Department; Dane County Sheriffs Office,7/21/20248:47 PM,CO Pretrial,Felony,452867,"October 5, 2026 at 12:07 AM",Non-Hispanic,P4E,P4E,Black,Male,Non-Hispanic,23.0,7/21/2024,20s,598968.0,03 CO Pretrial,DONIVAN,Y,No,7/22/2024 1:47:33 AM,Pretrial,DOUGLAS,PSB,Physically in the jail,Public Safety Building,806,300+,,Null,10/5/2026 12:07:13 AM,10/5/2026 12:07:13 AM
https://www.danesheriff.com/Residents/Detail/415188,OPERATING WHILE INTOXICATED; BAIL JUMPING - FELONY; BAIL JUMPING - MISDEMEANOR; TAMPERING W IGNITION INTERLOCK; OPERATING WHILE REVOKED; RESISTING OR OBSTRUCTING; OPERATING WHILE INTOXICATED; OPERATING WHILE INTOXICATED; OPERATE WITH PROHIBITED BAC; OPERATING WHILE REVOKED; OPERATING WHILE INTOXICATED; OPERATE WITH PROHIBITED BAC; OPERATING WHILE REVOKED; BAIL JUMPING - MISDEMEANOR,; ; ; ; ; ; ; ; ; ; ; ; ; ,15,Fitchburg Police Department,4/5/20265:38 AM,State Resident Intransit,Felony,415188,"October 5, 2026 at 12:07 AM",Hispanic,6EAST,6EAST,White,Male,Hispanic,35.0,4/5/2026,30s,621410.0,13 State Resident Intransit,AGUSTIN,Y,No,4/5/2026 10:38:11 AM,State resident,OCOTL-GARCIA,CCB,Physically in the jail,City-County Building,183,180,to 199,Null,10/5/2026 12:07:13 AM,10/5/2026 12:07:13 AM
https://www.danesheriff.com/Residents/Detail/246710,CRIMINAL DAMAGE TO PROPERTY; PAROLE VIOLATION; CRIMINAL DAMAGE TO PROPERTY; RESIST OFFICER - SUBSTANTIAL BODILY HARM/SOFT TISSUE; DISCHG BODY FLUID PUBLIC WRKR; DISORDERLY CONDUCT; RETAIL THEFT INTENT TAKE; BURGLARY DWELLING BOAT MOTOR H; BURGLARY BUILDING OR DWELLING; RETAIL THEFT INTENT TRANSFER; RETAIL THEFT INTENT TAKE; BURGLARY BUILDING OR DWELLING,939.62(1)(A); ; 939.62(1)(A); 939.62(1)(B); 939.62(1)(B); 939.62(1)(A); 939.62(1)(A); ; ; ; ; ,12,Dane County Circuit Court; Madison Police Department,6/27/20251:06 AM,P/P Violation (Hold),Felony,246710,"October 5, 2026 at 12:07 AM",Non-Hispanic,7WEST,7WEST,Black,Male,Non-Hispanic,39.0,6/27/2025,30s,611199.0,05 P/P Violation (Hold),QUINN,Y,Yes,6/27/2025 6:06:56 AM,P/P hold,MCCONNELL,CCB,Physically in the jail,City-County Building,465,300+,,Null,10/5/2026 12:07:13 AM,10/5/2026 12:07:13 AM
https://www.danesheriff.com/Residents/Detail/558532,DISORDERLY CONDUCT; BAIL JUMPING - FELONY,973.055(1); ,2,Madison Police Department,10/4/20269:28 PM,CO Prearraignment,Felony,558532,"October 5, 2026 at 12:07 AM",Non-Hispanic,BOOKING,BOOKING,Black,Female,Non-Hispanic,28.0,10/4/2026,20s,628347.0,01 CO Prearraignment,DIANA,Y,No,10/5/2026 2:28:36 AM,Pretrial,MOON,PSB,Physically in the jail,Public Safety Building,1,0,to 19,Null,10/5/2026 12:07:13 AM,10/5/2026 12:07:13 AM
https://www.danesheriff.com/Residents/Detail/770530,POSSESS W/ INTENT DELIVER NARC,,1,Dodge Co Sheriff's Office,9/25/20268:06 AM,Prob Sentence/Work Release,Felony,770530,"October 5, 2026 at 12:07 AM",Non-Hispanic,CAMP,CAMP,Black,Male,Non-Hispanic,23.0,9/25/2026,20s,628022.0,09W Prob Sentence/Work Release,DA-DON ARTISE,Y,No,9/25/2026 1:06:05 PM,Local sentence,THOMPSON,DVRSN,CAMP,DVRSN,10,0,to 19,Null,10/5/2026 12:07:13 AM,10/5/2026 12:07:13 AM
https://www.danesheriff.com/Residents/Detail/592407,BAIL JUMPING - FELONY; PAROLE VIOLATION,; ,3,Madison Police Department,8/19/20261:44 AM,CO Pretrial/Prob Hold,Felony,592407,"October 5, 2026 at 12:07 AM",Non-Hispanic,P4A,P4A,Black,Male,Non-Hispanic,26.0,8/19/2026,20s,626652.0,03P CO Pretrial/Prob Hold,KYAIRE,Y,Yes,8/19/2026 6:44:36 AM,Pretrial,TURNER-CALVIN,PSB,Physically in the jail,Public Safety Building,47,40,to 59,Null,10/5/2026 12:07:13 AM,10/5/2026 12:07:13 AM
https://www.danesheriff.com/Residents/Detail/90104626,CONTEMPT OF COURT PUN SANCTION; POSSESSION METHAMPHETAMINE; PROBATION VIOLATION,; ; ,3,Monona Police Department,5/28/20265:24 AM,P/P Violation (Hold),Felony,90104626,"October 5, 2026 at 12:07 AM",Non-Hispanic,P3K,P3K,White,Male,Non-Hispanic,47.0,5/28/2026,40s,623429.0,05 P/P Violation (Hold),JOEY,Y,Yes,5/28/2026 10:24:34 AM,P/P hold,ACE,PSB,Physically in the jail,Public Safety Building,130,120,to 139,Null,10/5/2026 12:07:13 AM,10/5/2026 12:07:13 AM
https://www.danesheriff.com/Residents/Detail/413311,BATTERY; CRIMINAL DAMAGE TO PROPERTY; BATTERY TO CERTAIN INDIVIDUALS INVOLVED WITH A COURT OR LEGAL SYSTEM; CRIMINAL DAMAGE TO PROPERTY,939.62(1)(A); 939.62(1)(A); ; ,5,Madison Police Department; Dane County Sheriffs Office,8/23/20251:11 AM,CO Pretrial,Misdemeanor,413311,"October 5, 2026 at 12:07 AM",Non-Hispanic,6WEST,6WEST,Black,Female,Non-Hispanic,35.0,8/23/2025,30s,613260.0,03 CO Pretrial,TAWANNA,Y,No,8/23/2025 6:11:10 AM,Pretrial,RHYNES,CCB,Physically in the jail,City-County Building,408,300+,,Null,10/5/2026 12:07:13 AM,10/5/2026 12:07:13 AM
https://www.danesheriff.com/Residents/Detail/829505,BATTERY TO CERTAIN INDIVIDUALS INVOLVED WITH A COURT OR LEGAL SYSTEM; BATTERY TO CERTAIN INDIVIDUALS INVOLVED WITH A COURT OR LEGAL SYSTEM; RESIST OFFICER - SUBSTANTIAL BODILY HARM/SOFT TISSUE; POSS OF FIREARM BY A FELON; RESISTING OR OBSTRUCTING; DISORDERLY CONDUCT; RESIST OFFICER - SUBSTANTIAL BODILY HARM/SOFT TISSUE,; 939.32; ; ; ; 973.055(1); ,7,Madison Police Department,9/3/20261:52 AM,CO Pretrial,Felony,829505,"October 5, 2026 at 12:07 AM",Non-Hispanic,P4G,P4G,Black,Male,Non-Hispanic,22.0,9/3/2026,20s,627238.0,03 CO Pretrial,LAMAR,Y,No,9/3/2026 6:52:08 AM,Pretrial,GRANT-LAWLESS,PSB,Physically in the jail,Public Safety Building,32,20,to 39,Null,10/5/2026 12:07:13 AM,10/5/2026 12:07:13 AM
https://www.danesheriff.com/Residents/Detail/238580,PROBATION VIOLATION; CONTEMPT OF COURT PUN SANCTION; CONTEMPT OF COURT PUN SANCTION; CONTEMPT OF COURT PUN SANCTION; CONTEMPT OF COURT PUN SANCTION; EXTENDED SUPERVISION SANCTIONS,; ; ; ; ; ,6,Winnebago Co Sheriff's Office,9/1/20261:05 PM,E.S. w/o work rel-Outside hold,Misdemeanor,238580,"October 5, 2026 at 12:07 AM",Non-Hispanic,6EAST,6EAST,Black,Male,Non-Hispanic,36.0,9/1/2026,30s,627155.0,22H E.S. w/o wrk rel-Outsde hld,DARRELL,Y,Yes,9/1/2026 6:05:33 PM,Extended supervision,MCCARTER,CCB,Physically in the jail,City-County Building,34,20,to 39,JR,10/5/2026 12:07:13 AM,10/5/2026 12:07:13 AM
https://www.danesheriff.com/Residents/Detail/199931,FALSE IMPRISONMENT; RESISTING OR OBSTRUCTING; DISORDERLY CONDUCT,973.055(1); ; 973.055(1),3,Fitchburg Police Department,5/23/20268:46 PM,CO Pretrial,Felony,199931,"October 5, 2026 at 12:07 AM",Hispanic,6WEST,6WEST,White,Male,Hispanic,41.0,5/23/2026,40s,623268.0,03 CO Pretrial,MIGUEL,Y,No,5/24/2026 1:46:22 AM,Pretrial,URBINA,CCB,Physically in the jail,City-County Building,135,120,to 139,Null,10/5/2026 12:07:13 AM,10/5/2026 12:07:13 AM
https://www.danesheriff.com/Residents/Detail/325798,PROBATION VIOLATION; SUBSTANTIAL BATTERY; DISORDERLY CONDUCT; RESISTING OR OBSTRUCTING; POSSESS DRUG PARAPHERNALIA; RETAIL THEFT INTENT TAKE,; 939.62(1)(B); 939.63(1)(A); 939.62(1)(A); 939.62(1)(A); ,6,Shorewood Hills Police Dept.; Madison Police Department,9/13/20264:00 PM,CO Pretrial/Prob Hold,Felony,325798,"October 5, 2026 at 12:07 AM",Non-Hispanic,P3I,P3I,Black,Female,Non-Hispanic,34.0,9/13/2026,30s,627620.0,03P CO Pretrial/Prob Hold,ANDJULETTE,Y,Yes,9/13/2026 9:00:36 PM,Pretrial,CLARK,PSB,Physically in the jail,Public Safety Building,22,20,to 39,Null,10/5/2026 12:07:13 AM,10/5/2026 12:07:13 AM
https://www.danesheriff.com/Residents/Detail/769095,POSS OF FIREARM BY A FELON; RESISTING OR OBSTRUCTING; PROBATION VIOLATION; POSSESSION OF CONTROLLED SUBST,; ; ; ,4,Dane County Sheriffs Office,3/25/20262:00 PM,Presentence Invest/Prob Hold,Felony,769095,"October 5, 2026 at 12:07 AM",Non-Hispanic,P4K,P4K,Black,Male,Non-Hispanic,21.0,3/25/2026,20s,621006.0,06PPresentence Invest/Prob Hold,JEREMIAH,Y,Yes,3/25/2026 7:00:13 PM,Presentence Investigation,DAVIS,PSB,Physically in the jail,Public Safety Building,194,180,to 199,Null,10/5/2026 12:07:13 AM,10/5/2026 12:07:13 AM
https://www.danesheriff.com/Residents/Detail/544461,PROBATION VIOLATION; RETAIL THEFT INTENT TAKE; RETAIL THEFT INTENT TAKE; RETAIL THEFT INTENT TAKE; RETAIL THEFT INTENT TAKE; BAIL JUMPING - FELONY; RETAIL THEFT INTENT TAKE; RETAIL THEFT INTENT TAKE,; 939.05; ; ; ; ; ; ,9,Dane County Circuit Court; Madison Police Department; Probation and Parole,4/16/202612:50 PM,Presentence Invest,Felony,544461,"October 5, 2026 at 12:07 AM",Non-Hispanic,P4A,P4A,Black,Male,Non-Hispanic,31.0,4/16/2026,30s,621838.0,06 Presentence Invest,JEVARIOUS,Y,No,4/16/2026 5:50:40 PM,Presentence Investigation,ROCKMORE,PSB,Physically in the jail,Public Safety Building,172,160,to 179,Null,10/5/2026 12:07:13 AM,10/5/2026 12:07:13 AM
https://www.danesheriff.com/Residents/Detail/232911,SEX REGISTRY VIOLATION; STRANGULATION; INTIMIDATE VICTIM/DOMESTIC ABUSE CRMIE; BATTERY; DISORDERLY CONDUCT; BAIL JUMPING - FELONY; OPERATE MV WITHOUT CONSENT; KNOWINGLY FLEE AN OFFICER; 2ND-DEG RECKLESSLY ENDANG SAFE; BAIL JUMPING - FELONY,; 973.055(1); 973.055(1); 973.055(1); 973.055(1); ; ; ; ; ,10,Fitchburg Police Department; Madison Police Department; Maple Bluff Police Department,9/16/20261:51 AM,CO Pretrial,Felony,232911,"October 5, 2026 at 12:07 AM",Non-Hispanic,P4G,P4G,Black,Male,Non-Hispanic,38.0,9/16/2026,30s,627709.0,03 CO Pretrial,KENNETH,Y,No,9/16/2026 6:51:53 AM,Pretrial,THOMAS,PSB,Physically in the jail,Public Safety Building,19,0,to 19,Null,10/5/2026 12:07:13 AM,10/5/2026 12:07:13 AM
https://www.danesheriff.com/Residents/Detail/227714,PROBATION VIOLATION,,1,Madison Police Department,9/25/20262:22 PM,P/P Violation (Hold),Civil,227714,"October 5, 2026 at 12:07 AM",Non-Hispanic,P4K,P4K,White,Male,Non-Hispanic,38.0,9/25/2026,30s,628028.0,05 P/P Violation (Hold),RICHARD,Y,Yes,9/25/2026 7:22:48 PM,P/P hold,BAHL,PSB,Physically in the jail,Public Safety Building,10,0,to 19,Null,10/5/2026 12:07:13 AM,10/5/2026 12:07:13 AM
https://www.danesheriff.com/Residents/Detail/359962,POSS OF FIREARM BY A FELON,,1,Madison Police Department,3/22/20268:21 PM,Prob Sentence/Work Release,Felony,359962,"October 5, 2026 at 12:07 AM",Non-Hispanic,CAMP,CAMP,Black,Male,Non-Hispanic,46.0,3/22/2026,40s,620897.0,09W Prob Sentence/Work Release,JEFFREY,Y,No,3/23/2026 1:21:33 AM,Local sentence,POPE,DVRSN,CAMP,DVRSN,197,180,to 199,Null,10/5/2026 12:07:13 AM,10/5/2026 12:07:13 AM
https://www.danesheriff.com/Residents/Detail/533557,OPERATING WHILE INTOXICATED,,1,Dane County Sheriffs Office,7/16/20263:38 PM,Sentenced Huber Revoked,Misdemeanor,533557,"October 5, 2026 at 12:07 AM",Non-Hispanic,P4K,P4K,Black,Male,Non-Hispanic,38.0,7/16/2026,30s,625355.0,08V Sentenced Huber Revoked,ERIC,Y,No,7/16/2026 8:38:35 PM,Local sentence,LOVE PADGETT,PSB,Physically in the jail,Public Safety Building,81,80,to 99,Null,10/5/2026 12:07:13 AM,10/5/2026 12:07:13 AM
https://www.danesheriff.com/Residents/Detail/90009235,OPERATING WHILE INTOXICATED; RECKLESS DRIVING; KNOWINGLY FLEE AN OFFICER; PROBATION VIOLATION; 2ND-DEG RECKLESSLY ENDANG SAFE; THREAT INJ ACCUSE OF CRIME,; ; ; ; 939.63(1)(A); ,6,Maple Bluff Police Department,10/4/20253:31 AM,Prob Sentence/Work Release,Felony,90009235,"October 5, 2026 at 12:07 AM",Non-Hispanic,CAMP,CAMP,Black,Male,Non-Hispanic,62.0,10/4/2025,60s,614819.0,09W Prob Sentence/Work Release,RAFAEL,Y,No,10/4/2025 8:31:51 AM,Local sentence,CHAMPAGNE,DVRSN,CAMP,DVRSN,366,300+,,Null,10/5/2026 12:07:13 AM,10/5/2026 12:07:13 AM
https://www.danesheriff.com/Residents/Detail/330302,PAROLE VIOLATION,,1,Probation and Parole,9/28/20264:38 PM,P/P Violation (Hold),Civil,330302,"October 5, 2026 at 12:07 AM",Non-Hispanic,P4E,P4E,White,Male,Non-Hispanic,32.0,9/28/2026,30s,628129.0,05 P/P Violation (Hold),DILLON,Y,Yes,9/28/2026 9:38:17 PM,P/P hold,ROSE,PSB,Physically in the jail,Public Safety Building,7,0,to 19,Null,10/5/2026 12:07:13 AM,10/5/2026 12:07:13 AM
https://www.danesheriff.com/Residents/Detail/390572,RETAIL THEFT INTENT TAKE; PAROLE VIOLATION; EXTENDED SUPERVISION SANCTIONS,; ; ,3,Madison Police Department,9/15/20265:43 PM,E.S. Sanct w/out work release,Misdemeanor,390572,"October 5, 2026 at 12:07 AM",Non-Hispanic,7WEST,7WEST,Black,Male,Non-Hispanic,28.0,9/15/2026,20s,627695.0,22 E.S. Sanct w/out wrk release,TEQWAUNE,Y,No,9/15/2026 10:43:22 PM,Extended supervision,ADAMS,CCB,Physically in the jail,City-County Building,20,20,to 39,Null,10/5/2026 12:07:13 AM,10/5/2026 12:07:13 AM
https://www.danesheriff.com/Residents/Detail/784835,PAROLE VIOLATION,,1,Probation and Parole,7/31/202611:09 AM,P/P Violation (Hold),Civil,784835,"October 5, 2026 at 12:07 AM",Non-Hispanic,P3I,P3I,White,Female,Non-Hispanic,30.0,7/31/2026,30s,625900.0,05 P/P Violation (Hold),PAIGE,Y,Yes,7/31/2026 4:09:25 PM,P/P hold,WADE,PSB,Physically in the jail,Public Safety Building,66,60,to 79,Null,10/5/2026 12:07:13 AM,10/5/2026 12:07:13 AM
https://www.danesheriff.com/Residents/Detail/90118208,CRIM DAMAGE PROP OVER 2500; OPERATE MV WITHOUT CONSENT; PAROLE VIOLATION; NEG HANDLING OF BURNING MATL,; ; ; ,4,Sun Prairie Police Department,5/14/202610:15 PM,CO Pretrial/Prob Hold,Felony,90118208,"October 5, 2026 at 12:07 AM",Non-Hispanic,P3A,P3A,Asian,Male,Non-Hispanic,44.0,5/14/2026,40s,622935.0,03P CO Pretrial/Prob Hold,RODNEY,Y,Yes,5/15/2026 3:15:33 AM,Pretrial,MOUTH,PSB,Physically in the jail,Public Safety Building,144,140,to 159,Null,10/5/2026 12:07:13 AM,10/5/2026 12:07:13 AM
https://www.danesheriff.com/Residents/Detail/627246,PROBATION VIOLATION; FALSE IMPRISONMENT; DISORDERLY CONDUCT; DISORDERLY CONDUCT; CARRYING CONCEALED WEAPON; POSS OF FIREARM BY A FELON; BATTERY,; 973.055(1); 973.055(1); 973.055(1); 939.62(1)(A); 939.62(1)(B); 973.055(1),8,Madison Police Department,4/21/20267:55 PM,P/P Violation (Hold),Felony,627246,"October 5, 2026 at 12:07 AM",Non-Hispanic,7WEST,7WEST,Black,Male,Non-Hispanic,24.0,4/21/2026,20s,622016.0,05 P/P Violation (Hold),TRADELL,Y,Yes,4/22/2026 12:55:00 AM,P/P hold,JONES,CCB,Physically in the jail,City-County Building,167,160,to 179,JR,10/5/2026 12:07:13 AM,10/5/2026 12:07:13 AM
https://www.danesheriff.com/Residents/Detail/89401512,RESISTING OR OBSTRUCTING; ESCAPE; BAIL JUMPING - FELONY; POSSESS CHILD PORNOGRAPHY; POSS VIRTUAL CHILD PORNOGRAPHY; STALKING; STALKING; STALKING,; ; ; ; ; ; ; ,27,Madison Police Department; Dane County Sheriffs Office; Rock Co Sheriff's Office,8/28/20266:51 PM,CO Pretrial/Hold,Felony,89401512,"October 5, 2026 at 12:07 AM",Non-Hispanic,7WEST,7WEST,White,Male,Non-Hispanic,43.0,8/28/2026,40s,627011.0,03H CO Pretrial/Hold,ALEXANDER,Y,Yes,8/28/2026 11:51:24 PM,Pretrial,ERNST,CCB,Physically in the jail,City-County Building,38,20,to 39,Null,10/5/2026 12:07:13 AM,10/5/2026 12:07:13 AM
https://www.danesheriff.com/Residents/Detail/720314,2ND-DEG RECKLESSLY ENDANG SAFE; KNOWINGLY FLEE AN OFFICER; RESISTING OR OBSTRUCTING; OPERATE MV WITHOUT CONSENT; PROBATION VIOLATION; FALSE IMPRISONMENT; BAIL JUMPING - FELONY,939.62(1)(B); 939.62(1)(B); 939.62(1)(A); 939.62(1)(B); ; 939.62(1)(B); 939.62(1)(B),7,Fitchburg Police Department,6/1/20262:42 AM,CO Pretrial/Prob Hold,Felony,720314,"October 5, 2026 at 12:07 AM",Non-Hispanic,P4K,P4K,Black,Male,Non-Hispanic,38.0,6/1/2026,30s,623582.0,03P CO Pretrial/Prob Hold,LAVON,Y,Yes,6/1/2026 7:42:32 AM,Pretrial,DORSEY,PSB,Physically in the jail,Public Safety Building,126,120,to 139,Null,10/5/2026 12:07:13 AM,10/5/2026 12:07:13 AM
https://www.danesheriff.com/Residents/Detail/728804,ARMED ROBBERY; BAIL JUMPING - FELONY; BAIL JUMPING - MISDEMEANOR,; ; ,4,Madison Police Department,6/29/20266:18 PM,CO Pretrial,Felony,728804,"October 5, 2026 at 12:07 AM",Non-Hispanic,6WEST,6WEST,Black,Male,Non-Hispanic,18.0,6/29/2026,<20,624700.0,03 CO Pretrial,JAMELL,Y,No,6/29/2026 11:18:58 PM,Pretrial,COPELAND,CCB,Physically in the jail,City-County Building,98,80,to 99,Null,10/5/2026 12:07:13 AM,10/5/2026 12:07:13 AM
https://www.danesheriff.com/Residents/Detail/21079,PHYSICAL ABUSE OF A CHILD; DISORDERLY CONDUCT; MUNICIPAL VIOLATION - MISC,; ; ,3,Madison Police Department,8/20/19995:10 PM,Sentenced with Huber,Felony,21079,,,,,,,,,,,,,,,,,,,,,,,,,,,
https://www.danesheriff.com/Residents/Detail/93231288,PAROLE VIOLATION,,1,Madison Police Department,7/31/20267:30 PM,P/P Violation (Hold),Civil,93231288,"October 5, 2026 at 12:07 AM",Non-Hispanic,P4C,P4C,White,Male,Non-Hispanic,41.0,7/31/2026,40s,625914.0,05 P/P Violation (Hold),CHADWICK,Y,Yes,8/1/2026 12:30:52 AM,P/P hold,COFFEY,PSB,Physically in the jail,Public Safety Building,66,60,to 79,Null,10/5/2026 12:07:13 AM,10/5/2026 12:07:13 AM
https://www.danesheriff.com/Residents/Detail/90109114,PROBATION VIOLATION; KNOWINGLY FLEE AN OFFICER,; ,2,Probation and Parole,8/4/20261:32 PM,Sentenced Huber Revoked,Felony,90109114,"October 5, 2026 at 12:07 AM",Non-Hispanic,P3G,P3G,White,Female,Non-Hispanic,46.0,8/4/2026,40s,626074.0,08V Sentenced Huber Revoked,COLLEEN,Y,No,8/4/2026 6:32:04 PM,Local sentence,MACKESSY,PSB,Physically in the jail,Public Safety Building,62,60,to 79,Null,10/5/2026 12:07:13 AM,10/5/2026 12:07:13 AM
https://www.danesheriff.com/Residents/Detail/713670,PROBATION VIOLATION; KNOWINGLY FLEE AN OFFICER; POS W/INT DEL COCAINE 40-100GM; POSSESS NARCOTIC/ANALOG; 2ND-DEG RECKLESSLY ENDANG SAFE; FEDERAL OFFENSE,; 939.62(1)(B); 939.62(1)(C); 939.62(1)(B); 939.62(1)(B); ,6,Monona Police Department; US Marshal Service,2/24/20264:16 PM,CO Pretrial/Prob Hold,Felony,713670,"October 5, 2026 at 12:07 AM",Non-Hispanic,6EAST,6EAST,Black,Male,Non-Hispanic,22.0,2/24/2026,20s,619875.0,03P CO Pretrial/Prob Hold,DAQUAN,Y,Yes,2/24/2026 10:16:54 PM,Pretrial,THOMPSON,CCB,Physically in the jail,City-County Building,223,220,to 239,Null,10/5/2026 12:07:13 AM,10/5/2026 12:07:13 AM
https://www.danesheriff.com/Residents/Detail/409378,PROBATION VIOLATION; MANUF/DEL FENTANYL (<=10G); MANUF/DELIVER COCAINE 15-40 GR; KNOWINGLY FLEE AN OFFICER,; 939.62(1)(C); 939.62(1)(C); ,6,Madison Police Department,9/22/20265:10 PM,CO Pretrial/Prob Hold,Felony,409378,"October 5, 2026 at 12:07 AM",Non-Hispanic,P4A,P4A,Black,Male,Non-Hispanic,36.0,9/22/2026,30s,627934.0,03P CO Pretrial/Prob Hold,LAQUANDIS,Y,Yes,9/22/2026 10:10:48 PM,Pretrial,GIBSON,PSB,Physically in the jail,Public Safety Building,13,0,to 19,Null,10/5/2026 12:07:13 AM,10/5/2026 12:07:13 AM
https://www.danesheriff.com/Residents/Detail/749164,CARRYING A CONCEALED KNIFE; BAIL JUMPING - FELONY; BAIL JUMPING - MISDEMEANOR; PROBATION VIOLATION; FALSE IMPRISONMENT; 1ST DEG SEX ASSAULT USE WEAPON; ENTRY INTO LOCKED BLDG; THEFT PROP LESS THAN $2500; BURGLARY; BAIL JUMPING - MISDEMEANOR; BAIL JUMPING - FELONY,; 939.62(1)(B); ; ; 939.62(1)(B); 939.62(1)(C); 939.62(1)(A); ; 939.32; 939.62(1)(A); 939.62(1)(B),13,Madison Police Department; UW Madison Police Department,6/17/202610:55 AM,CO Pretrial/Prob Hold,Felony,749164,"October 5, 2026 at 12:07 AM",Non-Hispanic,6WEST,6WEST,Black,Male,Non-Hispanic,44.0,6/17/2026,40s,624240.0,03P CO Pretrial/Prob Hold,DONTEL,Y,Yes,6/17/2026 3:55:00 PM,Pretrial,CONEY,CCB,Physically in the jail,City-County Building,110,100,to 119,Null,10/5/2026 12:07:13 AM,10/5/2026 12:07:13 AM
https://www.danesheriff.com/Residents/Detail/575207,PAROLE VIOLATION; NEGLECTING A CHILD SPECIFIED HARM DID NOT OCCUR; BATTERY TO CERTAIN INDIVIDUALS INVOLVED WITH A COURT OR LEGAL SYSTEM; POS W/INT DEL HEROIN 10-50 GMS; POS W/INT DEL THC 1000-2500 GM; RESIST OFFICER - SUBSTANTIAL BODILY HARM/SOFT TISSUE; POSS OF FIREARM BY A FELON; RESISTING OR OBSTRUCTING; FEDERAL OFFENSE,; ; ; ; ; ; ; ; ,9,US Marshal Service; Madison Police Department,3/27/20261:35 AM,CO Pretrial/Prob Hold,Felony,575207,"October 5, 2026 at 12:07 AM",Non-Hispanic,P4E,P4E,Black,Male,Non-Hispanic,28.0,3/27/2026,20s,621075.0,03P CO Pretrial/Prob Hold,EDWARD,Y,Yes,3/27/2026 6:35:41 AM,Pretrial,LAIRD,PSB,Physically in the jail,Public Safety Building,192,180,to 199,JR,10/5/2026 12:07:13 AM,10/5/2026 12:07:13 AM
https://www.danesheriff.com/Residents/Detail/763413,DISORDERLY CONDUCT; BATTERY; STRANGULATION; INTIM VICTIM USE ATT FORCE; FALSE IMPRISONMENT; SUBSTANTIAL BATTERY; CRIMINAL DAMAGE TO PROPERTY; DISORDERLY CONDUCT; 1ST DEG INTENTIONAL HOMICIDE; IMMIGRATION,973.055(1); 973.055(1); 973.055(1); 973.055(1); 973.055(1); ; 973.055(1); 973.055(1); 968.075(1)(A); ,11,"Fitchburg Police Department; La Crosse Co Sheriff's Office; Madison Police Department; Immigration/Naturalization, US",6/2/20269:13 PM,CO Pretrial/Hold,Felony,763413,"October 5, 2026 at 12:07 AM",Hispanic,IOWA,Iowa County,White,Male,Hispanic,28.0,6/2/2026,20s,623671.0,03H CO Pretrial/Hold,IVAN,Y,Yes,6/3/2026 2:13:05 AM,Pretrial,CANCHOLA GARCIA,OUTSIDE,Housed in other jails,Other,125,120,to 139,Null,10/5/2026 12:07:13 AM,10/5/2026 12:07:13 AM
https://www.danesheriff.com/Residents/Detail/376365,BAIL JUMPING - FELONY; BAIL JUMPING - MISDEMEANOR; RESISTING OR OBSTRUCTING; RETAIL THEFT INTENT TAKE; POSSESS DRUG PARAPHERNALIA; POSSESSION OF COCAINE/BASE; POSSESSION METHAMPHETAMINE; POSSESSION OF COCAINE/BASE; POSSESS DRUG PARAPHERNALIA; RETAIL THEFT INTENT TAKE; RETAIL THEFT INTENT TAKE; RETAIL THEFT INTENT TAKE; BAIL JUMPING - FELONY; RETAIL THEFT INTENT TAKE; RETAIL THEFT INTENT TAKE; RETAIL THEFT INTENT TAKE; TRESPASS TO LAND REMAIN NOTICE; BAIL JUMPING - FELONY; BAIL JUMPING - MISDEMEANOR; POSSESSION METHAMPHETAMINE; 2ND DEG SEX ASSAULT USE FORCE,; ; ; ; ; ; ; ; ; ; ; ; ; ; ; ; ; ; ; ; ,32,Sun Prairie Police Department; Madison Police Department; Menominee Co Sheriff's Office,4/30/202510:47 PM,CO Pretrial/Hold,Felony,376365,"October 5, 2026 at 12:07 AM",Non-Hispanic,IOWA,Iowa County,Black,Male,Non-Hispanic,40.0,4/30/2025,40s,609179.0,03H CO Pretrial/Hold,NATHANIEL,Y,Yes,5/1/2025 3:47:06 AM,Pretrial,STABLER,OUTSIDE,Housed in other jails,Other,523,300+,,Null,10/5/2026 12:07:13 AM,10/5/2026 12:07:13 AM
https://www.danesheriff.com/Residents/Detail/90095868,OMVWI; PAROLE VIOLATION,; ,2,Fitchburg Police Department,9/19/20267:00 AM,P/P Violation (Hold),Misdemeanor,90095868,"October 5, 2026 at 12:07 AM",Non-Hispanic,P4G,P4G,Black,Male,Non-Hispanic,61.0,9/19/2026,60s,627834.0,05 P/P Violation (Hold),DEWAYNE,Y,Yes,9/19/2026 12:00:05 PM,P/P hold,BRISCO,PSB,Physically in the jail,Public Safety Building,16,0,to 19,Null,10/5/2026 12:07:13 AM,10/5/2026 12:07:13 AM
https://www.danesheriff.com/Residents/Detail/90120175,POS W/INT DEL THC 200-1000 GMS,,1,Dane County Sheriffs Office,6/22/19982:28 PM,Sentenced with Huber,Felony,90120175,,,,,,,,,,,,,,,,,,,,,,,,,,,
https://www.danesheriff.com/Residents/Detail/599585,KNOWINGLY FLEE AN OFFICER; TAMPERING WITH A GLOBAL POSITIONING SYSTEM TRACKING DEVICE; BAIL JUMPING - FELONY; RESISTING OR OBSTRUCTING; PAROLE VIOLATION,939.62(1)(B); 939.62(1)(B); 939.62(1)(B); 939.62(1)(A); ,5,Sun Prairie Police Department,9/28/202612:27 AM,CO Pretrial/Prob Hold,Felony,599585,"October 5, 2026 at 12:07 AM",Non-Hispanic,7WEST,7WEST,Black,Male,Non-Hispanic,23.0,9/28/2026,20s,628101.0,03P CO Pretrial/Prob Hold,MONTEVIOUS,Y,Yes,9/28/2026 5:27:03 AM,Pretrial,COLE,CCB,Physically in the jail,City-County Building,7,0,to 19,Null,10/5/2026 12:07:13 AM,10/5/2026 12:07:13 AM
https://www.danesheriff.com/Residents/Detail/829368,EXTRADITION,,1,US Marshal Service,8/31/20268:22 PM,Non Fed Resident Intransit,Civil,829368,"October 5, 2026 at 12:07 AM",Hispanic,P3K,P3K,White,Male,Hispanic,43.0,8/31/2026,40s,627133.0,14 Resident Intransit,RAUL,Y,No,9/1/2026 1:22:10 AM,Other in transit,BERRUQUIN,PSB,Physically in the jail,Public Safety Building,35,20,to 39,Null,10/5/2026 12:07:13 AM,10/5/2026 12:07:13 AM
https://www.danesheriff.com/Residents/Detail/706681,RETAIL THEFT INTENT TAKE; PROBATION VIOLATION; RESISTING OR OBSTRUCTING; DISORDERLY CONDUCT,939.62(1)(A); ; ; ,4,Madison Police Department,8/12/20261:34 PM,CO Pretrial/Hold,Misdemeanor,706681,"October 5, 2026 at 12:07 AM",Non-Hispanic,6EAST,6EAST,White,Male,Non-Hispanic,29.0,8/12/2026,20s,626406.0,03H CO Pretrial/Hold,LAKOTA,Y,Yes,8/12/2026 6:34:50 PM,Pretrial,EGGLESTON,CCB,Physically in the jail,City-County Building,54,40,to 59,Null,10/5/2026 12:07:13 AM,10/5/2026 12:07:13 AM
https://www.danesheriff.com/Residents/Detail/273827,OPERATING WHILE INTOXICATED; OPERATING WHILE INTOXICATED,; ,2,Dane County Sheriffs Office,10/5/202611:13 AM,Sentenced with Huber,Misdemeanor,273827,,,,,,,,,,,,,,,,,,,,,,,,,,,
https://www.danesheriff.com/Residents/Detail/694439,CHILD ENTICEMENT; PROBATION VIOLATION,; ,2,Dane County Circuit Court; Probation and Parole,6/6/20268:16 AM,P/P Violation (Hold),Felony,694439,"October 5, 2026 at 12:07 AM",Non-Hispanic,P3G,P3G,White,Female,Non-Hispanic,45.0,6/6/2026,40s,623831.0,05 P/P Violation (Hold),NICOLE,Y,Yes,6/6/2026 1:16:52 PM,P/P hold,BREWER,PSB,Physically in the jail,Public Safety Building,121,120,to 139,Null,10/5/2026 12:07:13 AM,10/5/2026 12:07:13 AM
https://www.danesheriff.com/Residents/Detail/735036,BURGLARY BUILDING OR DWELLING; CRIMINAL DAMAGE TO PROPERTY; OPERATE MV WITHOUT CONSENT,; ; ,4,Madison Police Department,10/1/202612:01 PM,CO Prearraignment,Felony,735036,"October 5, 2026 at 12:07 AM",Hispanic,6WEST,6WEST,White,Female,Hispanic,34.0,10/1/2026,30s,628232.0,01 CO Prearraignment,JAMILETTE,Y,No,10/1/2026 5:01:19 PM,Pretrial,PEREZ ALBINO,CCB,Physically in the jail,City-County Building,4,0,to 19,Null,10/5/2026 12:07:13 AM,10/5/2026 12:07:13 AM
https://www.danesheriff.com/Residents/Detail/586717,DISORDERLY CONDUCT; BAIL JUMPING - MISDEMEANOR,939.63(1)(A); 939.62(1)(A),3,Madison Police Department,9/4/202610:57 PM,CO Pretrial,Misdemeanor,586717,"October 5, 2026 at 12:07 AM",Non-Hispanic,7WEST,7WEST,Black,Male,Non-Hispanic,25.0,9/4/2026,20s,627318.0,03 CO Pretrial,YSAK,Y,No,9/5/2026 3:57:47 AM,Pretrial,GITCHEL,CCB,Physically in the jail,City-County Building,31,20,to 39,Null,10/5/2026 12:07:13 AM,10/5/2026 12:07:13 AM
https://www.danesheriff.com/Residents/Detail/210287,CRIMINAL DAMAGE TO PROPERTY; THEFT; RETAIL THEFT INTENT CONCEAL; ROBBERY WITH THREAT OF FORCE; BAIL JUMPING - FELONY; BAIL JUMPING - MISDEMEANOR,; ; ; 939.05; ; ,6,Madison Police Department,9/15/20265:41 AM,CO Pretrial,Felony,210287,"October 5, 2026 at 12:07 AM",Non-Hispanic,P3G,P3G,White,Female,Non-Hispanic,37.0,9/15/2026,30s,627677.0,03 CO Pretrial,JESSICA,Y,No,9/15/2026 10:41:42 AM,Pretrial,NOBLES,PSB,Physically in the jail,Public Safety Building,20,20,to 39,Null,10/5/2026 12:07:13 AM,10/5/2026 12:07:13 AM
https://www.danesheriff.com/Residents/Detail/108332,RESISTING OR OBSTRUCTING; BAIL JUMPING - FELONY; POSS W/INTENT COCAINE; PROBATION VIOLATION; BAIL JUMPING - FELONY,; ; ; ; ,5,Sun Prairie Police Department,4/21/20262:47 PM,CO Pretrial/Prob Hold,Felony,108332,"October 5, 2026 at 12:07 AM",Non-Hispanic,P4K,P4K,Black,Male,Non-Hispanic,35.0,4/21/2026,30s,622008.0,03P CO Pretrial/Prob Hold,ACE,Y,Yes,4/21/2026 7:47:26 PM,Pretrial,DAVIS,PSB,Physically in the jail,Public Safety Building,167,160,to 179,Null,10/5/2026 12:07:13 AM,10/5/2026 12:07:13 AM
https://www.danesheriff.com/Residents/Detail/447288,BATTERY,,1,Dane County Circuit Court,9/2/20267:18 AM,Sentenced with Huber,Misdemeanor,447288,"October 5, 2026 at 12:07 AM",Non-Hispanic,CAMP,CAMP,Black,Male,Non-Hispanic,35.0,9/2/2026,30s,627204.0,08 Sentenced with Huber,CLARENCE,Y,No,9/2/2026 12:18:31 PM,Local sentence,SMITH,DVRSN,CAMP,DVRSN,33,20,to 39,III,10/5/2026 12:07:13 AM,10/5/2026 12:07:13 AM
https://www.danesheriff.com/Residents/Detail/96100527,PAROLE VIOLATION,,1,Madison Police Department,10/3/20266:31 PM,P/P Violation (Hold),Civil,96100527,"October 5, 2026 at 12:07 AM",Non-Hispanic,MALEDORM,MALEDORM,White,Male,Non-Hispanic,41.0,10/3/2026,40s,628314.0,05 P/P Violation (Hold),AUSTIN,Y,Yes,10/3/2026 11:31:54 PM,P/P hold,DAVENPORT,PSB,Physically in the jail,Public Safety Building,2,0,to 19,Null,10/5/2026 12:07:13 AM,10/5/2026 12:07:13 AM
https://www.danesheriff.com/Residents/Detail/829367,EXTRADITION,,1,US Marshal Service,8/31/20268:10 PM,Non Fed Resident Intransit,Civil,829367,"October 5, 2026 at 12:07 AM",Hispanic,P4K,P4K,White,Male,Hispanic,22.0,8/31/2026,20s,627132.0,14 Resident Intransit,CIPRIANO,Y,No,9/1/2026 1:10:20 AM,Other in transit,ALVARADO,PSB,Physically in the jail,Public Safety Building,35,20,to 39,Null,10/5/2026 12:07:13 AM,10/5/2026 12:07:13 AM
https://www.danesheriff.com/Residents/Detail/434583,SUBSTANTIAL BATTERY; THREAT TO CAUSE BODILY HARM TO CERTAIN INDIVIDUALS INV WITH A CRT LEGAL SYSTEM; DISORDERLY CONDUCT; RESISTING OR OBSTRUCTING; PAROLE VIOLATION; THEFT,; ; ; ; ; ,6,Madison Police Department,8/24/202612:05 AM,CO Pretrial/Prob Hold,Felony,434583,"October 5, 2026 at 12:07 AM",Non-Hispanic,6WEST,6WEST,Black,Male,Non-Hispanic,46.0,8/24/2026,40s,626839.0,03P CO Pretrial/Prob Hold,GEORGE,Y,Yes,8/24/2026 5:05:19 AM,Pretrial,WILLIAMS,CCB,Physically in the jail,City-County Building,42,40,to 59,III,10/5/2026 12:07:13 AM,10/5/2026 12:07:13 AM
https://www.danesheriff.com/Residents/Detail/608091,PAROLE VIOLATION; CARRYING CONCEALED WEAPON; POSS OF FIREARM BY A FELON,; 939.62(1)(A); 939.62(1)(B),3,Madison Police Department,5/23/20266:29 PM,CO Pretrial/Prob Hold,Felony,608091,"October 5, 2026 at 12:07 AM",Non-Hispanic,P4I,P4I,Black,Male,Non-Hispanic,23.0,5/23/2026,20s,623263.0,03P CO Pretrial/Prob Hold,ROMON,Y,Yes,5/23/2026 11:29:06 PM,Pretrial,CARTER,PSB,Physically in the jail,Public Safety Building,135,120,to 139,Null,10/5/2026 12:07:13 AM,10/5/2026 12:07:13 AM
https://www.danesheriff.com/Residents/Detail/91127732,PAROLE VIOLATION,,1,Madison Police Department,7/10/20268:18 PM,P/P Violation (Hold),Civil,91127732,"October 5, 2026 at 12:07 AM",Non-Hispanic,6EAST,6EAST,White,Male,Non-Hispanic,46.0,7/10/2026,40s,625134.0,05 P/P Violation (Hold),RYAN,Y,Yes,7/11/2026 1:18:52 AM,P/P hold,MURRAY,CCB,Physically in the jail,City-County Building,87,80,to 99,Null,10/5/2026 12:07:13 AM,10/5/2026 12:07:13 AM
https://www.danesheriff.com/Residents/Detail/201538,INVASION OF PRIVACY,,8,Dane County Circuit Court,10/2/20269:17 AM,Prob Sentence/No Work Release,Unknown,201538,"October 5, 2026 at 12:07 AM",Non-Hispanic,P4A,P4A,White,Male,Non-Hispanic,43.0,10/2/2026,40s,628278.0,09 Prob Sentence/No Wrk Release,PATRICK,Y,No,10/2/2026 2:17:07 PM,Local sentence,SIAS,PSB,Physically in the jail,Public Safety Building,3,0,to 19,Null,10/5/2026 12:07:13 AM,10/5/2026 12:07:13 AM
https://www.danesheriff.com/Residents/Detail/694730,PROBATION VIOLATION,,1,Probation and Parole,10/1/20261:53 PM,P/P Violation (Hold),Civil,694730,"October 5, 2026 at 12:07 AM",Hispanic,P4K,P4K,White,Male,Hispanic,25.0,10/1/2026,20s,628237.0,05 P/P Violation (Hold),COLTAN,Y,Yes,10/1/2026 6:53:54 PM,P/P hold,BERRAY,PSB,Physically in the jail,Public Safety Building,4,0,to 19,Null,10/5/2026 12:07:13 AM,10/5/2026 12:07:13 AM
https://www.danesheriff.com/Residents/Detail/624784,DISORDERLY CONDUCT; BATTERY; BAIL JUMPING - MISDEMEANOR,939.62(1)(A); 939.62(1)(A); 939.62(1)(A),4,Madison Police Department,8/23/202610:51 PM,CO Pretrial,Misdemeanor,624784,"October 5, 2026 at 12:07 AM",Non-Hispanic,7WEST,7WEST,Black,Male,Non-Hispanic,24.0,8/23/2026,20s,626838.0,03 CO Pretrial,MULUGETA,Y,No,8/24/2026 3:51:27 AM,Pretrial,JOHNSON,CCB,Physically in the jail,City-County Building,43,40,to 59,Null,10/5/2026 12:07:13 AM,10/5/2026 12:07:13 AM
https://www.danesheriff.com/Residents/Detail/129748,OPERATING WHILE INTOXICATED,,1,Dane County Sheriffs Office,7/28/20269:00 PM,Sentenced with Huber,Misdemeanor,129748,"October 5, 2026 at 12:07 AM",Non-Hispanic,CAMP,CAMP,White,Male,Non-Hispanic,57.0,7/28/2026,50s,625803.0,08 Sentenced with Huber,JAMES,Y,No,7/29/2026 2:00:27 AM,Local sentence,RUPPERT,DVRSN,CAMP,DVRSN,69,60,to 79,Null,10/5/2026 12:07:13 AM,10/5/2026 12:07:13 AM
https://www.danesheriff.com/Residents/Detail/291078,BAIL JUMPING - FELONY; DISORDERLY CONDUCT; DISORDERLY CONDUCT; BAIL JUMPING - MISDEMEANOR; BAIL JUMPING - FELONY,939.62(1)(B); 939.62(1)(B); ; 939.62(1)(A); ,6,Dane County Sheriffs Office; State Capitol Police Dept.,8/29/20265:03 AM,CO Pretrial,Felony,291078,"October 5, 2026 at 12:07 AM",Non-Hispanic,7WEST,7WEST,Black,Male,Non-Hispanic,32.0,8/29/2026,30s,627030.0,03 CO Pretrial,DELVIN,Y,No,8/29/2026 10:03:49 AM,Pretrial,MANAVONG,CCB,Physically in the jail,City-County Building,37,20,to 39,Null,10/5/2026 12:07:13 AM,10/5/2026 12:07:13 AM
https://www.danesheriff.com/Residents/Detail/603144,PROBATION VIOLATION; 2ND DEG SEX ASSAULT OF CHILD; POSSESS CHILD PORNOGRAPHY; SEXUAL EXPLOITATION OF A CHILD; EXPOSE CHILD HARMFUL MATERIAL; POSS OF FIREARM BY A FELON; SEXUAL EXPLOITATION OF A CHILD; PERJURY BEFORE COURT; BAIL JUMPING - FELONY; INTIMIDATE VICTIM CONSPIRACY,; 939.62(1)(C); 939.62(1)(C); 939.62(1)(C); 939.62(1)(B); 939.62(1)(B); ; 939.30; ; ,11,Fitchburg Police Department; Probation and Parole,3/31/202611:20 AM,CO Pretrial/Prob Hold,Felony,603144,"October 5, 2026 at 12:07 AM",Non-Hispanic,P4E,P4E,Black,Male,Non-Hispanic,25.0,3/31/2026,20s,621240.0,03P CO Pretrial/Prob Hold,JOAQUIM,Y,Yes,3/31/2026 4:20:27 PM,Pretrial,SKINNER-ROY,PSB,Physically in the jail,Public Safety Building,188,180,to 199,Null,10/5/2026 12:07:13 AM,10/5/2026 12:07:13 AM
https://www.danesheriff.com/Residents/Detail/801509,STALKING; FEDERAL OFFENSE,; ,2,US Marshal Service; Deforest Police Department,6/27/20256:27 PM,CO Pretrial/Hold,Felony,801509,"October 5, 2026 at 12:07 AM",Non-Hispanic,IOWA,Iowa County,White,Male,Non-Hispanic,46.0,6/27/2025,40s,611230.0,03H CO Pretrial/Hold,JOSEPH,Y,Yes,6/27/2025 11:27:41 PM,Pretrial,BRONSON,OUTSIDE,Housed in other jails,Other,465,300+,,JR,10/5/2026 12:07:13 AM,10/5/2026 12:07:13 AM
https://www.danesheriff.com/Residents/Detail/90117289,PROBATION VIOLATION; POSSESS NARCOTIC/ANALOG; POSSESSION METHAMPHETAMINE,; ; ,3,Madison Police Department,9/2/20269:40 PM,Sentenced with Huber,Felony,90117289,"October 5, 2026 at 12:07 AM",Non-Hispanic,6EAST,6EAST,Black,Male,Non-Hispanic,45.0,9/2/2026,40s,627232.0,08 Sentenced with Huber,CARL,Y,No,9/3/2026 2:40:46 AM,Local sentence,JONES,CCB,Physically in the jail,City-County Building,33,20,to 39,JR,10/5/2026 12:07:13 AM,10/5/2026 12:07:13 AM
https://www.danesheriff.com/Residents/Detail/700744,PROBATION VIOLATION; CREDIT CARD FRAUDULENT USE; REC STOLEN PROP UNDER 2500; ENTRY INTO LOCKED VEHICLE,; 939.05; ; ,4,Madison Police Department,8/16/20267:51 PM,P/P Violation (Hold),Misdemeanor,700744,"October 5, 2026 at 12:07 AM",Non-Hispanic,6WEST,6WEST,White,Female,Non-Hispanic,34.0,8/16/2026,30s,626555.0,05 P/P Violation (Hold),AMANDA,Y,Yes,8/17/2026 12:51:58 AM,P/P hold,JOHANSON,CCB,Physically in the jail,City-County Building,50,40,to 59,Null,10/5/2026 12:07:13 AM,10/5/2026 12:07:13 AM
https://www.danesheriff.com/Residents/Detail/93230717,OPERATING WHILE INTOXICATED; OPERATING WHILE INTOXICATED; BATTERY,; ; 973.055(1),3,Dane County Sheriffs Office,2/6/202610:40 AM,Sentenced Huber Revoked,Misdemeanor,93230717,"October 5, 2026 at 12:07 AM",Non-Hispanic,IOWA,Iowa County,Black,Male,Non-Hispanic,43.0,2/6/2026,40s,619199.0,08V Sentenced Huber Revoked,BERNARD,Y,No,2/6/2026 4:40:34 PM,Local sentence,TATES,OUTSIDE,Housed in other jails,Other,241,240,to 259,Null,10/5/2026 12:07:13 AM,10/5/2026 12:07:13 AM
https://www.danesheriff.com/Residents/Detail/718501,POS W/INT DEL COCAINE 5-15 GMS,,1,Dane County Circuit Court,7/30/20268:25 AM,Sentenced with Huber,Felony,718501,"October 5, 2026 at 12:07 AM",Non-Hispanic,P4K,P4K,Black,Male,Non-Hispanic,22.0,7/30/2026,20s,625854.0,08 Sentenced with Huber,DAYQUAN,Y,No,7/30/2026 1:25:39 PM,Local sentence,ALAWIYE THOMAS,PSB,Physically in the jail,Public Safety Building,67,60,to 79,Null,10/5/2026 12:07:13 AM,10/5/2026 12:07:13 AM
https://www.danesheriff.com/Residents/Detail/702791,CRIMINAL DAMAGE TO PROPERTY; BATTERY,973.055(1); 973.055(1),2,Dane County Circuit Court,7/6/202610:04 AM,Sentenced with Huber,Misdemeanor,702791,"October 5, 2026 at 12:07 AM",Non-Hispanic,CAMP,CAMP,Black,Male,Non-Hispanic,22.0,7/6/2026,20s,624951.0,08 Sentenced with Huber,DARWIN,Y,No,7/6/2026 3:04:42 PM,Local sentence,HOYE,DVRSN,CAMP,DVRSN,91,80,to 99,JR,10/5/2026 12:07:13 AM,10/5/2026 12:07:13 AM
https://www.danesheriff.com/Residents/Detail/500432,PAROLE VIOLATION; POSS OF FIREARM BY A FELON; ARMED ROBBERY; OPERATE MV WITHOUT CONSENT,; ; 939.05; 939.05,4,Probation and Parole,7/6/20264:56 PM,State Resident Intransit,Felony,500432,"October 5, 2026 at 12:07 AM",Non-Hispanic,6EAST,6EAST,Black,Male,Non-Hispanic,38.0,7/6/2026,30s,624973.0,13 State Resident Intransit,XAVIER,Y,No,7/6/2026 9:56:53 PM,State resident,WALLS,CCB,Physically in the jail,City-County Building,91,80,to 99,Null,10/5/2026 12:07:13 AM,10/5/2026 12:07:13 AM
https://www.danesheriff.com/Residents/Detail/287808,PAROLE VIOLATION; OMVWI; EXTENDED SUPERVISION SANCTIONS,; ; ,3,Madison Police Department,9/5/20267:41 AM,E.S. Sanct w/out work release,Misdemeanor,287808,"October 5, 2026 at 12:07 AM",Non-Hispanic,P4C,P4C,Black,Male,Non-Hispanic,48.0,9/5/2026,40s,627334.0,22 E.S. Sanct w/out wrk release,JAMES,Y,No,9/5/2026 12:41:49 PM,Extended supervision,WALKER,PSB,Physically in the jail,Public Safety Building,30,20,to 39,JR,10/5/2026 12:07:13 AM,10/5/2026 12:07:13 AM
https://www.danesheriff.com/Residents/Detail/177628,PAROLE VIOLATION; DIS MFC DEL THC <500 GRAMS; DIS MFC DEL THC 500-2500; POS W/INT DEL THC 200-1000 GMS; POSSESS W/INTENT FENTANYL >50G; MAINTAIN PREM/VEH FOR CS; POSS OF FIREARM BY A FELON,; 961.48(1)(B); 961.48(1)(B); 961.48(1)(B); 961.48(1)(B); 961.48(1)(B); 939.62(1)(B),11,Madison Police Department; Dane County Sheriffs Office,10/15/20259:21 AM,P/P Violation (Hold),Felony,177628,"October 5, 2026 at 12:07 AM",Non-Hispanic,P3K,P3K,Black,Male,Non-Hispanic,52.0,10/15/2025,50s,615159.0,05 P/P Violation (Hold),DERRIC,Y,Yes,10/15/2025 2:21:28 PM,P/P hold,GREEN,PSB,Physically in the jail,Public Safety Building,355,300+,,Null,10/5/2026 12:07:13 AM,10/5/2026 12:07:13 AM
https://www.danesheriff.com/Residents/Detail/90105694,LEWD LASCIVIOUS BEHAVIOR EXPOS; DISORDERLY CONDUCT; RESISTING OR OBSTRUCTING; THREAT TO CAUSE BODILY HARM TO CERTAIN INDIVIDUALS INV WITH A CRT LEGAL SYSTEM; PROBATION VIOLATION; RESISTING OR OBSTRUCTING; DISORDERLY CONDUCT,; ; ; ; ; ; ,7,Madison Police Department,8/18/20263:03 PM,CO Pretrial,Misdemeanor,90105694,"October 5, 2026 at 12:07 AM",Non-Hispanic,7WEST,7WEST,Black,Male,Non-Hispanic,46.0,8/18/2026,40s,626639.0,03 CO Pretrial,AUSTIN,Y,No,8/18/2026 8:03:55 PM,Pretrial,SPAIN,CCB,Physically in the jail,City-County Building,48,40,to 59,SR,10/5/2026 12:07:13 AM,10/5/2026 12:07:13 AM
https://www.danesheriff.com/Residents/Detail/794144,2ND DEG SEX ASSAULT OF CHILD; 3RD DEG SEX ASSAULT; SEXUAL INTERCOURSE 16 AND OLDER; RESISTING OR OBSTRUCTING; 2ND DEG SEX ASSAULT OF CHILD; IMMIGRATION,; ; ; ; 939.05; ,6,"Sun Prairie Police Department; Immigration/Naturalization, US",7/1/20251:21 PM,CO Pretrial,Felony,794144,"October 5, 2026 at 12:07 AM",Hispanic,P3E,P3E,White,Male,Hispanic,21.0,7/1/2025,20s,611352.0,03 CO Pretrial,BEIKLER,Y,No,7/1/2025 6:21:10 PM,Pretrial,CRUZ LAGOS,PSB,Physically in the jail,Public Safety Building,461,300+,,Null,10/5/2026 12:07:13 AM,10/5/2026 12:07:13 AM
https://www.danesheriff.com/Residents/Detail/831490,POSSESSION OF BURGLARY TOOLS; THEFT; IMMIGRATION,; ; ,3,"Sun Prairie Police Department; Immigration/Naturalization, US",10/2/20266:55 AM,CO Prearraignment,Felony,831490,"October 5, 2026 at 12:07 AM",Unknown,P3C,P3C,Asian,Male,Unknown,41.0,10/2/2026,40s,628274.0,01 CO Prearraignment,ZHENGWEI,Y,No,10/2/2026 11:55:28 AM,Pretrial,XU,PSB,Physically in the jail,Public Safety Building,3,0,to 19,Null,10/5/2026 12:07:13 AM,10/5/2026 12:07:13 AM
https://www.danesheriff.com/Residents/Detail/90096646,1ST DEG SEXUAL ASSAULT/CHILD; 1ST DEG SEXUAL ASSAULT/CHILD; CONTEMPT OF COURT PUN SANCTION; BATTERY; 3RD DEG SEX ASSAULT,; ; ; 973.055(1); ,5,Madison Police Department,11/12/202510:52 AM,Presentence Invest/Hold,Felony,90096646,"October 5, 2026 at 12:07 AM",Hispanic,P4K,P4K,Black,Male,Hispanic,50.0,11/12/2025,50s,616164.0,06H Presentence Invest/Hold,LARRY,Y,Yes,11/12/2025 4:52:10 PM,Presentence Investigation,MILLER,PSB,Physically in the jail,Public Safety Building,327,300+,,Null,10/5/2026 12:07:13 AM,10/5/2026 12:07:13 AM
https://www.danesheriff.com/Residents/Detail/803591,RESISTING OR OBSTRUCTING; OPERATING WHILE REVOKED; TAMPERING W IGNITION INTERLOCK; OPERATING WHILE INTOXICATED; IMMIGRATION,; ; ; 346.65(2)(AM)2; ,5,Sun Prairie Police Department; Dane County Sheriffs Office,9/12/20263:14 AM,CO Pretrial/Hold,Misdemeanor,803591,"October 5, 2026 at 12:07 AM",Hispanic,P4K,P4K,White,Male,Hispanic,30.0,9/12/2026,30s,627581.0,03H CO Pretrial/Hold,GABRIEL,Y,Yes,9/12/2026 8:14:38 AM,Pretrial,RODRIGUEZ TORREZ,PSB,Physically in the jail,Public Safety Building,23,20,to 39,Null,10/5/2026 12:07:13 AM,10/5/2026 12:07:13 AM
https://www.danesheriff.com/Residents/Detail/582215,PAROLE VIOLATION,,1,Madison Police Department,8/10/20266:56 PM,P/P Violation (Hold),Civil,582215,"October 5, 2026 at 12:07 AM",Non-Hispanic,P4E,P4E,White,Male,Non-Hispanic,73.0,8/10/2026,70s,626332.0,05 P/P Violation (Hold),ROBERT,Y,Yes,8/10/2026 11:56:56 PM,P/P hold,MOORE,PSB,Physically in the jail,Public Safety Building,56,40,to 59,Null,10/5/2026 12:07:13 AM,10/5/2026 12:07:13 AM
https://www.danesheriff.com/Residents/Detail/785759,BAIL JUMPING - MISDEMEANOR; DISORDERLY CONDUCT; RESISTING OR OBSTRUCTING; DISORDERLY CONDUCT; RESISTING OR OBSTRUCTING; BAIL JUMPING - MISDEMEANOR,; ; ; ; ; ,7,Dane County Circuit Court; UW Madison Police Department,7/11/20269:50 PM,CO Pretrial,Misdemeanor,785759,"October 5, 2026 at 12:07 AM",Non-Hispanic,7EAST,7EAST,White,Male,Non-Hispanic,29.0,7/11/2026,20s,625165.0,03 CO Pretrial,TYLER,Y,No,7/12/2026 2:50:40 AM,Pretrial,MITCHELL,CCB,Physically in the jail,City-County Building,86,80,to 99,Null,10/5/2026 12:07:13 AM,10/5/2026 12:07:13 AM
https://www.danesheriff.com/Residents/Detail/602052,CRIMINAL DAMAGE TO PROPERTY,,1,Dane County Sheriffs Office,8/20/20265:00 PM,Presentence Invest,Misdemeanor,602052,"October 5, 2026 at 12:07 AM",Non-Hispanic,7WEST,7WEST,Native American,Male,Non-Hispanic,36.0,8/20/2026,30s,626715.0,06 Presentence Invest,WESLEY,Y,No,8/20/2026 10:00:54 PM,Presentence Investigation,ANIEL,CCB,Physically in the jail,City-County Building,46,40,to 59,Null,10/5/2026 12:07:13 AM,10/5/2026 12:07:13 AM
https://www.danesheriff.com/Residents/Detail/607603,1ST DEGREE RECKLESS HOMICIDE,939.05,1,Madison Police Department,4/15/20262:52 PM,CO Pretrial,Felony,607603,"October 5, 2026 at 12:07 AM",Non-Hispanic,P4A,P4A,Black,Male,Non-Hispanic,23.0,4/15/2026,20s,621803.0,03 CO Pretrial,LAZEREK,Y,No,4/15/2026 7:52:42 PM,Pretrial,AUSTIN,PSB,Physically in the jail,Public Safety Building,173,160,to 179,Null,10/5/2026 12:07:13 AM,10/5/2026 12:07:13 AM
https://www.danesheriff.com/Residents/Detail/252977,ROBBERY; BATTERY; RESISTING OR OBSTRUCTING; PROBATION VIOLATION; STRANGULATION; FALSE IMPRISONMENT; INTIM WITNESS THREATEN FORCE; BATTERY; DISORDERLY CONDUCT,939.05; ; ; ; 973.055(1); 973.055(1); 973.055(1); 973.055(1); 973.055(1),9,Madison Police Department,6/29/20267:07 AM,CO Pretrial/Prob Hold,Felony,252977,"October 5, 2026 at 12:07 AM",Non-Hispanic,P4G,P4G,Black,Male,Non-Hispanic,29.0,6/29/2026,20s,624678.0,03P CO Pretrial/Prob Hold,SHAWN,Y,Yes,6/29/2026 12:07:16 PM,Pretrial,GAREL,PSB,Physically in the jail,Public Safety Building,98,80,to 99,Null,10/5/2026 12:07:13 AM,10/5/2026 12:07:13 AM
https://www.danesheriff.com/Residents/Detail/402663,EXTRADITION; KNOWINGLY FLEE AN OFFICER; BURGLARY BUILDING OR DWELLING; THEFT; KNOWINGLY FLEE AN OFFICER,; ; ; ; 939.62(1)(B),8,Sauk Co Sheriff's Office; Middleton Police Department; Dane County Sheriffs Office,1/2/20264:06 PM,CO Pretrial/Hold,Felony,402663,"October 5, 2026 at 12:07 AM",Non-Hispanic,7WEST,7WEST,White,Male,Non-Hispanic,33.0,1/2/2026,30s,617935.0,03H CO Pretrial/Hold,KYLE,Y,Yes,1/2/2026 10:06:08 PM,Pretrial,DAILEY,CCB,Physically in the jail,City-County Building,276,260,to 279,Null,10/5/2026 12:07:13 AM,10/5/2026 12:07:13 AM
https://www.danesheriff.com/Residents/Detail/47877,RESISTING OR OBSTRUCTING; PAROLE VIOLATION; FEDERAL OFFENSE; OPERATING WHILE INTOXICATED; OPERATE WITH CONTROLLED SUBS; DISORDERLY CONDUCT; CRIM DAMAGE PROP OVER 2500,; ; ; ; ; 973.055(1); 973.055(1),7,Madison Police Department,4/18/20247:32 PM,P/P Viol/Outside Hold,Felony,47877,"October 5, 2026 at 12:07 AM",Non-Hispanic,P4A,P4A,Black,Male,Non-Hispanic,42.0,4/18/2024,40s,595584.0,05H P/P Viol/Outside Hold,JERAMIE,Y,Yes,4/19/2024 12:32:47 AM,P/P hold,MASON,PSB,Physically in the jail,Public Safety Building,900,300+,,Null,10/5/2026 12:07:13 AM,10/5/2026 12:07:13 AM
https://www.danesheriff.com/Residents/Detail/207101,OPERATING WHILE INTOXICATED; OPERATING WHILE REVOKED; TAMPERING W IGNITION INTERLOCK; IMPRUDENT SPEED; FAIL NOTIFY POLICE OF ACCIDENT; PROBATION VIOLATION,; ; ; ; ; ,6,Madison Police Department,9/22/202611:44 PM,CO Prearr/Probation,Misdemeanor,207101,"October 5, 2026 at 12:07 AM",Non-Hispanic,P3A,P3A,White,Male,Non-Hispanic,48.0,9/22/2026,40s,627949.0,01P CO Prearr/Probation,NICK,Y,Yes,9/23/2026 4:44:35 AM,Pretrial,SCHMIDT,PSB,Physically in the jail,Public Safety Building,13,0,to 19,Null,10/5/2026 12:07:13 AM,10/5/2026 12:07:13 AM
https://www.danesheriff.com/Residents/Detail/414304,OPERATING WHILE INTOXICATED; OPERATING WHILE INTOXICATED; OPERATE WITH CONTROLLED SUBS; POSSESS DRUG PARAPHERNALIA; BAIL JUMPING - FELONY; BAIL JUMPING - MISDEMEANOR; OPERATING WHILE INTOXICATED; OPERATE WITH CONTROLLED SUBS,; ; ; ; ; ; ; ,10,Madison Police Department,9/26/20265:31 PM,CO Pretrial,Felony,414304,"October 5, 2026 at 12:07 AM",Non-Hispanic,P3I,P3I,White,Female,Non-Hispanic,32.0,9/26/2026,30s,628064.0,03 CO Pretrial,JASMINE,Y,No,9/26/2026 10:31:28 PM,Pretrial,BRANNAM,PSB,Physically in the jail,Public Safety Building,9,0,to 19,Null,10/5/2026 12:07:13 AM,10/5/2026 12:07:13 AM
https://www.danesheriff.com/Residents/Detail/512548,RESISTING OR OBSTRUCTING; BAIL JUMPING - MISDEMEANOR; BAIL JUMPING - FELONY; POSSESSION METHAMPHETAMINE; POSSESSION METHAMPHETAMINE; POSSESS DRUG PARAPHERNALIA; RESISTING OR OBSTRUCTING; BAIL JUMPING - MISDEMEANOR; RESISTING OR OBSTRUCTING; DISORDERLY CONDUCT; BAIL JUMPING - MISDEMEANOR; BATTERY; DISORDERLY CONDUCT,; ; ; ; ; ; ; ; ; 939.63(1)(A); ; 973.055(1); 973.055(1),16,Madison Police Department,9/16/20261:48 PM,CO Pretrial,Felony,512548,"October 5, 2026 at 12:07 AM",Non-Hispanic,6WEST,6WEST,Black,Male,Non-Hispanic,44.0,9/16/2026,40s,627728.0,03 CO Pretrial,ANDRE,Y,No,9/16/2026 6:48:49 PM,Pretrial,MEEKS,CCB,Physically in the jail,City-County Building,19,0,to 19,Null,10/5/2026 12:07:13 AM,10/5/2026 12:07:13 AM
https://www.danesheriff.com/Residents/Detail/89700115,1ST DEG INTENTIONAL HOMICIDE,939.32,1,Madison Police Department,6/8/20264:58 AM,CO Pretrial,Felony,89700115,"October 5, 2026 at 12:07 AM",Non-Hispanic,7WEST,7WEST,Black,Male,Non-Hispanic,40.0,6/8/2026,40s,623893.0,03 CO Pretrial,SIR SPURGEON,Y,No,6/8/2026 9:58:51 AM,Pretrial,TEMPLE,CCB,Physically in the jail,City-County Building,119,100,to 119,Null,10/5/2026 12:07:13 AM,10/5/2026 12:07:13 AM
https://www.danesheriff.com/Residents/Detail/577064,POSS OF FIREARM BY A FELON; SALE/POSSESS/USE TRANSPORT MACHINE GUNS; POSSESS NARCOTIC/ANALOG; BAIL JUMPING - FELONY; POSSESS DRUG PARAPHERNALIA; CARRYING CONCEALED WEAPON; FALSE IMPRISONMENT; KNOWINGLY FLEE AN OFFICER; 2ND-DEG RECKLESSLY ENDANG SAFE; OPERATE MV WITHOUT CONSENT; BATTERY TO CERTAIN INDIVIDUALS INVOLVED WITH A COURT OR LEGAL SYSTEM; FEDERAL OFFENSE,939.62(1)(B); 939.62(1)(B); ; 939.62(1)(B); ; ; 939.62(1)(B); ; 939.62(1)(B); 939.62(1)(B); ; ,13,US Marshal Service; Sun Prairie Police Department; Dane County Circuit Court; Dane County Sheriffs Office,3/20/20261:05 AM,CO Pretrial/Hold,Felony,577064,"October 5, 2026 at 12:07 AM",Non-Hispanic,6WEST,6WEST,Black,Male,Non-Hispanic,24.0,3/20/2026,20s,620789.0,03H CO Pretrial/Hold,KEYONTE,Y,Yes,3/20/2026 6:05:48 AM,Pretrial,BARKSDALE,CCB,Physically in the jail,City-County Building,199,180,to 199,Null,10/5/2026 12:07:13 AM,10/5/2026 12:07:13 AM
https://www.danesheriff.com/Residents/Detail/447031,DISORDERLY CONDUCT; BATTERY TO AN ELDER PERSON INTENTIONALLY CAUSE BODILY HARM; CRIMINAL DAMAGE TO PROPERTY; PROBATION VIOLATION,973.055(1); 973.055(1); 973.055(1); ,4,Madison Police Department,9/11/20267:29 PM,CO Pretrial/Prob Hold,Misdemeanor,447031,"October 5, 2026 at 12:07 AM",Non-Hispanic,P4G,P4G,White,Male,Non-Hispanic,32.0,9/11/2026,30s,627570.0,03P CO Pretrial/Prob Hold,JEREMY,Y,Yes,9/12/2026 12:29:04 AM,Pretrial,WEBER,PSB,Physically in the jail,Public Safety Building,24,20,to 39,Null,10/5/2026 12:07:13 AM,10/5/2026 12:07:13 AM
https://www.danesheriff.com/Residents/Detail/619943,OPERATING WHILE INTOXICATED,,1,Sun Prairie Police Department,10/5/20265:16 AM,CO Prearraignment,Misdemeanor,619943,,,,,,,,,,,,,,,,,,,,,,,,,,,
https://www.danesheriff.com/Residents/Detail/607800,FLR COMPLY ATT TAKE INTO CUS; DISORDERLY CONDUCT; MISTREATING ANIMALS,; 939.63(1)(A); 939.63(1)(C),3,Dane County Sheriffs Office,9/9/20267:43 AM,Prob Sentence/Work Release,Misdemeanor,607800,"October 5, 2026 at 12:07 AM",Unknown,CAMP,CAMP,White,Male,Unknown,39.0,9/9/2026,30s,627483.0,09W Prob Sentence/Work Release,HARRY,Y,No,9/9/2026 12:43:39 PM,Local sentence,MCCORMICK,DVRSN,CAMP,DVRSN,26,20,to 39,Null,10/5/2026 12:07:13 AM,10/5/2026 12:07:13 AM
https://www.danesheriff.com/Residents/Detail/90080638,PAROLE VIOLATION; DISORDERLY CONDUCT,; 973.055(1),2,Madison Police Department; Probation and Parole,8/13/20264:10 PM,P/P Violation (Hold),Misdemeanor,90080638,"October 5, 2026 at 12:07 AM",Non-Hispanic,P4I,P4I,Black,Male,Non-Hispanic,65.0,8/13/2026,60s,626443.0,05 P/P Violation (Hold),JEFFREY,Y,Yes,8/13/2026 9:10:20 PM,P/P hold,YOUNG,PSB,Physically in the jail,Public Safety Building,53,40,to 59,Null,10/5/2026 12:07:13 AM,10/5/2026 12:07:13 AM
https://www.danesheriff.com/Residents/Detail/90121246,CONTEMPT OF COURT PUN SANCTION,,1,Middleton Police Department,10/5/202612:38 AM,Sentenced with Huber,Misdemeanor,90121246,,,,,,,,,,,,,,,,,,,,,,,,,,,
https://www.danesheriff.com/Residents/Detail/93207913,BURGLARY/ROOM W/IN BLDG,,1,Columbia Co Sheriff's Office,10/1/20268:24 AM,Prob Sentence/Work Release,Felony,93207913,"October 5, 2026 at 12:07 AM",Non-Hispanic,CAMP,CAMP,White,Female,Non-Hispanic,48.0,10/1/2026,40s,628224.0,09W Prob Sentence/Work Release,TAMMY,Y,No,10/1/2026 1:24:55 PM,Local sentence,LESTER,DVRSN,CAMP,DVRSN,4,0,to 19,Null,10/5/2026 12:07:13 AM,10/5/2026 12:07:13 AM
https://www.danesheriff.com/Residents/Detail/580920,CRIMINAL DAMAGE TO PROPERTY; DISORDERLY CONDUCT,973.055(1); 973.055(1),2,Dane County Sheriffs Office,6/11/20261:43 PM,Sentenced with Huber,Misdemeanor,580920,"October 5, 2026 at 12:07 AM",Non-Hispanic,P4K,P4K,White,Male,Non-Hispanic,28.0,6/11/2026,20s,624031.0,08 Sentenced with Huber,AUSTIN,Y,No,6/11/2026 6:43:45 PM,Local sentence,HOWE,PSB,Physically in the jail,Public Safety Building,116,100,to 119,Null,10/5/2026 12:07:13 AM,10/5/2026 12:07:13 AM
https://www.danesheriff.com/Residents/Detail/763531,PROBATION VIOLATION; RESISTING OR OBSTRUCTING; CARRYING CONCEALED WEAPON,; ; ,3,Sun Prairie Police Department,3/9/202612:09 PM,Sentenced Huber Revoked,Felony,763531,"October 5, 2026 at 12:07 AM",Non-Hispanic,P3K,P3K,Black,Male,Non-Hispanic,27.0,3/9/2026,20s,620370.0,08V Sentenced Huber Revoked,TREVONE,Y,No,3/9/2026 5:09:17 PM,Local sentence,ALLEN,PSB,Physically in the jail,Public Safety Building,210,200,to 219,Null,10/5/2026 12:07:13 AM,10/5/2026 12:07:13 AM
https://www.danesheriff.com/Residents/Detail/207279,LEWD LASCIVIOUS BEHAVIOR EXPOS; DISORDERLY CONDUCT,; ,2,Madison Police Department,6/28/20268:18 PM,CO Pretrial,Misdemeanor,207279,"October 5, 2026 at 12:07 AM",Hispanic,7WEST,7WEST,Asian,Male,Hispanic,38.0,6/28/2026,30s,624659.0,03 CO Pretrial,JOSEPH,Y,No,6/29/2026 1:18:32 AM,Pretrial,PACYGA,CCB,Physically in the jail,City-County Building,99,80,to 99,Null,10/5/2026 12:07:13 AM,10/5/2026 12:07:13 AM
https://www.danesheriff.com/Residents/Detail/577109,THEFT; NEGLECTING A CHILD SPECIFIED HARM DID NOT OCCUR; BAIL JUMPING - FELONY; PROBATION VIOLATION,939.32; ; ; ,5,Madison Police Department,9/25/20262:49 PM,P/P Violation (Hold),Felony,577109,"October 5, 2026 at 12:07 AM",Non-Hispanic,P3K,P3K,Black,Male,Non-Hispanic,40.0,9/25/2026,40s,628030.0,05 P/P Violation (Hold),JOSHUA,Y,Yes,9/25/2026 7:49:50 PM,P/P hold,RICE,PSB,Physically in the jail,Public Safety Building,10,0,to 19,Null,10/5/2026 12:07:13 AM,10/5/2026 12:07:13 AM
https://www.danesheriff.com/Residents/Detail/427212,PAROLE VIOLATION,,1,Dane County Sheriffs Office,7/10/202610:56 PM,P/P Violation (Hold),Civil,427212,"October 5, 2026 at 12:07 AM",Non-Hispanic,IOWA,Iowa County,Black,Male,Non-Hispanic,26.0,7/10/2026,20s,625139.0,05 P/P Violation (Hold),CODY,Y,Yes,7/11/2026 3:56:41 AM,P/P hold,SHELL,OUTSIDE,Housed in other jails,Other,87,80,to 99,Null,10/5/2026 12:07:13 AM,10/5/2026 12:07:13 AM
https://www.danesheriff.com/Residents/Detail/609348,OPERATING WHILE INTOXICATED; BAIL JUMPING - FELONY; BAIL JUMPING - MISDEMEANOR; RESISTING OR OBSTRUCTING; STRANGULATION; BAIL JUMPING - FELONY; CRIMINAL DAMAGE TO PROPERTY; BATTERY; INTIM VICTIM USE ATT FORCE; PROBATION VIOLATION; OPERATING WHILE REVOKED; OPERATING WHILE INTOXICATED; MISAPPROP ID INFO AVOID PENALTY; OPERATE WITH PROHIBITED BAC; POS/LSD/PSILOCIN/AMPHETAMINE; POSSESSION OF COCAINE/BASE,; ; ; ; 973.055(1); ; 973.055(1); 973.055(1); 973.055(1); ; ; ; ; ; ; ,16,Dane County Sheriffs Office,5/4/20267:09 AM,Sentenced with Huber,Felony,609348,"October 5, 2026 at 12:07 AM",Non-Hispanic,6EAST,6EAST,Black,Male,Non-Hispanic,42.0,5/4/2026,40s,622506.0,08 Sentenced with Huber,JUSTIN,Y,No,5/4/2026 12:09:36 PM,Local sentence,FONVILLE,CCB,Physically in the jail,City-County Building,154,140,to 159,Null,10/5/2026 12:07:13 AM,10/5/2026 12:07:13 AM
https://www.danesheriff.com/Residents/Detail/599612,OPERATE MV WITHOUT CONSENT; BURGLARY BUILDING OR DWELLING; POSSESSION OF BURGLARY TOOLS; THEFT OF MAIL; POSSESS DRUG PARAPHERNALIA; POSSESSION OF THC; OPERATE MV WITHOUT CONSENT; POSSESS NARCOTIC/ANALOG; POSSESSION OF COCAINE/BASE; POSSESS DRUG PARAPHERNALIA; THEFT; ENTRY INTO LOCKED VEHICLE; BURGLARY BUILDING OR DWELLING; BAIL JUMPING - FELONY; BURGLARY BUILDING OR DWELLING; BAIL JUMPING - FELONY,939.62(1)(B); 939.62(1)(C); ; 939.62(1)(A); ; ; 939.62(1)(B); 939.62(1)(B); 939.62(1)(A); 939.62(1)(A); ; ; ; 939.62(1)(B); 939.62(1)(C); 939.62(1)(B),21,Madison Police Department,4/20/202611:05 PM,CO Pretrial,Felony,599612,"October 5, 2026 at 12:07 AM",Non-Hispanic,P4G,P4G,White,Male,Non-Hispanic,33.0,4/20/2026,30s,621984.0,03 CO Pretrial,TIMOTHY,Y,No,4/21/2026 4:05:11 AM,Pretrial,HERALD,PSB,Physically in the jail,Public Safety Building,168,160,to 179,Null,10/5/2026 12:07:13 AM,10/5/2026 12:07:13 AM
https://www.danesheriff.com/Residents/Detail/277415,PAROLE VIOLATION; EXTENDED SUPERVISION SANCTIONS,; ,2,Madison Police Department,9/18/20269:53 PM,E.S. Sanct w/out work release,Civil,277415,"October 5, 2026 at 12:07 AM",Non-Hispanic,IOWA,Iowa County,White,Male,Non-Hispanic,43.0,9/18/2026,40s,627818.0,22 E.S. Sanct w/out wrk release,JUSTIN,Y,No,9/19/2026 2:53:53 AM,Extended supervision,HILT,OUTSIDE,Housed in other jails,Other,17,0,to 19,Null,10/5/2026 12:07:13 AM,10/5/2026 12:07:13 AM
https://www.danesheriff.com/Residents/Detail/800231,BATTERY TO CERTAIN INDIVIDUALS INVOLVED WITH A COURT OR LEGAL SYSTEM; CRIMINAL TRES TO MEDICAL FAC; BAIL JUMPING - MISDEMEANOR; BURGLARY BUILDING OR DWELLING; CRIMINAL DAMAGE TO PROPERTY; TRESPASS TO LAND,; ; ; ; ; ,7,Monona Police Department; Madison Police Department,9/26/20266:27 AM,CO Pretrial,Felony,800231,,,,,,,,,,,,,,,,,,,,,,,,,,,
https://www.danesheriff.com/Residents/Detail/94056733,PAROLE VIOLATION; DISORDERLY CONDUCT; BAIL JUMPING - MISDEMEANOR; POS/LSD/PSILOCIN/AMPHETAMINE,; ; ; ,4,Madison Police Department,9/19/20265:44 PM,P/P Violation (Hold),Felony,94056733,"October 5, 2026 at 12:07 AM",Non-Hispanic,7EAST,7EAST,Black,Male,Non-Hispanic,43.0,9/19/2026,40s,627846.0,05 P/P Violation (Hold),AUSTIN,Y,Yes,9/19/2026 10:44:12 PM,P/P hold,KING,CCB,Physically in the jail,City-County Building,16,0,to 19,Null,10/5/2026 12:07:13 AM,10/5/2026 12:07:13 AM
https://www.danesheriff.com/Residents/Detail/89801424,DOM ABUSE CONTACT PROV VIOL; BAIL JUMPING - MISDEMEANOR; BAIL JUMPING - FELONY; BAIL JUMPING - MISDEMEANOR; RESISTING OR OBSTRUCTING; DISORDERLY CONDUCT; BAIL JUMPING - MISDEMEANOR; DISORDERLY CONDUCT; BURGLARY BUILDING OR DWELLING; THEFT; DISORDERLY CONDUCT; BAIL JUMPING - MISDEMEANOR; RESISTING OR OBSTRUCTING; OPERATING WHILE REVOKED; STRANGULATION; THEFT; BAIL JUMPING - FELONY; BAIL JUMPING - MISDEMEANOR,; ; 939.62(1)(B); 939.62(1)(A); 939.62(1)(A); ; ; ; 939.62(1)(C); 939.62(1)(A); 973.055(1); 939.62(1)(A); 939.62(1)(A); ; 939.62(1)(B); 939.62(1)(A); 939.62(1)(B); 939.62(1)(A),22,Fitchburg Police Department; Madison Police Department,6/29/20262:52 AM,CO Pretrial/Hold,Felony,89801424,"October 5, 2026 at 12:07 AM",Non-Hispanic,P3E,P3E,Black,Male,Non-Hispanic,41.0,6/29/2026,40s,624672.0,03H CO Pretrial/Hold,ROBERT,Y,Yes,6/29/2026 7:52:09 AM,Pretrial,DARDEN,PSB,Physically in the jail,Public Safety Building,98,80,to 99,Null,10/5/2026 12:07:13 AM,10/5/2026 12:07:13 AM
https://www.danesheriff.com/Residents/Detail/329208,OPERATING WHILE INTOXICATED; PROBATION VIOLATION; OPERATING WHILE REVOKED; BATTERY-SUBST BODILY HARM; POSSESSION OF THC,; ; ; ; 961.48(1)(B),5,US Marshal Service; McFarland Police Department,6/11/20264:09 AM,Sentenced/Outside Hold,Misdemeanor,329208,"October 5, 2026 at 12:07 AM",Non-Hispanic,P4I,P4I,Black,Male,Non-Hispanic,34.0,6/11/2026,30s,624013.0,21 Sentenced/Outside Hold,CAMRON,Y,Yes,6/11/2026 9:09:49 AM,Local sentence,PETE,PSB,Physically in the jail,Public Safety Building,116,100,to 119,JR,10/5/2026 12:07:13 AM,10/5/2026 12:07:13 AM
https://www.danesheriff.com/Residents/Detail/94059765,BAIL JUMPING - MISDEMEANOR; POSSESS DRUG PARAPHERNALIA; PROBATION VIOLATION,; ; ,3,Dane County Sheriffs Office,9/22/20261:29 PM,P/P Violation (Hold),Misdemeanor,94059765,"October 5, 2026 at 12:07 AM",Non-Hispanic,P3I,P3I,White,Female,Non-Hispanic,43.0,9/22/2026,40s,627926.0,05 P/P Violation (Hold),ANGELA,Y,Yes,9/22/2026 6:29:09 PM,P/P hold,SEBERT,PSB,Physically in the jail,Public Safety Building,13,0,to 19,Null,10/5/2026 12:07:13 AM,10/5/2026 12:07:13 AM
https://www.danesheriff.com/Residents/Detail/113663,POSS OF FIREARM BY A FELON,,1,Dane County Sheriffs Office,9/8/20262:34 PM,Sentenced with Huber,Felony,113663,"October 5, 2026 at 12:07 AM",Non-Hispanic,6WEST,6WEST,Black,Male,Non-Hispanic,44.0,9/8/2026,40s,627456.0,08 Sentenced with Huber,QWASHI,Y,No,9/8/2026 7:34:12 PM,Local sentence,MORGAN,CCB,Physically in the jail,City-County Building,27,20,to 39,SR,10/5/2026 12:07:13 AM,10/5/2026 12:07:13 AM
https://www.danesheriff.com/Residents/Detail/795556,2ND DEG SEX ASS TREAT FAC EMPL; IMMIGRATION,939.623(2)(C); ,3,"Madison Police Department; Immigration/Naturalization, US",4/27/20269:08 PM,CO Pretrial,Felony,795556,"October 5, 2026 at 12:07 AM",Hispanic,P3E,P3E,White,Male,Hispanic,23.0,4/27/2026,20s,622269.0,03 CO Pretrial,JULIO,Y,No,4/28/2026 2:08:40 AM,Pretrial,MORALES JARQUIN,PSB,Physically in the jail,Public Safety Building,161,160,to 179,Null,10/5/2026 12:07:13 AM,10/5/2026 12:07:13 AM
https://www.danesheriff.com/Residents/Detail/143014,DISORDERLY CONDUCT; PROBATION VIOLATION,939.63(1)(A); ,2,Madison Police Department,9/22/202611:31 PM,CO Prearr/Probation,Misdemeanor,143014,"October 5, 2026 at 12:07 AM",Non-Hispanic,6WEST,6WEST,Black,Female,Non-Hispanic,36.0,9/22/2026,30s,627948.0,01P CO Prearr/Probation,TRIQUIDA,Y,Yes,9/23/2026 4:31:02 AM,Pretrial,JOHNSON,CCB,Physically in the jail,City-County Building,13,0,to 19,Null,10/5/2026 12:07:13 AM,10/5/2026 12:07:13 AM
https://www.danesheriff.com/Residents/Detail/321439,RETAIL THEFT INTENT TAKE; POSSESSION OF THC; POSSESS DRUG PARAPHERNALIA; BATTERY TO CERTAIN INDIVIDUALS INVOLVED WITH A COURT OR LEGAL SYSTEM; RESISTING OR OBSTRUCTING; POSS OF FIREARM BY A FELON; PAROLE VIOLATION; CARRYING CONCEALED WEAPON; RETAIL THEFT INTENT TAKE,939.62(1)(A); 961.48(2); ; 939.62(1)(B); 939.62(1)(A); 939.62(1)(B); ; 939.62(1)(A); 939.05,9,Madison Police Department,2/17/20263:00 AM,CO Pretrial/Prob Hold,Felony,321439,"October 5, 2026 at 12:07 AM",Non-Hispanic,7WEST,7WEST,Black,Male,Non-Hispanic,46.0,2/17/2026,40s,619611.0,03P CO Pretrial/Prob Hold,PATRICK,Y,Yes,2/17/2026 9:00:28 AM,Pretrial,MILLER,CCB,Physically in the jail,City-County Building,230,220,to 239,Null,10/5/2026 12:07:13 AM,10/5/2026 12:07:13 AM
https://www.danesheriff.com/Residents/Detail/720525,2ND-DEG RECKLESSLY ENDANG SAFE,939.63(1)(A),1,Dane County Sheriffs Office,5/29/20263:39 PM,Prob Sent/Work Rel Revoked,Felony,720525,"October 5, 2026 at 12:07 AM",Non-Hispanic,P3A,P3A,White,Male,Non-Hispanic,20.0,5/29/2026,20s,623497.0,09V Prob Sent/Work Rel Revoked,RILEY,Y,No,5/29/2026 8:39:34 PM,Local sentence,HAUSER,PSB,Physically in the jail,Public Safety Building,129,120,to 139,Null,10/5/2026 12:07:13 AM,10/5/2026 12:07:13 AM
https://www.danesheriff.com/Residents/Detail/89301742,PROBATION VIOLATION; DISORDERLY CONDUCT; BATTERY; CRIMINAL DAMAGE TO PROPERTY; BATTERY,; 939.621(1)(B); ; ; 939.621(1)(B),5,Probation and Parole,9/17/202611:23 AM,Sentenced/Outside Hold,Misdemeanor,89301742,"October 5, 2026 at 12:07 AM",Non-Hispanic,P4K,P4K,White,Male,Non-Hispanic,41.0,9/17/2026,40s,627763.0,21 Sentenced/Outside Hold,GARY,Y,Yes,9/17/2026 4:23:53 PM,Local sentence,FLISRAM,PSB,Physically in the jail,Public Safety Building,18,0,to 19,Null,10/5/2026 12:07:13 AM,10/5/2026 12:07:13 AM
https://www.danesheriff.com/Residents/Detail/640831,RESISTING OR OBSTRUCTING; BAIL JUMPING - FELONY; PAROLE VIOLATION; EXTENDED SUPERVISION SANCTIONS; FLEEING AN OFFICER,; ; ; ; ,5,Dane County Circuit Court; Madison Police Department,7/16/20267:57 PM,E.S. Sanct w/out work release,Felony,640831,"October 5, 2026 at 12:07 AM",Non-Hispanic,IOWA,Iowa County,Black,Male,Non-Hispanic,22.0,7/16/2026,20s,625368.0,22 E.S. Sanct w/out wrk release,SEVON,Y,No,7/17/2026 12:57:33 AM,Extended supervision,PRUITT,OUTSIDE,Housed in other jails,Other,81,80,to 99,Null,10/5/2026 12:07:13 AM,10/5/2026 12:07:13 AM
https://www.danesheriff.com/Residents/Detail/251143,PROBATION VIOLATION,,1,Probation and Parole,9/2/202612:33 PM,P/P Violation (Hold),Civil,251143,"October 5, 2026 at 12:07 AM",Non-Hispanic,IOWA,Iowa County,Black,Female,Non-Hispanic,36.0,9/2/2026,30s,627210.0,05 P/P Violation (Hold),MOLLY,Y,Yes,9/2/2026 5:33:10 PM,P/P hold,WILLIAMS,OUTSIDE,Housed in other jails,Other,33,20,to 39,Null,10/5/2026 12:07:13 AM,10/5/2026 12:07:13 AM
https://www.danesheriff.com/Residents/Detail/182221,OPERATING WHILE INTOXICATED,,1,Dane County Sheriffs Office,8/31/20262:23 PM,Sentenced with Huber,Misdemeanor,182221,"October 5, 2026 at 12:07 AM",Non-Hispanic,CAMP,CAMP,Black,Male,Non-Hispanic,37.0,8/31/2026,30s,627116.0,08 Sentenced with Huber,SHAUN,Y,No,8/31/2026 7:23:56 PM,Local sentence,LIDDELL,DVRSN,CAMP,DVRSN,35,20,to 39,Null,10/5/2026 12:07:13 AM,10/5/2026 12:07:13 AM
https://www.danesheriff.com/Residents/Detail/827581,POSSESSION OF COCAINE/BASE; POSSESS DRUG PARAPHERNALIA; BAIL JUMPING - MISDEMEANOR,; ; ,3,Monona Police Department,10/5/20266:36 AM,CO Prearraignment,Felony,827581,,,,,,,,,,,,,,,,,,,,,,,,,,,
https://www.danesheriff.com/Residents/Detail/90107706,SUBSTANTIAL BATTERY,939.63(1)(A),1,Madison Police Department,10/5/20267:11 AM,CO Prearraignment,Felony,90107706,,,,,,,,,,,,,,,,,,,,,,,,,,,
https://www.danesheriff.com/Residents/Detail/265294,OPERATING WHILE INTOXICATED,,1,Dane County Sheriffs Office,8/24/20262:06 PM,Sentenced with Huber,Misdemeanor,265294,"October 5, 2026 at 12:07 AM",Non-Hispanic,CAMP,CAMP,White,Male,Non-Hispanic,46.0,8/24/2026,40s,626862.0,08 Sentenced with Huber,JEREMY,Y,No,8/24/2026 7:06:08 PM,Local sentence,RESHESKE,DVRSN,CAMP,DVRSN,42,40,to 59,Null,10/5/2026 12:07:13 AM,10/5/2026 12:07:13 AM
https://www.danesheriff.com/Residents/Detail/90077304,PAROLE VIOLATION,,1,Madison Police Department,6/22/20262:47 PM,P/P Violation (Hold),Civil,90077304,"October 5, 2026 at 12:07 AM",Hispanic,7WEST,7WEST,White,Male,Hispanic,55.0,6/22/2026,50s,624411.0,05 P/P Violation (Hold),FABIAN,Y,Yes,6/22/2026 7:47:14 PM,P/P hold,ZEPEDA,CCB,Physically in the jail,City-County Building,105,100,to 119,Null,10/5/2026 12:07:13 AM,10/5/2026 12:07:13 AM
https://www.danesheriff.com/Residents/Detail/672080,PAROLE VIOLATION,,1,Deforest Police Department,8/17/202611:49 AM,P/P Violation (Hold),Civil,672080,"October 5, 2026 at 12:07 AM",Non-Hispanic,P4K,P4K,White,Male,Non-Hispanic,37.0,8/17/2026,30s,626589.0,05 P/P Violation (Hold),JEREMY,Y,Yes,8/17/2026 4:49:39 PM,P/P hold,MARKING,PSB,Physically in the jail,Public Safety Building,49,40,to 59,Null,10/5/2026 12:07:13 AM,10/5/2026 12:07:13 AM
https://www.danesheriff.com/Residents/Detail/89801116,DISORDERLY CONDUCT; BATTERY; BATTERY; DISORDERLY CONDUCT; PROBATION VIOLATION; OPERATING WHILE INTOXICATED,973.055(1); 973.055(1); 973.055(1); 973.055(1); ; ,6,Madison Police Department; Probation and Parole,7/31/202612:35 PM,Sentenced Huber Revoked,Misdemeanor,89801116,"October 5, 2026 at 12:07 AM",Non-Hispanic,P3K,P3K,White,Male,Non-Hispanic,35.0,7/31/2026,30s,625904.0,08V Sentenced Huber Revoked,ANDREW,Y,No,7/31/2026 5:35:37 PM,Local sentence,SYDOW,PSB,Physically in the jail,Public Safety Building,66,60,to 79,Null,10/5/2026 12:07:13 AM,10/5/2026 12:07:13 AM
https://www.danesheriff.com/Residents/Detail/300034,RESISTING OR OBSTRUCTING; POSSESS DRUG PARAPHERNALIA; CREDIT CARD THEFT BY ACQUISITI; ID THEFT; PROBATION VIOLATION; BATTERY; DISORDERLY CONDUCT; THEFT,; 939.62(1)(A); 939.62(1)(A); 939.62(1)(B); ; 939.62(1)(A); 939.62(1)(A); 939.62(1)(A),8,Madison Police Department; UW Madison Police Department,6/1/202611:53 PM,CO Pretrial,Felony,300034,"October 5, 2026 at 12:07 AM",Non-Hispanic,6WEST,6WEST,Black,Male,Non-Hispanic,42.0,6/1/2026,40s,623624.0,03 CO Pretrial,MONDRE,Y,No,6/2/2026 4:53:49 AM,Pretrial,HEGWOOD,CCB,Physically in the jail,City-County Building,126,120,to 139,Null,10/5/2026 12:07:13 AM,10/5/2026 12:07:13 AM
https://www.danesheriff.com/Residents/Detail/60182,DISORDERLY CONDUCT; PROBATION VIOLATION; OPERATING WHILE INTOXICATED; RESISTING OR OBSTRUCTING; OPERATING WHILE INTOXICATED; OPERATING WHILE REVOKED; POSSESSION OF COCAINE/BASE; RESISTING OR OBSTRUCTING; DISORDERLY CONDUCT; DISORDERLY CONDUCT; FAILURE TO REPORT TO JAIL,; ; ; ; ; ; ; ; 939.63; 939.62; ,11,Dane County Circuit Court; Madison Police Department; Dane County Sheriffs Office,2/9/20096:15 AM,Sentenced with Huber,Felony,60182,,,,,,,,,,,,,,,,,,,,,,,,,,,
https://www.danesheriff.com/Residents/Detail/790762,OPERATING WHILE INTOXICATED,,1,Dane County Sheriffs Office,5/27/202611:28 AM,Sentenced with Huber,Misdemeanor,790762,"October 5, 2026 at 12:07 AM",Hispanic,CAMP,CAMP,White,Male,Hispanic,54.0,5/27/2026,50s,623398.0,08 Sentenced with Huber,PEDRO,Y,No,5/27/2026 4:28:39 PM,Local sentence,BARRIOS,DVRSN,CAMP,DVRSN,131,120,to 139,Null,10/5/2026 12:07:13 AM,10/5/2026 12:07:13 AM
https://www.danesheriff.com/Residents/Detail/819075,BATTERY,939.63(1)(A),1,Dane County Sheriffs Office,10/3/20268:44 PM,CO Pretrial,Misdemeanor,819075,"October 5, 2026 at 12:07 AM",Non-Hispanic,P3C,P3C,Black,Male,Non-Hispanic,66.0,10/3/2026,60s,628319.0,03 CO Pretrial,LARRY,Y,No,10/4/2026 1:44:13 AM,Pretrial,COOK,PSB,Physically in the jail,Public Safety Building,2,0,to 19,Null,10/5/2026 12:07:13 AM,10/5/2026 12:07:13 AM
https://www.danesheriff.com/Residents/Detail/701273,OPERATING WHILE REVOKED; OPERATING WHILE REVOKED; TAMPERING W IGNITION INTERLOCK; OPERATING WHILE REVOKED; TAMPERING W IGNITION INTERLOCK; PAROLE VIOLATION,; ; ; ; ; ,6,Fitchburg Police Department; Madison Police Department,7/11/20264:09 AM,CO Pretrial/Prob Hold,Misdemeanor,701273,"October 5, 2026 at 12:07 AM",Non-Hispanic,P4A,P4A,White,Male,Non-Hispanic,34.0,7/11/2026,30s,625153.0,03P CO Pretrial/Prob Hold,DEREK,Y,Yes,7/11/2026 9:09:35 AM,Pretrial,BUNKOSKE,PSB,Physically in the jail,Public Safety Building,86,80,to 99,Null,10/5/2026 12:07:13 AM,10/5/2026 12:07:13 AM
https://www.danesheriff.com/Residents/Detail/240123,DISORDERLY CONDUCT; RESISTING OR OBSTRUCTING; PAROLE VIOLATION,; ; ,3,Madison Police Department,8/28/20263:04 AM,P/P Violation (Hold),Misdemeanor,240123,"October 5, 2026 at 12:07 AM",Non-Hispanic,P3K,P3K,White,Male,Non-Hispanic,29.0,8/28/2026,20s,626982.0,05 P/P Violation (Hold),GARRETT,Y,Yes,8/28/2026 8:04:16 AM,P/P hold,MOEN,PSB,Physically in the jail,Public Safety Building,38,20,to 39,Null,10/5/2026 12:07:13 AM,10/5/2026 12:07:13 AM
https://www.danesheriff.com/Residents/Detail/769256,OPERATING WHILE INTOXICATED; PROBATION VIOLATION; OPERATING WHILE REVOKED; TAMPERING W IGNITION INTERLOCK; BAIL JUMPING - MISDEMEANOR,; ; ; ; ,6,Madison Police Department,9/9/20262:52 AM,Presentence Invest,Misdemeanor,769256,"October 5, 2026 at 12:07 AM",Non-Hispanic,P3K,P3K,Black,Male,Non-Hispanic,42.0,9/9/2026,40s,627479.0,06 Presentence Invest,FREDRICK,Y,No,9/9/2026 7:52:17 AM,Presentence Investigation,VINSON,PSB,Physically in the jail,Public Safety Building,26,20,to 39,Null,10/5/2026 12:07:13 AM,10/5/2026 12:07:13 AM
https://www.danesheriff.com/Residents/Detail/731420,BAIL JUMPING - MISDEMEANOR,939.62(1)(A),3,Madison Police Department,8/29/20262:36 AM,CO Pretrial,Misdemeanor,731420,"October 5, 2026 at 12:07 AM",Non-Hispanic,7WEST,7WEST,Black,Male,Non-Hispanic,27.0,8/29/2026,20s,627025.0,03 CO Pretrial,ANTHONY,Y,No,8/29/2026 7:36:13 AM,Pretrial,PETERSON,CCB,Physically in the jail,City-County Building,37,20,to 39,Null,10/5/2026 12:07:13 AM,10/5/2026 12:07:13 AM
https://www.danesheriff.com/Residents/Detail/690098,PROBATION VIOLATION; 2ND-DEG RECKLESSLY ENDANG SAFE; STRANGULATION; FALSE IMPRISONMENT; BATTERY; INTIM VICTIM DISSUADE REPORTIN,; 939.62(1)(B); 973.055(1); 973.055(1); 973.055(1); 973.055(1),6,Madison Police Department; Dane County Sheriffs Office,12/18/20253:48 PM,CO Pretrial,Felony,690098,"October 5, 2026 at 12:07 AM",Non-Hispanic,P4G,P4G,Black,Male,Non-Hispanic,31.0,12/18/2025,30s,617413.0,03 CO Pretrial,MATTHEW,Y,No,12/18/2025 9:48:47 PM,Pretrial,STEWART,PSB,Physically in the jail,Public Safety Building,291,280,to 299,Null,10/5/2026 12:07:13 AM,10/5/2026 12:07:13 AM
https://www.danesheriff.com/Residents/Detail/433009,BAIL JUMPING - MISDEMEANOR; HIT AND RUN; LEWD LASCIVIOUS BEHAVIOR PUBLI; CRIMINAL DAMAGE TO PROPERTY; DISORDERLY CONDUCT; BATTERY; DISORDERLY CONDUCT; BAIL JUMPING - MISDEMEANOR; BAIL JUMPING - MISDEMEANOR,; ; ; ; ; 973.055(1); 973.055(1); 973.055(1); ,10,Madison Police Department,10/1/20265:05 PM,CO Prearraignment,Misdemeanor,433009,"October 5, 2026 at 12:07 AM",Non-Hispanic,FEMALEHOUSING,FEMALEHOUSING,White,Female,Non-Hispanic,18.0,10/1/2026,<20,628248.0,01 CO Prearraignment,DEBBI,Y,No,10/1/2026 10:05:34 PM,Pretrial,THOMPSON,PSB,Physically in the jail,Public Safety Building,4,0,to 19,Null,10/5/2026 12:07:13 AM,10/5/2026 12:07:13 AM
https://www.danesheriff.com/Residents/Detail/243720,DISORDERLY CONDUCT; RESISTING OR OBSTRUCTING; THREAT TO CAUSE BODILY HARM TO CERTAIN INDIVIDUALS INV WITH A CRT LEGAL SYSTEM; DISCHG BODY FLUID PUBLIC WRKR; BATTERY TO CERTAIN INDIVIDUALS INVOLVED WITH A COURT OR LEGAL SYSTEM; PROBATION VIOLATION; CARRYING A CONCEALED KNIFE,939.63(1)(A); 939.62(1)(A); ; 939.62(1)(A); 939.62(1)(B); ; 939.62(1)(A),7,Madison Police Department,5/28/202611:28 PM,Sentenced/No Huber/Prob Hold,Misdemeanor,243720,"October 5, 2026 at 12:07 AM",Non-Hispanic,7WEST,7WEST,White,Male,Non-Hispanic,44.0,5/28/2026,40s,623472.0,07P Sentenced/No Huber/PO Hold,DRAKE,Y,Null,5/29/2026 4:28:34 AM,Null,DYKEMAN,CCB,Physically in the jail,City-County Building,130,120,to 139,Null,10/5/2026 12:07:13 AM,10/5/2026 12:07:13 AM
https://www.danesheriff.com/Residents/Detail/712511,PROBATION VIOLATION,,1,Madison Police Department,9/15/20261:30 PM,P/P Violation (Hold),Civil,712511,"October 5, 2026 at 12:07 AM",Non-Hispanic,7WEST,7WEST,Black,Male,Non-Hispanic,32.0,9/15/2026,30s,627688.0,05 P/P Violation (Hold),CHIKEZIE,Y,Yes,9/15/2026 6:30:28 PM,P/P hold,OBIORA,CCB,Physically in the jail,City-County Building,20,20,to 39,Null,10/5/2026 12:07:13 AM,10/5/2026 12:07:13 AM
https://www.danesheriff.com/Residents/Detail/313650,DISORDERLY CONDUCT; PAROLE VIOLATION; KNOWINGLY FLEE AN OFFICER; KNOWINGLY FLEE AN OFFICER; HIT AND RUN; RESISTING OR OBSTRUCTING,973.055(1); ; ; ; ; ,6,Middleton Police Department; Madison Police Department; Monona Police Department; Probation and Parole,9/2/202612:58 AM,CO Pretrial/Prob Hold,Felony,313650,"October 5, 2026 at 12:07 AM",Non-Hispanic,P3K,P3K,Black,Male,Non-Hispanic,32.0,9/2/2026,30s,627191.0,03P CO Pretrial/Prob Hold,DONDRE,Y,Yes,9/2/2026 5:58:18 AM,Pretrial,GRAHAM,PSB,Physically in the jail,Public Safety Building,33,20,to 39,JR,10/5/2026 12:07:13 AM,10/5/2026 12:07:13 AM
https://www.danesheriff.com/Residents/Detail/810383,ID THEFT; FRAUD AGAINST FINANCIAL INSTITUTE; ID THEFT; FRAUD AGAINST FINANCIAL INSTITUTE; FRAUD AGAINST FINANCIAL INSTITUTE; EXTRADITION,; ; ; 939.32; ; ,8,Rock Co Sheriff's Office; Madison Police Department; Dane County Sheriffs Office; Middleton Police Department,4/14/20267:02 PM,CO Pretrial/Hold,Felony,810383,"October 5, 2026 at 12:07 AM",Non-Hispanic,IOWA,Iowa County,White,Male,Non-Hispanic,38.0,4/14/2026,30s,621784.0,03H CO Pretrial/Hold,BRANDON,Y,Yes,4/15/2026 12:02:58 AM,Pretrial,VENEMAN,OUTSIDE,Housed in other jails,Other,174,160,to 179,Null,10/5/2026 12:07:13 AM,10/5/2026 12:07:13 AM
https://www.danesheriff.com/Residents/Detail/373770,POSSESS DRUG PARAPHERNALIA; RESISTING OR OBSTRUCTING; BAIL JUMPING - FELONY; POSSESS NARCOTIC/ANALOG; RESISTING OR OBSTRUCTING; POSSESS DRUG PARAPHERNALIA; BAIL JUMPING - FELONY; POSSESS DRUG PARAPHERNALIA; RETAIL THEFT INTENT TAKE; BAIL JUMPING - FELONY; BAIL JUMPING - MISDEMEANOR; RETAIL THEFT INTENT TAKE,; ; ; ; ; ; ; ; ; ; ; 939.62(1)(A),16,Fitchburg Police Department,10/2/20267:58 AM,CO Prearraignment,Felony,373770,"October 5, 2026 at 12:07 AM",Non-Hispanic,P3C,P3C,Black,Male,Non-Hispanic,34.0,10/2/2026,30s,628277.0,01 CO Prearraignment,DEMETRE,Y,No,10/2/2026 12:58:45 PM,Pretrial,MCDAVID,PSB,Physically in the jail,Public Safety Building,3,0,to 19,Null,10/5/2026 12:07:13 AM,10/5/2026 12:07:13 AM
https://www.danesheriff.com/Residents/Detail/812398,BATTERY TO PUBLIC OFFICERS,,1,Dane County Sheriffs Office,9/14/20264:57 PM,CO Pretrial,Misdemeanor,812398,"October 5, 2026 at 12:07 AM",Unknown,6WEST,6WEST,Black,Female,Unknown,64.0,9/14/2026,60s,627660.0,03 CO Pretrial,HARVENIA,Y,No,9/14/2026 9:57:58 PM,Pretrial,JACKSON,CCB,Physically in the jail,City-County Building,21,20,to 39,Null,10/5/2026 12:07:13 AM,10/5/2026 12:07:13 AM
https://www.danesheriff.com/Residents/Detail/695592,EXTRADITION,,1,Cross Plains Police Department,10/4/20263:53 AM,CO Prearraignment/Hold,Civil,695592,"October 5, 2026 at 12:07 AM",Non-Hispanic,MALEDORM,MALEDORM,Black,Male,Non-Hispanic,22.0,10/4/2026,20s,628330.0,01H CO Prearraignment/Hold,CULLEN,Y,Yes,10/4/2026 8:53:19 AM,Pretrial,KUESTER,PSB,Physically in the jail,Public Safety Building,1,0,to 19,Null,10/5/2026 12:07:13 AM,10/5/2026 12:07:13 AM
https://www.danesheriff.com/Residents/Detail/187481,DISORDERLY CONDUCT; BATTERY; PROBATION VIOLATION; BAIL JUMPING - FELONY; BAIL JUMPING - FELONY; BATTERY-SUBST BODILY HARM; 2ND-DEG RECKLESSLY ENDANG SAFE; POSS OF FIREARM BY A FELON; RESISTING OR OBSTRUCTING,973.055(1); 973.055(1); ; ; ; ; 939.62(1)(B); 939.62(1)(C); ,9,Madison Police Department,2/12/20262:32 PM,State Resident Intransit,Felony,187481,"October 5, 2026 at 12:07 AM",Non-Hispanic,P4E,P4E,Black,Male,Non-Hispanic,39.0,2/12/2026,30s,619441.0,13 State Resident Intransit,LORENZO,Y,No,2/12/2026 8:32:34 PM,State resident,BROWN,PSB,Physically in the jail,Public Safety Building,235,220,to 239,Null,10/5/2026 12:07:13 AM,10/5/2026 12:07:13 AM
https://www.danesheriff.com/Residents/Detail/256150,1ST DEG INTENTIONAL HOMICIDE,,1,Madison Police Department,6/2/20264:40 PM,CO Pretrial,Felony,256150,"October 5, 2026 at 12:07 AM",Hispanic,6EAST,6EAST,White,Male,Hispanic,41.0,6/2/2026,40s,623656.0,03 CO Pretrial,JOSE,Y,No,6/2/2026 9:40:22 PM,Pretrial,DUENAS-QUINONEZ,CCB,Physically in the jail,City-County Building,125,120,to 139,Null,10/5/2026 12:07:13 AM,10/5/2026 12:07:13 AM
https://www.danesheriff.com/Residents/Detail/112060,PROBATION VIOLATION,,1,Probation and Parole,9/28/20262:40 PM,P/P Violation (Hold),Civil,112060,"October 5, 2026 at 12:07 AM",Non-Hispanic,P4E,P4E,Black,Male,Non-Hispanic,37.0,9/28/2026,30s,628123.0,05 P/P Violation (Hold),DAVID,Y,Yes,9/28/2026 7:40:17 PM,P/P hold,CHAMBERS,PSB,Physically in the jail,Public Safety Building,7,0,to 19,Null,10/5/2026 12:07:13 AM,10/5/2026 12:07:13 AM
https://www.danesheriff.com/Residents/Detail/127402,OPERATING WHILE INTOXICATED,,1,Dane County Sheriffs Office,9/23/20262:59 PM,Prob Sentence/Work Release,Misdemeanor,127402,"October 5, 2026 at 12:07 AM",Hispanic,CAMP,CAMP,White,Male,Hispanic,49.0,9/23/2026,40s,627967.0,09W Prob Sentence/Work Release,JOSE,Y,No,9/23/2026 7:59:47 PM,Local sentence,TRINIDAD,DVRSN,CAMP,DVRSN,12,0,to 19,Null,10/5/2026 12:07:13 AM,10/5/2026 12:07:13 AM
https://www.danesheriff.com/Residents/Detail/117823,BURGLARY BUILDING OR DWELLING,,1,Dane County Circuit Court,9/18/20267:36 AM,Prob Sentence/Work Release,Felony,117823,"October 5, 2026 at 12:07 AM",Non-Hispanic,6EAST,6EAST,White,Male,Non-Hispanic,33.0,9/18/2026,30s,627799.0,09W Prob Sentence/Work Release,COLTON,Y,No,9/18/2026 12:36:59 PM,Local sentence,REINDAHL,CCB,Physically in the jail,City-County Building,17,0,to 19,Null,10/5/2026 12:07:13 AM,10/5/2026 12:07:13 AM
https://www.danesheriff.com/Residents/Detail/799139,BATTERY; DISORDERLY CONDUCT,; ,2,State Patrol-District #1,9/28/20261:28 PM,CO Pretrial,Misdemeanor,799139,"October 5, 2026 at 12:07 AM",Hispanic,6WEST,6WEST,Black,Female,Hispanic,27.0,9/28/2026,20s,628121.0,03 CO Pretrial,KAWMESHA,Y,No,9/28/2026 6:28:50 PM,Pretrial,KNOX,CCB,Physically in the jail,City-County Building,7,0,to 19,Null,10/5/2026 12:07:13 AM,10/5/2026 12:07:13 AM
https://www.danesheriff.com/Residents/Detail/90101771,OPERATING WHILE INTOXICATED; OPERATE AFTER REVOCATION,; ,2,Dane County Circuit Court; Rock Co Sheriff's Office,4/6/20029:00 AM,Sentenced with Huber,Misdemeanor,90101771,,,,,,,,,,,,,,,,,,,,,,,,,,,
https://www.danesheriff.com/Residents/Detail/655656,SUBSTANTIAL BATTERY; DISORDERLY CONDUCT; DISORDERLY CONDUCT; BATTERY,939.62(1)(B); 939.62(1)(A); 939.62(1)(A); ,4,Dane County Circuit Court; Madison Police Department,9/17/202612:39 PM,CO Pretrial,Felony,655656,"October 5, 2026 at 12:07 AM",Non-Hispanic,7WEST,7WEST,White,Male,Non-Hispanic,27.0,9/17/2026,20s,627767.0,03 CO Pretrial,AARON,Y,No,9/17/2026 5:39:17 PM,Pretrial,FAGA,CCB,Physically in the jail,City-County Building,18,0,to 19,Null,10/5/2026 12:07:13 AM,10/5/2026 12:07:13 AM
https://www.danesheriff.com/Residents/Detail/579530,SUBSTANTIAL BATTERY; STRANGULATION; FALSE IMPRISONMENT; DISORDERLY CONDUCT; UNLAWFUL USE OF COMPUTER COMM; BAIL JUMPING - FELONY,973.055(1); 973.055(1); 973.055(1); 973.055(1); 973.055(1); ,6,Madison Police Department,3/30/202610:47 AM,Sentenced with Huber,Felony,579530,"October 5, 2026 at 12:07 AM",Non-Hispanic,IOWA,Iowa County,Black,Male,Non-Hispanic,27.0,3/30/2026,20s,621194.0,08 Sentenced with Huber,TQUAN,Y,No,3/30/2026 3:47:12 PM,Local sentence,WILEY,OUTSIDE,Housed in other jails,Other,189,180,to 199,Null,10/5/2026 12:07:13 AM,10/5/2026 12:07:13 AM
https://www.danesheriff.com/Residents/Detail/40133,PAROLE VIOLATION,,1,Probation and Parole,7/31/20266:43 PM,P/P Violation (Hold),Civil,40133,"October 5, 2026 at 12:07 AM",Non-Hispanic,P3A,P3A,White,Male,Non-Hispanic,43.0,7/31/2026,40s,625912.0,05 P/P Violation (Hold),MIRON,Y,Yes,7/31/2026 11:43:39 PM,P/P hold,SEMOVSKI,PSB,Physically in the jail,Public Safety Building,66,60,to 79,Null,10/5/2026 12:07:13 AM,10/5/2026 12:07:13 AM
https://www.danesheriff.com/Residents/Detail/734125,OPERATING WHILE INTOXICATED; IMMIGRATION,; ,2,"Waunakee Police Department; Immigration/Naturalization, US",6/11/202611:43 AM,Sentenced/Outside Hold - Huber,Misdemeanor,734125,"October 5, 2026 at 12:07 AM",Hispanic,CAMP,CAMP,White,Male,Hispanic,36.0,6/11/2026,30s,624027.0,21W Sentenced/Outsde Hld - Hubr,HUGO,Y,Yes,6/11/2026 4:43:01 PM,Local sentence,CUADRA VIDEA,DVRSN,CAMP,DVRSN,116,100,to 119,Null,10/5/2026 12:07:13 AM,10/5/2026 12:07:13 AM
https://www.danesheriff.com/Residents/Detail/744260,OPERATING WHILE INTOXICATED,,1,Dane County Sheriffs Office,7/21/20264:51 PM,Prob Sentence/Work Release,Misdemeanor,744260,"October 5, 2026 at 12:07 AM",Non-Hispanic,CAMP,CAMP,White,Male,Non-Hispanic,27.0,7/21/2026,20s,625565.0,09W Prob Sentence/Work Release,HAYDEN,Y,No,7/21/2026 9:51:47 PM,Local sentence,ARNESON,DVRSN,CAMP,DVRSN,76,60,to 79,Null,10/5/2026 12:07:13 AM,10/5/2026 12:07:13 AM
https://www.danesheriff.com/Residents/Detail/448888,CONTEMPT OF COURT PUN SANCTION,,1,Dane County Sheriffs Office,9/25/20264:15 PM,Sentenced with Huber,Misdemeanor,448888,"October 5, 2026 at 12:07 AM",Non-Hispanic,P3K,P3K,White,Male,Non-Hispanic,47.0,9/25/2026,40s,628033.0,08 Sentenced with Huber,SHANE,Y,No,9/25/2026 9:15:12 PM,Local sentence,DOUGHERTY,PSB,Physically in the jail,Public Safety Building,10,0,to 19,Null,10/5/2026 12:07:13 AM,10/5/2026 12:07:13 AM
https://www.danesheriff.com/Residents/Detail/639835,PAROLE VIOLATION; EXTENDED SUPERVISION SANCTIONS,; ,2,Madison Police Department,9/13/20268:56 AM,E.S. Sanct w/out work release,Civil,639835,"October 5, 2026 at 12:07 AM",Non-Hispanic,6WEST,6WEST,Black,Male,Non-Hispanic,30.0,9/13/2026,30s,627617.0,22 E.S. Sanct w/out wrk release,CURTIS,Y,No,9/13/2026 1:56:14 PM,Extended supervision,CURRY,CCB,Physically in the jail,City-County Building,22,20,to 39,JR,10/5/2026 12:07:13 AM,10/5/2026 12:07:13 AM
https://www.danesheriff.com/Residents/Detail/742615,BATTERY,,1,Dane County Circuit Court,9/28/20268:48 AM,Sentenced with Huber,Misdemeanor,742615,"October 5, 2026 at 12:07 AM",Non-Hispanic,P4K,P4K,Black,Male,Non-Hispanic,33.0,9/28/2026,30s,628109.0,08 Sentenced with Huber,JAMI,Y,No,9/28/2026 1:48:59 PM,Local sentence,DIXON,PSB,Physically in the jail,Public Safety Building,7,0,to 19,Null,10/5/2026 12:07:13 AM,10/5/2026 12:07:13 AM
https://www.danesheriff.com/Residents/Detail/823844,2ND DEG SEX ASSAULT OF CHILD; CAPTURE IMAGE OF NUDITY; PROBATION VIOLATION,; ; ,3,Madison Police Department; Probation and Parole,7/17/20264:18 PM,CO Pretrial/Prob Hold,Felony,823844,"October 5, 2026 at 12:07 AM",Non-Hispanic,P3E,P3E,Black,Male,Non-Hispanic,18.0,7/17/2026,<20,625411.0,03P CO Pretrial/Prob Hold,DONYAE,Y,Yes,7/17/2026 9:18:57 PM,Pretrial,GARDNER,PSB,Physically in the jail,Public Safety Building,80,80,to 99,Null,10/5/2026 12:07:13 AM,10/5/2026 12:07:13 AM
https://www.danesheriff.com/Residents/Detail/354166,DISORDERLY CONDUCT; RESIST OR OBSTRUCT OFFICER; PAROLE VIOLATION,; ; ,3,Madison Police Department,6/3/20268:24 PM,P/P Violation (Hold),Misdemeanor,354166,"October 5, 2026 at 12:07 AM",Non-Hispanic,IOWA,Iowa County,White,Female,Non-Hispanic,31.0,6/3/2026,30s,623706.0,05 P/P Violation (Hold),HEATHER,Y,Yes,6/4/2026 1:24:05 AM,P/P hold,PARKS,OUTSIDE,Housed in other jails,Other,124,120,to 139,Null,10/5/2026 12:07:13 AM,10/5/2026 12:07:13 AM
https://www.danesheriff.com/Residents/Detail/719701,PROBATION VIOLATION; LEWD LASCIVIOUS BEHAVIOR PUBLI,; ,2,Madison Police Department,8/20/20264:48 PM,P/P Violation (Hold),Misdemeanor,719701,"October 5, 2026 at 12:07 AM",Non-Hispanic,7WEST,7WEST,Black,Male,Non-Hispanic,36.0,8/20/2026,30s,626714.0,05 P/P Violation (Hold),XAVIER,Y,Yes,8/20/2026 9:48:17 PM,P/P hold,OVER,CCB,Physically in the jail,City-County Building,46,40,to 59,III,10/5/2026 12:07:13 AM,10/5/2026 12:07:13 AM
https://www.danesheriff.com/Residents/Detail/565877,POSS OF FIREARM BY A FELON; REC STOLEN PROP 5000 TO 10000; 1ST DEG INTENTIONAL HOMICIDE; 1ST DEG INTENTIONAL HOMICIDE; 1ST-DEG RECKLESSLY ENDANG SAFE; POSS OF FIREARM BY A FELON; 1ST DEGREE RECKLESS HOMICIDE,939.62(1)(B); 939.62(1)(B); 939.05; 939.05; 939.05; ; 939.05,9,Dane County Sheriffs Office,4/28/20267:22 PM,Presentence Invest,Felony,565877,"October 5, 2026 at 12:07 AM",Non-Hispanic,P4K,P4K,Black,Male,Non-Hispanic,24.0,4/28/2026,20s,622304.0,06 Presentence Invest,REGINALD,Y,No,4/29/2026 12:22:43 AM,Presentence Investigation,SEXTON,PSB,Physically in the jail,Public Safety Building,160,160,to 179,JR,10/5/2026 12:07:13 AM,10/5/2026 12:07:13 AM
https://www.danesheriff.com/Residents/Detail/356162,POSS W/INTENT-FENTANYL (<=10G); BAIL JUMPING - FELONY; POSS W/INTENT-FENTANYL (<=10G); HOMICIDE INTOX USE VEHICLE; 1ST DEGREE RECKLESS HOMICIDE; HOMICIDE BY USE OF VEHICLE W/; BAIL JUMPING - FELONY,; ; 961.49(1M)(B)2; ; ; ; ,13,Monona Police Department; Madison Police Department,8/25/20267:55 PM,CO Pretrial/Hold,Felony,356162,"October 5, 2026 at 12:07 AM",Non-Hispanic,P4A,P4A,Black,Male,Non-Hispanic,40.0,8/25/2026,40s,626901.0,03H CO Pretrial/Hold,KYLE,Y,Yes,8/26/2026 12:55:50 AM,Pretrial,STANSIL,PSB,Physically in the jail,Public Safety Building,41,40,to 59,Null,10/5/2026 12:07:13 AM,10/5/2026 12:07:13 AM
https://www.danesheriff.com/Residents/Detail/407860,OPERATING WHILE INTOXICATED,,1,Dane County Circuit Court,7/31/20268:48 AM,Sentenced with Huber,Misdemeanor,407860,"October 5, 2026 at 12:07 AM",Hispanic,CAMP,CAMP,White,Male,Hispanic,37.0,7/31/2026,30s,625894.0,08 Sentenced with Huber,ALVARO,Y,No,7/31/2026 1:48:18 PM,Local sentence,VALERO RAMALES,DVRSN,CAMP,DVRSN,66,60,to 79,Null,10/5/2026 12:07:13 AM,10/5/2026 12:07:13 AM
https://www.danesheriff.com/Residents/Detail/90098962,OPERATING WHILE INTOXICATED,,1,Rock Co Sheriff's Office,9/24/20268:29 AM,Prob Sentence/Work Release,Misdemeanor,90098962,"October 5, 2026 at 12:07 AM",Non-Hispanic,CAMP,CAMP,Black,Male,Non-Hispanic,52.0,9/24/2026,50s,627990.0,09W Prob Sentence/Work Release,PAUL,Y,No,9/24/2026 1:29:36 PM,Local sentence,WINFIELD,DVRSN,CAMP,DVRSN,11,0,to 19,Null,10/5/2026 12:07:13 AM,10/5/2026 12:07:13 AM
https://www.danesheriff.com/Residents/Detail/757700,ID THEFT; PROBATION VIOLATION; STRANGULATION; DISORDERLY CONDUCT,939.623(2)(A); ; ; ,4,Madison Police Department,8/19/20263:06 PM,Sentenced with Huber,Felony,757700,"October 5, 2026 at 12:07 AM",Non-Hispanic,CAMP,CAMP,Black,Male,Non-Hispanic,20.0,8/19/2026,20s,626671.0,08 Sentenced with Huber,ALMONTE,Y,No,8/19/2026 8:06:10 PM,Local sentence,COLE,DVRSN,CAMP,DVRSN,47,40,to 59,Null,10/5/2026 12:07:13 AM,10/5/2026 12:07:13 AM
https://www.danesheriff.com/Residents/Detail/636453,OPERATING WHILE INTOXICATED; OPERATING WHILE INTOXICATED; OPERATING WHILE INTOXICATED,; ; ,3,Dane County Sheriffs Office,7/20/202610:38 AM,Sentenced with Huber,Misdemeanor,636453,"October 5, 2026 at 12:07 AM",Non-Hispanic,P3A,P3A,Black,Male,Non-Hispanic,48.0,7/20/2026,40s,625509.0,08 Sentenced with Huber,ANTOINE,Y,No,7/20/2026 3:38:00 PM,Local sentence,HARRIS,PSB,Physically in the jail,Public Safety Building,77,60,to 79,Null,10/5/2026 12:07:13 AM,10/5/2026 12:07:13 AM
https://www.danesheriff.com/Residents/Detail/435782,OPERATING WHILE INTOXICATED; PROBATION VIOLATION,; ,2,Dane County Sheriffs Office,10/2/20269:54 PM,Sentenced/Huber/Prob Hold,Misdemeanor,435782,"October 5, 2026 at 12:07 AM",Non-Hispanic,MALESEG,MALESEG,Black,Male,Non-Hispanic,66.0,10/2/2026,60s,628300.0,08P Sentenced/Huber/Prob Hold,ANDRE,Y,Yes,10/3/2026 2:54:25 AM,Local sentence,DENNARD,PSB,Physically in the jail,Public Safety Building,3,0,to 19,Null,10/5/2026 12:07:13 AM,10/5/2026 12:07:13 AM
https://www.danesheriff.com/Residents/Detail/764561,CHILD ENTICEMENT,,1,Dane County Sheriffs Office,9/29/20261:22 PM,State Resident Intransit,Felony,764561,"October 5, 2026 at 12:07 AM",Non-Hispanic,P4K,P4K,White,Male,Non-Hispanic,39.0,9/29/2026,30s,628155.0,13 State Resident Intransit,LUCAS,Y,No,9/29/2026 6:22:26 PM,State resident,STOMBERG,PSB,Physically in the jail,Public Safety Building,6,0,to 19,Null,10/5/2026 12:07:13 AM,10/5/2026 12:07:13 AM
https://www.danesheriff.com/Residents/Detail/428979,OPERATING WHILE INTOXICATED,,1,Dane County Sheriffs Office,8/13/20267:28 AM,Sentenced with Huber,Misdemeanor,428979,"October 5, 2026 at 12:07 AM",Non-Hispanic,FEMALEHOUSING,FEMALEHOUSING,Black,Female,Non-Hispanic,31.0,8/13/2026,30s,626427.0,08 Sentenced with Huber,ALLANAH,Y,No,8/13/2026 12:28:18 PM,Local sentence,DAVIS,PSB,Physically in the jail,Public Safety Building,53,40,to 59,Null,10/5/2026 12:07:13 AM,10/5/2026 12:07:13 AM
https://www.danesheriff.com/Residents/Detail/90130358,FLR COMPLY ATT TAKE INTO CUS; DISORDERLY CONDUCT; POSSESS DRUG PARAPHERNALIA; PAROLE VIOLATION; EXTENDED SUPERVISION SANCTIONS,; ; ; ; ,5,Sun Prairie Police Department,9/10/202611:19 PM,E.S. Sanct w/out work release,Misdemeanor,90130358,"October 5, 2026 at 12:07 AM",Non-Hispanic,P3K,P3K,White,Male,Non-Hispanic,44.0,9/10/2026,40s,627547.0,22 E.S. Sanct w/out wrk release,DONALD,Y,No,9/11/2026 4:19:10 AM,Extended supervision,SCHAEFER,PSB,Physically in the jail,Public Safety Building,25,20,to 39,JR,10/5/2026 12:07:13 AM,10/5/2026 12:07:13 AM
https://www.danesheriff.com/Residents/Detail/90102370,DISORDERLY CONDUCT; BATTERY; PROBATION VIOLATION,973.055(1); 973.055(1); ,3,McFarland Police Department,9/7/20269:23 AM,P/P Violation (Hold),Misdemeanor,90102370,"October 5, 2026 at 12:07 AM",Non-Hispanic,P3K,P3K,White,Male,Non-Hispanic,53.0,9/7/2026,50s,627413.0,05 P/P Violation (Hold),WAYNE,Y,Yes,9/7/2026 2:23:15 PM,P/P hold,VAUGHAN,PSB,Physically in the jail,Public Safety Building,28,20,to 39,Null,10/5/2026 12:07:13 AM,10/5/2026 12:07:13 AM
https://www.danesheriff.com/Residents/Detail/90100870,DISORDERLY CONDUCT; RETAIL THEFT ALTER PRICE; RESISTING OR OBSTRUCTING; BAIL JUMPING - FELONY; BAIL JUMPING - FELONY; DISORDERLY CONDUCT; RESISTING OR OBSTRUCTING; BAIL JUMPING - FELONY; BAIL JUMPING - FELONY; PHYSICAL ABUSE OF A CHILD; BAIL JUMPING - FELONY; BAIL JUMPING - FELONY; BAIL JUMPING - FELONY; BAIL JUMPING - FELONY; BAIL JUMPING - FELONY,; ; ; ; ; ; ; ; ; ; ; ; ; ; ,15,Madison Police Department,12/15/19957:58 PM,Sentenced with Huber,Felony,90100870,,,,,,,,,,,,,,,,,,,,,,,,,,,
https://www.danesheriff.com/Residents/Detail/691997,FELON IN POSSESSION OF OC; POSSESSION OF FIREARM BY FELON; PAROLE VIOLATION; POSS OF FIREARM BY A FELON,; 939.05; ; 939.05,4,Madison Police Department,3/28/20265:43 AM,CO Pretrial/Prob Hold,Felony,691997,"October 5, 2026 at 12:07 AM",Non-Hispanic,P4A,P4A,Black,Male,Non-Hispanic,23.0,3/28/2026,20s,621128.0,03P CO Pretrial/Prob Hold,CODEY,Y,Yes,3/28/2026 10:43:58 AM,Pretrial,WILLIAMSON,PSB,Physically in the jail,Public Safety Building,191,180,to 199,JR,10/5/2026 12:07:13 AM,10/5/2026 12:07:13 AM
https://www.danesheriff.com/Residents/Detail/797618,DISORDERLY CONDUCT; RESISTING OR OBSTRUCTING; BAIL JUMPING - MISDEMEANOR; BATTERY; DISORDERLY CONDUCT; BAIL JUMPING - MISDEMEANOR; BATTERY; DISORDERLY CONDUCT; BAIL JUMPING - MISDEMEANOR; BATTERY; BAIL JUMPING - MISDEMEANOR; BATTERY BY PRISONERS; BAIL JUMPING - MISDEMEANOR,; ; ; 973.055(1); 973.055(1); ; ; ; ; ; ; ; ,24,Madison Police Department; Dane County Sheriffs Office,5/15/20269:15 PM,CO Pretrial,Felony,797618,"October 5, 2026 at 12:07 AM",Hispanic,7WEST,7WEST,White,Male,Hispanic,26.0,5/15/2026,20s,622977.0,03 CO Pretrial,JOSE,Y,No,5/16/2026 2:15:32 AM,Pretrial,BARAHONA SOTO,CCB,Physically in the jail,City-County Building,143,140,to 159,Null,10/5/2026 12:07:13 AM,10/5/2026 12:07:13 AM
https://www.danesheriff.com/Residents/Detail/572485,RESISTING OR OBSTRUCTING; BAIL JUMPING - MISDEMEANOR; BAIL JUMPING - FELONY; RETAIL THEFT INTENT TAKE; BAIL JUMPING - FELONY; BAIL JUMPING - FELONY; RETAIL THEFT INTENT TAKE; BAIL JUMPING - FELONY; RETAIL THEFT INTENT TAKE; RETAIL THEFT INTENT TAKE; RETAIL THEFT INTENT TAKE; FORGERY UTTERING; ISS WORTHLESS CHKS OVER 2500; ID THEFT; RETAIL THEFT INTENT TAKE; POSSESSION OF COCAINE/BASE; ID THEFT; RETAIL THEFT INTENT TAKE,; ; ; ; ; ; ; ; ; 939.05; ; ; ; ; ; ; ; ,33,Madison Police Department,9/21/20265:04 AM,CO Pretrial/Hold,Felony,572485,"October 5, 2026 at 12:07 AM",Non-Hispanic,6EAST,6EAST,White,Male,Non-Hispanic,42.0,9/21/2026,40s,627883.0,03H CO Pretrial/Hold,JEREMY,Y,Yes,9/21/2026 10:04:19 AM,Pretrial,ELISIUS,CCB,Physically in the jail,City-County Building,14,0,to 19,Null,10/5/2026 12:07:13 AM,10/5/2026 12:07:13 AM
https://www.danesheriff.com/Residents/Detail/708406,PROBATION VIOLATION; 1ST DEG INTENTIONAL HOMICIDE; 1ST-DEG RECKLESSLY ENDANG SAFE; POSS OF FIREARM BY A FELON; 1ST-DEG RECKLESSLY ENDANG SAFE; POSS OF FIREARM BY A FELON; 1ST-DEG RECKLESSLY ENDANG SAFE; 1ST DEG INTENTIONAL HOMICIDE,; 939.05; ; ; 939.63(1)(B); ; ; 939.32,10,Madison Police Department,10/6/202511:58 PM,CO Pretrial/Prob Hold,Felony,708406,"October 5, 2026 at 12:07 AM",Hispanic,6WEST,6WEST,White,Male,Hispanic,20.0,10/6/2025,20s,614905.0,03P CO Pretrial/Prob Hold,LIZANDRO,Y,Yes,10/7/2025 4:58:56 AM,Pretrial,BALMACEDA-MARTINEZ,CCB,Physically in the jail,City-County Building,364,300+,,Null,10/5/2026 12:07:13 AM,10/5/2026 12:07:13 AM
https://www.danesheriff.com/Residents/Detail/155053,DISORDERLY CONDUCT; PROBATION VIOLATION; THREAT TO CAUSE BODILY HARM TO CERTAIN INDIVIDUALS INV WITH A CRT LEGAL SYSTEM; POS W/INT DEL AMPHET 3-100 GMS; PROBATION VIOLATION; ESCAPE CRIMINAL ARREST,; ; ; ; ; 939.62(1)(B),6,Fitchburg Police Department; Dane County Circuit Court; Sauk Co Sheriff's Office; Probation and Parole,12/24/202511:47 AM,P/P Viol/Outside Hold,Felony,155053,"October 5, 2026 at 12:07 AM",Non-Hispanic,6EAST,6EAST,Black,Male,Non-Hispanic,30.0,12/24/2025,30s,617663.0,05H P/P Viol/Outside Hold,DEANGELO,Y,Yes,12/24/2025 5:47:06 PM,P/P hold,HARRIS,CCB,Physically in the jail,City-County Building,285,280,to 299,Null,10/5/2026 12:07:13 AM,10/5/2026 12:07:13 AM
https://www.danesheriff.com/Residents/Detail/358600,OPERATING WHILE INTOXICATED; IMMIGRATION; OPERATING WHILE REVOKED,; ; ,3,"Columbia Co Sheriff's Office; Dane County Circuit Court; Immigration/Naturalization, US",9/16/201612:18 PM,Sentenced/Outside Hold - Huber,Misdemeanor,358600,,,,,,,,,,,,,,,,,,,,,,,,,,,
https://www.danesheriff.com/Residents/Detail/465118,PROBATION VIOLATION; EXPOSE CHILD HARMFUL MATERIAL,; ,2,Probation and Parole,8/15/202611:07 PM,Presentence Invest,Felony,465118,"October 5, 2026 at 12:07 AM",Non-Hispanic,P3A,P3A,Black,Male,Non-Hispanic,32.0,8/15/2026,30s,626526.0,06 Presentence Invest,MALCOLM,Y,No,8/16/2026 4:07:50 AM,Presentence Investigation,BENTON-MCKNIGHT,PSB,Physically in the jail,Public Safety Building,51,40,to 59,Null,10/5/2026 12:07:13 AM,10/5/2026 12:07:13 AM
https://www.danesheriff.com/Residents/Detail/530059,LEWD LASCIVIOUS BEHAVIOR EXPOS; FELON IN POSSESSION OF OC; USE OC TO CAUSE HARM; BAIL JUMPING - MISDEMEANOR,939.62(1)(A); ; ; 939.62(1)(A),4,Madison Police Department,8/27/202612:54 PM,CO Pretrial,Felony,530059,"October 5, 2026 at 12:07 AM",Non-Hispanic,7WEST,7WEST,White,Male,Non-Hispanic,46.0,8/27/2026,40s,626962.0,03 CO Pretrial,JAMIE,Y,No,8/27/2026 5:54:41 PM,Pretrial,HERREN,CCB,Physically in the jail,City-County Building,39,20,to 39,Null,10/5/2026 12:07:13 AM,10/5/2026 12:07:13 AM
https://www.danesheriff.com/Residents/Detail/356094,OPERATING WHILE INTOXICATED,,1,Maple Bluff Police Department,9/30/20261:33 PM,Sentenced with Huber,Misdemeanor,356094,"October 5, 2026 at 12:07 AM",Non-Hispanic,CAMP,CAMP,White,Male,Non-Hispanic,62.0,9/30/2026,60s,628195.0,08 Sentenced with Huber,JOHN,Y,No,9/30/2026 6:33:22 PM,Local sentence,HAZEN,DVRSN,CAMP,DVRSN,5,0,to 19,II,10/5/2026 12:07:13 AM,10/5/2026 12:07:13 AM
https://www.danesheriff.com/Residents/Detail/230856,PAROLE VIOLATION,,1,Probation and Parole,8/21/20264:00 PM,P/P Violation (Hold),Civil,230856,"October 5, 2026 at 12:07 AM",Non-Hispanic,P3K,P3K,Black,Male,Non-Hispanic,34.0,8/21/2026,30s,626754.0,05 P/P Violation (Hold),TYSHON,Y,Yes,8/21/2026 9:00:11 PM,P/P hold,SAFFOLD,PSB,Physically in the jail,Public Safety Building,45,40,to 59,Null,10/5/2026 12:07:13 AM,10/5/2026 12:07:13 AM
https://www.danesheriff.com/Residents/Detail/760943,BAIL JUMPING - FELONY; HIT AND RUN; KNOWINGLY FLEE AN OFFICER,; ; ,3,State Patrol-District #1; Dane County Sheriffs Office,9/22/20263:56 PM,CO Pretrial,Felony,760943,"October 5, 2026 at 12:07 AM",Non-Hispanic,P4K,P4K,Black,Male,Non-Hispanic,22.0,9/22/2026,20s,627931.0,03 CO Pretrial,RANDELL,Y,No,9/22/2026 8:56:01 PM,Pretrial,MOORE,PSB,Physically in the jail,Public Safety Building,13,0,to 19,Null,10/5/2026 12:07:13 AM,10/5/2026 12:07:13 AM
https://www.danesheriff.com/Residents/Detail/659911,SUBSTANTIAL BATTERY; DISORDERLY CONDUCT,973.055(1); 973.055(1),2,Madison Police Department,10/5/20264:01 AM,CO Prearraignment,Felony,659911,,,,,,,,,,,,,,,,,,,,,,,,,,,
https://www.danesheriff.com/Residents/Detail/807837,BATTERY; NEGLECTING A CHILD SPECIFIED HARM DID NOT OCCUR; PROBATION VIOLATION; DISORDERLY CONDUCT,973.055(1); ; ; ,5,Dane County Sheriffs Office,9/19/20268:54 AM,P/P Violation (Hold),Felony,807837,"October 5, 2026 at 12:07 AM",Non-Hispanic,6WEST,6WEST,Black,Female,Non-Hispanic,25.0,9/19/2026,20s,627836.0,05 P/P Violation (Hold),DIONNA,Y,Yes,9/19/2026 1:54:49 PM,P/P hold,PUNZEL,CCB,Physically in the jail,City-County Building,16,0,to 19,Null,10/5/2026 12:07:13 AM,10/5/2026 12:07:13 AM
https://www.danesheriff.com/Residents/Detail/284702,WRIT; OPERATING WHILE INTOXICATED; KNOWINGLY FLEE AN OFFICER; OPERATING WHILE INTOXICATED,; ; ; ,4,Dane County Sheriffs Office,9/23/20262:38 PM,Sentenced with Huber,Felony,284702,,,,,,,,,,,,,,,,,,,,,,,,,,,
https://www.danesheriff.com/Residents/Detail/803538,STRANGULATION; INTIM VICTIM DISSUADE REPORTIN; BAIL JUMPING - FELONY; BATTERY; CRIMINAL DAMAGE TO PROPERTY; DISORDERLY CONDUCT,973.055(1); 973.055(1); ; 973.055(1); ; 973.055(1),6,Fitchburg Police Department,7/15/20264:19 AM,CO Pretrial,Felony,803538,"October 5, 2026 at 12:07 AM",Non-Hispanic,IOWA,Iowa County,Black,Male,Non-Hispanic,25.0,7/15/2026,20s,625282.0,03 CO Pretrial,ABRAHAM,Y,No,7/15/2026 9:19:18 AM,Pretrial,GARCIA,OUTSIDE,Housed in other jails,Other,82,80,to 99,Null,10/5/2026 12:07:13 AM,10/5/2026 12:07:13 AM
https://www.danesheriff.com/Residents/Detail/90127389,OPERATING WHILE INTOXICATED; OPERATING WHILE REVOKED; POSSESS DRUG PARAPHERNALIA; PAROLE VIOLATION; OPERATING WHILE REVOKED; TAMPERING W IGNITION INTERLOCK,; ; ; ; ; ,6,Madison Police Department,6/27/20264:09 PM,CO Pretrial/Prob Hold,Misdemeanor,90127389,"October 5, 2026 at 12:07 AM",Non-Hispanic,P3A,P3A,Black,Male,Non-Hispanic,58.0,6/27/2026,50s,624619.0,03P CO Pretrial/Prob Hold,JERRY,Y,Yes,6/27/2026 9:09:18 PM,Pretrial,ANDERSON,PSB,Physically in the jail,Public Safety Building,100,100,to 119,Null,10/5/2026 12:07:13 AM,10/5/2026 12:07:13 AM
https://www.danesheriff.com/Residents/Detail/620917,POSSESSION METHAMPHETAMINE; RESISTING OR OBSTRUCTING; POSSESS DRUG PARAPHERNALIA; RETAIL THEFT INTENT TAKE; RESISTING OR OBSTRUCTING; RETAIL THEFT INTENT TAKE; BAIL JUMPING - FELONY; BAIL JUMPING - FELONY; BAIL JUMPING - MISDEMEANOR; POSSESSION OF COCAINE/BASE; BAIL JUMPING - FELONY; BAIL JUMPING - FELONY; UNAUTH USE OF ENTITYS IDENT; RETAIL THEFT INTENT TAKE,; ; ; ; ; ; ; ; ; ; ; ; ; ,16,Sun Prairie Police Department; Madison Police Department,8/12/20264:16 PM,CO Pretrial/Hold,Felony,620917,"October 5, 2026 at 12:07 AM",Non-Hispanic,P3G,P3G,Native American,Female,Non-Hispanic,57.0,8/12/2026,50s,626410.0,03H CO Pretrial/Hold,MELODIE,Y,Yes,8/12/2026 9:16:56 PM,Pretrial,CLEVELAND,PSB,Physically in the jail,Public Safety Building,54,40,to 59,Null,10/5/2026 12:07:13 AM,10/5/2026 12:07:13 AM
https://www.danesheriff.com/Residents/Detail/90130325,KNOWINGLY FLEE AN OFFICER; OPERATING WHILE INTOXICATED; RESISTING OR OBSTRUCTING; OPERATING WHILE REVOKED; TAMPERING W IGNITION INTERLOCK,; ; ; ; ,5,Monona Police Department,9/16/20263:52 AM,CO Pretrial,Felony,90130325,"October 5, 2026 at 12:07 AM",Hispanic,6EAST,6EAST,White,Male,Hispanic,46.0,9/16/2026,40s,627714.0,03 CO Pretrial,JIMMY,Y,No,9/16/2026 8:52:10 AM,Pretrial,SANCHEZ,CCB,Physically in the jail,City-County Building,19,0,to 19,Null,10/5/2026 12:07:13 AM,10/5/2026 12:07:13 AM
https://www.danesheriff.com/Residents/Detail/508776,CRIMINAL TRESPASS TO DWELLING; CONTEMPT OF COURT,; ,3,Dane County Sheriffs Office; Rock Co Sheriff's Office,8/6/20264:16 PM,Sentenced/Outside Hold,Misdemeanor,508776,"October 5, 2026 at 12:07 AM",Non-Hispanic,P4K,P4K,White,Male,Non-Hispanic,31.0,8/6/2026,30s,626162.0,21 Sentenced/Outside Hold,HUNTER,Y,Yes,8/6/2026 9:16:41 PM,Local sentence,PALMER,PSB,Physically in the jail,Public Safety Building,60,60,to 79,Null,10/5/2026 12:07:13 AM,10/5/2026 12:07:13 AM
https://www.danesheriff.com/Residents/Detail/733408,PROBATION VIOLATION; BOMB SCARES,; 939.05,3,Probation and Parole,9/15/20262:42 PM,State Resident Intransit,Felony,733408,"October 5, 2026 at 12:07 AM",Non-Hispanic,P4K,P4K,White,Male,Non-Hispanic,22.0,9/15/2026,20s,627691.0,13 State Resident Intransit,JOSEPH,Y,No,9/15/2026 7:42:50 PM,State resident,GARRISON,PSB,Physically in the jail,Public Safety Building,20,20,to 39,Null,10/5/2026 12:07:13 AM,10/5/2026 12:07:13 AM
https://www.danesheriff.com/Residents/Detail/526318,PAROLE VIOLATION,,1,Probation and Parole,10/2/20261:36 PM,P/P Violation (Hold),Civil,526318,"October 5, 2026 at 12:07 AM",Non-Hispanic,P3I,P3I,Black,Female,Non-Hispanic,30.0,10/2/2026,30s,628286.0,05 P/P Violation (Hold),AALIYAH,Y,Yes,10/2/2026 6:36:36 PM,P/P hold,RANDLE,PSB,Physically in the jail,Public Safety Building,3,0,to 19,Null,10/5/2026 12:07:13 AM,10/5/2026 12:07:13 AM
https://www.danesheriff.com/Residents/Detail/260872,SUBSTANTIAL BATTERY; STRANGULATION; DISORDERLY CONDUCT,973.055(1); 973.055(1); 973.055(1),3,Madison Police Department,7/2/20262:32 PM,CO Pretrial,Felony,260872,"October 5, 2026 at 12:07 AM",Non-Hispanic,7WEST,7WEST,Black,Male,Non-Hispanic,27.0,7/2/2026,20s,624806.0,03 CO Pretrial,ARNOLD,Y,No,7/2/2026 7:32:19 PM,Pretrial,THOMPSON,CCB,Physically in the jail,City-County Building,95,80,to 99,Null,10/5/2026 12:07:13 AM,10/5/2026 12:07:13 AM
https://www.danesheriff.com/Residents/Detail/422836,PAROLE VIOLATION,,1,Probation and Parole,6/11/20263:10 PM,P/P Violation (Hold),Civil,422836,"October 5, 2026 at 12:07 AM",Non-Hispanic,P3A,P3A,Black,Male,Non-Hispanic,29.0,6/11/2026,20s,624037.0,05 P/P Violation (Hold),MAURICE,Y,Yes,6/11/2026 8:10:01 PM,P/P hold,BOWMAN,PSB,Physically in the jail,Public Safety Building,116,100,to 119,Null,10/5/2026 12:07:13 AM,10/5/2026 12:07:13 AM
https://www.danesheriff.com/Residents/Detail/159752,BATTERY; DISORDERLY CONDUCT; BAIL JUMPING - MISDEMEANOR; BAIL JUMPING - MISDEMEANOR,973.055(1); 973.055(1); ; ,4,Madison Police Department,9/22/20262:11 AM,CO Pretrial,Misdemeanor,159752,"October 5, 2026 at 12:07 AM",Non-Hispanic,P4A,P4A,White,Male,Non-Hispanic,48.0,9/22/2026,40s,627909.0,03 CO Pretrial,KARL,Y,No,9/22/2026 7:11:16 AM,Pretrial,GRANBERG,PSB,Physically in the jail,Public Safety Building,13,0,to 19,Null,10/5/2026 12:07:13 AM,10/5/2026 12:07:13 AM
https://www.danesheriff.com/Residents/Detail/511668,PAROLE VIOLATION; ARMED ROBBERY,; 939.05,2,Madison Police Department,12/21/20258:58 AM,CO Pretrial/Prob Hold,Felony,511668,"October 5, 2026 at 12:07 AM",Non-Hispanic,P4I,P4I,Black,Male,Non-Hispanic,27.0,12/21/2025,20s,617520.0,03P CO Pretrial/Prob Hold,ISAAC,Y,Yes,12/21/2025 2:58:27 PM,Pretrial,THOMAS,PSB,Physically in the jail,Public Safety Building,288,280,to 299,Null,10/5/2026 12:07:13 AM,10/5/2026 12:07:13 AM
https://www.danesheriff.com/Residents/Detail/190236,DISORDERLY CONDUCT; BATTERY; 1ST DEG INTENTIONAL HOMICIDE; HIT AND RUN; BATTERY,; ; 939.32; ; ,5,Madison Police Department,8/19/20264:03 PM,CO Pretrial,Felony,190236,"October 5, 2026 at 12:07 AM",Non-Hispanic,6WEST,6WEST,Black,Female,Non-Hispanic,32.0,8/19/2026,30s,626675.0,03 CO Pretrial,ETHER,Y,No,8/19/2026 9:03:24 PM,Pretrial,GREEN,CCB,Physically in the jail,City-County Building,47,40,to 59,Null,10/5/2026 12:07:13 AM,10/5/2026 12:07:13 AM
https://www.danesheriff.com/Residents/Detail/383024,PROBATION VIOLATION; KNOWINGLY FLEE AN OFFICER; 2ND-DEG RECKLESSLY ENDANG SAFE; RESISTING OR OBSTRUCTING,; ; ; ,4,Waunakee Police Department; Maple Bluff Police Department,9/30/202611:14 AM,CO Prearr/Probation,Felony,383024,"October 5, 2026 at 12:07 AM",Non-Hispanic,P3K,P3K,White,Male,Non-Hispanic,17.0,9/30/2026,<20,628192.0,01P CO Prearr/Probation,PETER,Y,Yes,9/30/2026 4:14:55 PM,Pretrial,CLEELAND,PSB,Physically in the jail,Public Safety Building,5,0,to 19,Null,10/5/2026 12:07:13 AM,10/5/2026 12:07:13 AM
https://www.danesheriff.com/Residents/Detail/728316,BAIL JUMPING - MISDEMEANOR,,1,Madison Police Department,10/2/202612:14 PM,CO Prearraignment,Misdemeanor,728316,"October 5, 2026 at 12:07 AM",Non-Hispanic,FEMALEHOUSING,FEMALEHOUSING,Black,Female,Non-Hispanic,40.0,10/2/2026,40s,628282.0,01 CO Prearraignment,REGINA,Y,No,10/2/2026 5:14:54 PM,Pretrial,HILLS,PSB,Physically in the jail,Public Safety Building,3,0,to 19,Null,10/5/2026 12:07:13 AM,10/5/2026 12:07:13 AM
https://www.danesheriff.com/Residents/Detail/764547,1ST DEG INTENTIONAL HOMICIDE; 1ST-DEG RECKLESSLY ENDANG SAFE,939.32; 939.63(1)(B),5,Madison Police Department,6/13/20261:27 PM,CO Pretrial,Felony,764547,"October 5, 2026 at 12:07 AM",Non-Hispanic,6EAST,6EAST,Black,Male,Non-Hispanic,18.0,6/13/2026,<20,624111.0,03 CO Pretrial,RAKIM,Y,No,6/13/2026 6:27:31 PM,Pretrial,PARSON,CCB,Physically in the jail,City-County Building,114,100,to 119,Null,10/5/2026 12:07:13 AM,10/5/2026 12:07:13 AM
https://www.danesheriff.com/Residents/Detail/605713,DISORDERLY CONDUCT; PROBATION VIOLATION; STRANGULATION; BATTERY; BATTERY; BATTERY; DISORDERLY CONDUCT; BAIL JUMPING - MISDEMEANOR; BAIL JUMPING - MISDEMEANOR; DISORDERLY CONDUCT,973.055(1); ; 973.055(1); 973.055(1); 939.621(1)(A); 939.621(1)(B); 939.621(1)(B); ; ; ,10,Dane County Sheriffs Office,5/10/20269:58 PM,Sentenced Huber Revoked,Felony,605713,"October 5, 2026 at 12:07 AM",Non-Hispanic,6EAST,6EAST,White,Male,Non-Hispanic,45.0,5/10/2026,40s,622758.0,08V Sentenced Huber Revoked,JEREMY,Y,No,5/11/2026 2:58:32 AM,Local sentence,MOORE,CCB,Physically in the jail,City-County Building,148,140,to 159,Null,10/5/2026 12:07:13 AM,10/5/2026 12:07:13 AM
https://www.danesheriff.com/Residents/Detail/421711,POSSESS DRUG PARAPHERNALIA; BAIL JUMPING - MISDEMEANOR; PROBATION VIOLATION; REC STOLEN PROP UNDER 2500,; ; ; ,4,Dane County Circuit Court; UW Madison Police Department,7/17/20267:54 PM,P/P Violation (Hold),Misdemeanor,421711,"October 5, 2026 at 12:07 AM",Non-Hispanic,6EAST,6EAST,White,Male,Non-Hispanic,34.0,7/17/2026,30s,625420.0,05 P/P Violation (Hold),DANIEL,Y,Yes,7/18/2026 12:54:42 AM,P/P hold,OHERON,CCB,Physically in the jail,City-County Building,80,80,to 99,Null,10/5/2026 12:07:13 AM,10/5/2026 12:07:13 AM
https://www.danesheriff.com/Residents/Detail/468320,RESISTING OR OBSTRUCTING; PAROLE VIOLATION,; ,2,Madison Police Department,8/18/202612:17 AM,P/P Violation (Hold),Misdemeanor,468320,"October 5, 2026 at 12:07 AM",Non-Hispanic,6WEST,6WEST,Black,Female,Non-Hispanic,31.0,8/18/2026,30s,626620.0,05 P/P Violation (Hold),JENNIFER,Y,Yes,8/18/2026 5:17:41 AM,P/P hold,BITTORF,CCB,Physically in the jail,City-County Building,48,40,to 59,Null,10/5/2026 12:07:13 AM,10/5/2026 12:07:13 AM
https://www.danesheriff.com/Residents/Detail/131319,CONTEMPT OF COURT PUN SANCTION; PAROLE VIOLATION,; ,2,Madison Police Department; Probation and Parole,9/27/202610:51 AM,Sentenced with Huber,Misdemeanor,131319,"October 5, 2026 at 12:07 AM",Non-Hispanic,P3I,P3I,White,Female,Non-Hispanic,40.0,9/27/2026,40s,628086.0,08 Sentenced with Huber,ALICIA,Y,No,9/27/2026 3:51:39 PM,Local sentence,WALKER,PSB,Physically in the jail,Public Safety Building,8,0,to 19,Null,10/5/2026 12:07:13 AM,10/5/2026 12:07:13 AM
https://www.danesheriff.com/Residents/Detail/537950,RETAIL THEFT INTENT TAKE; POSSESSION OF COCAINE/BASE; POSSESS DRUG PARAPHERNALIA; POSSESS ELECTRIC WEAPON; BAIL JUMPING - MISDEMEANOR,939.05; ; ; ; ,6,Madison Police Department,9/25/20261:41 AM,CO Pretrial,Felony,537950,"October 5, 2026 at 12:07 AM",Non-Hispanic,P3I,P3I,White,Female,Non-Hispanic,26.0,9/25/2026,20s,628015.0,03 CO Pretrial,LIA,Y,No,9/25/2026 6:41:09 AM,Pretrial,JENSEN,PSB,Physically in the jail,Public Safety Building,10,0,to 19,Null,10/5/2026 12:07:13 AM,10/5/2026 12:07:13 AM
https://www.danesheriff.com/Residents/Detail/526291,OPERATING WHILE INTOXICATED,,1,Dane County Circuit Court,8/3/20268:00 AM,Sentenced with Huber,Misdemeanor,526291,"October 5, 2026 at 12:07 AM",Non-Hispanic,CAMP,CAMP,Native American,Female,Non-Hispanic,28.0,8/3/2026,20s,626013.0,08 Sentenced with Huber,KANDI,Y,No,8/3/2026 1:00:02 PM,Local sentence,JULIUS,DVRSN,CAMP,DVRSN,63,60,to 79,Null,10/5/2026 12:07:13 AM,10/5/2026 12:07:13 AM
https://www.danesheriff.com/Residents/Detail/375250,BATT/THREAT LAW ENFORC JUDGE PROSEC; STALKING; THREAT TO CAUSE BODILY HARM TO CERTAIN INDIVIDUALS INV WITH A CRT LEGAL SYSTEM; BAIL JUMPING - MISDEMEANOR; DISORDERLY CONDUCT; BAIL JUMPING - MISDEMEANOR; BATTERY; DISORDERLY CONDUCT,; ; ; ; ; ; 973.055(1); 973.055(1),12,Sun Prairie Police Department,7/15/202611:41 AM,CO Pretrial,Felony,375250,"October 5, 2026 at 12:07 AM",Non-Hispanic,6EAST,6EAST,White,Male,Non-Hispanic,42.0,7/15/2026,40s,625299.0,03 CO Pretrial,RYAN,Y,No,7/15/2026 4:41:08 PM,Pretrial,JONES,CCB,Physically in the jail,City-County Building,82,80,to 99,Null,10/5/2026 12:07:13 AM,10/5/2026 12:07:13 AM
https://www.danesheriff.com/Residents/Detail/90013180,PAROLE VIOLATION,,1,McFarland Police Department,9/16/20264:21 AM,P/P Violation (Hold),Civil,90013180,"October 5, 2026 at 12:07 AM",Non-Hispanic,P3A,P3A,White,Male,Non-Hispanic,65.0,9/16/2026,60s,627715.0,05 P/P Violation (Hold),TODD,Y,Yes,9/16/2026 9:21:41 AM,P/P hold,SANGER,PSB,Physically in the jail,Public Safety Building,19,0,to 19,Null,10/5/2026 12:07:13 AM,10/5/2026 12:07:13 AM
https://www.danesheriff.com/Residents/Detail/90123111,PAROLE VIOLATION; BATTERY; DISORDERLY CONDUCT,; ; ,3,Madison Police Department; Probation and Parole,8/18/202611:03 AM,P/P Violation (Hold),Misdemeanor,90123111,"October 5, 2026 at 12:07 AM",Non-Hispanic,P3A,P3A,Black,Male,Non-Hispanic,44.0,8/18/2026,40s,626629.0,05 P/P Violation (Hold),EMMIT,Y,Yes,8/18/2026 4:03:15 PM,P/P hold,QUINN,PSB,Physically in the jail,Public Safety Building,48,40,to 59,Null,10/5/2026 12:07:13 AM,10/5/2026 12:07:13 AM
https://www.danesheriff.com/Residents/Detail/764370,CRIM DAMAGE PROP OVER 2500,,1,Sun Prairie Police Department,10/1/20264:09 PM,CO Prearraignment,Felony,764370,"October 5, 2026 at 12:07 AM",Non-Hispanic,FEMALEHOUSING,FEMALEHOUSING,Black,Female,Non-Hispanic,22.0,10/1/2026,20s,628245.0,01 CO Prearraignment,JAYLA,Y,No,10/1/2026 9:09:48 PM,Pretrial,HARRIS,PSB,Physically in the jail,Public Safety Building,4,0,to 19,Null,10/5/2026 12:07:13 AM,10/5/2026 12:07:13 AM
https://www.danesheriff.com/Residents/Detail/814309,PROBATION VIOLATION,,1,Fitchburg Police Department,9/20/20269:00 PM,P/P Violation (Hold),Civil,814309,"October 5, 2026 at 12:07 AM",Non-Hispanic,7WEST,7WEST,Black,Male,Non-Hispanic,18.0,9/20/2026,<20,627875.0,05 P/P Violation (Hold),JAHIEM,Y,Yes,9/21/2026 2:00:36 AM,P/P hold,WILDER,CCB,Physically in the jail,City-County Building,15,0,to 19,Null,10/5/2026 12:07:13 AM,10/5/2026 12:07:13 AM
https://www.danesheriff.com/Residents/Detail/90074477,PAROLE VIOLATION,,1,Dane County Sheriffs Office,10/5/20267:27 AM,P/P Violation (Hold),Civil,90074477,,,,,,,,,,,,,,,,,,,,,,,,,,,
https://www.danesheriff.com/Residents/Detail/550091,PROBATION VIOLATION,,1,Probation and Parole,9/29/20265:03 PM,P/P Violation (Hold),Civil,550091,"October 5, 2026 at 12:07 AM",Hispanic,P4A,P4A,White,Male,Hispanic,29.0,9/29/2026,20s,628163.0,05 P/P Violation (Hold),SEAN,Y,Yes,9/29/2026 10:03:57 PM,P/P hold,MATTHEWS,PSB,Physically in the jail,Public Safety Building,6,0,to 19,Null,10/5/2026 12:07:13 AM,10/5/2026 12:07:13 AM
https://www.danesheriff.com/Residents/Detail/320945,OPERATING WHILE INTOXICATED,,1,Columbia Co Sheriff's Office,8/5/20268:03 AM,Sentenced with Huber,Misdemeanor,320945,"October 5, 2026 at 12:07 AM",Non-Hispanic,CAMP,CAMP,White,Male,Non-Hispanic,31.0,8/5/2026,30s,626110.0,08 Sentenced with Huber,RYAN,Y,No,8/5/2026 1:03:30 PM,Local sentence,HUSKEY,DVRSN,CAMP,DVRSN,61,60,to 79,Null,10/5/2026 12:07:13 AM,10/5/2026 12:07:13 AM
https://www.danesheriff.com/Residents/Detail/829231,RESISTING OR OBSTRUCTING; PROBATION VIOLATION; CONTEMPT OF COURT; POSS OF FIREARM BY A FELON; 2ND-DEG RECKLESSLY ENDANG SAFE,; ; ; ; ,5,Columbia Co Sheriff's Office; Madison Police Department,8/30/20266:55 AM,P/P Viol/Outside Hold,Felony,829231,"October 5, 2026 at 12:07 AM",Non-Hispanic,P4A,P4A,Black,Male,Non-Hispanic,20.0,8/30/2026,20s,627067.0,05H P/P Viol/Outside Hold,XAVIER,Y,Yes,8/30/2026 11:55:22 AM,P/P hold,BUTLER,PSB,Physically in the jail,Public Safety Building,36,20,to 39,Null,10/5/2026 12:07:13 AM,10/5/2026 12:07:13 AM
https://www.danesheriff.com/Residents/Detail/495909,DISORDERLY CONDUCT; PROBATION VIOLATION; BAIL JUMPING - FELONY; THEFT; BAIL JUMPING - FELONY,939.63(1)(A); ; 939.63(1)(B); ; ,7,Madison Police Department; State Capitol Police Dept.,8/27/20266:54 AM,P/P Violation (Hold),Felony,495909,"October 5, 2026 at 12:07 AM",Non-Hispanic,7WEST,7WEST,White,Male,Non-Hispanic,32.0,8/27/2026,30s,626956.0,05 P/P Violation (Hold),TRENT,Y,Yes,8/27/2026 11:54:26 AM,P/P hold,HAAK,CCB,Physically in the jail,City-County Building,39,20,to 39,Null,10/5/2026 12:07:13 AM,10/5/2026 12:07:13 AM
https://www.danesheriff.com/Residents/Detail/552486,BATTERY,968.075(1)(A),1,Columbia Co Sheriff's Office,8/6/20267:42 AM,Sentenced with Huber,Misdemeanor,552486,"October 5, 2026 at 12:07 AM",Non-Hispanic,CAMP,CAMP,Black,Male,Non-Hispanic,37.0,8/6/2026,30s,626144.0,08 Sentenced with Huber,TERRY,Y,No,8/6/2026 12:42:35 PM,Local sentence,HOLIDAY,DVRSN,CAMP,DVRSN,60,60,to 79,Null,10/5/2026 12:07:13 AM,10/5/2026 12:07:13 AM
https://www.danesheriff.com/Residents/Detail/530571,PROBATION VIOLATION,,1,Middleton Police Department,10/1/20264:50 PM,P/P Violation (Hold),Civil,530571,"October 5, 2026 at 12:07 AM",Hispanic,MALEDORM,MALEDORM,White,Male,Hispanic,33.0,10/1/2026,30s,628247.0,05 P/P Violation (Hold),JOEL,Y,Yes,10/1/2026 9:50:40 PM,P/P hold,SALGADO,PSB,Physically in the jail,Public Safety Building,4,0,to 19,Null,10/5/2026 12:07:13 AM,10/5/2026 12:07:13 AM
https://www.danesheriff.com/Residents/Detail/765902,PROBATION VIOLATION; ID THEFT; FIN TRANS CARD FRAUDULENT USE; CREDIT CARD THEFT BY ACQUISITI; THEFT; OPERATE MV WITHOUT CONSENT; CREDIT CARD THEFT BY ACQUISITI; ID THEFT; EXTRADITION,; ; ; ; ; 939.62(1)(B); 939.62(1)(A); 939.62(1)(B); ,9,Sun Prairie Police Department; Dane County Sheriffs Office; Probation and Parole,8/21/202610:51 PM,CO Pretrial/Prob Hold,Felony,765902,"October 5, 2026 at 12:07 AM",Non-Hispanic,P3A,P3A,Black,Male,Non-Hispanic,20.0,8/21/2026,20s,626767.0,03P CO Pretrial/Prob Hold,JHERSIYIS,Y,Yes,8/22/2026 3:51:37 AM,Pretrial,WINN,PSB,Physically in the jail,Public Safety Building,45,40,to 59,Null,10/5/2026 12:07:13 AM,10/5/2026 12:07:13 AM
https://www.danesheriff.com/Residents/Detail/88350,PAROLE VIOLATION; DISORDERLY CONDUCT; EXTRADITION,; ; ,3,Dane County Sheriffs Office; Probation and Parole,5/13/20261:51 PM,P/P Viol/Outside Hold,Misdemeanor,88350,"October 5, 2026 at 12:07 AM",Non-Hispanic,P4I,P4I,White,Male,Non-Hispanic,43.0,5/13/2026,40s,622869.0,05H P/P Viol/Outside Hold,JOSHUA,Y,Yes,5/13/2026 6:51:14 PM,P/P hold,JOHNSON,PSB,Physically in the jail,Public Safety Building,145,140,to 159,Null,10/5/2026 12:07:13 AM,10/5/2026 12:07:13 AM
https://www.danesheriff.com/Residents/Detail/603529,1ST DEG INTENTIONAL HOMICIDE; 1ST DEG INTENTIONAL HOMICIDE; 1ST-DEG RECKLESSLY ENDANG SAFE; POSS OF FIREARM BY A FELON; HOMICIDE RECKLESS CONDUCT,939.05; 939.05; 939.05; ; 939.05,7,Dane County Sheriffs Office,7/29/20253:55 PM,Presentence Invest,Felony,603529,"October 5, 2026 at 12:07 AM",Non-Hispanic,6WEST,6WEST,Black,Male,Non-Hispanic,23.0,7/29/2025,20s,612361.0,06 Presentence Invest,WILSON,Y,No,7/29/2025 8:55:03 PM,Presentence Investigation,CLARK,CCB,Physically in the jail,City-County Building,433,300+,,III,10/5/2026 12:07:13 AM,10/5/2026 12:07:13 AM
https://www.danesheriff.com/Residents/Detail/90058476,DISORDERLY CONDUCT; KNOWINGLY FLEE AN OFFICER,; ,2,Dane County Circuit Court,10/2/202610:06 AM,Sentenced with Huber,Felony,90058476,"October 5, 2026 at 12:07 AM",Non-Hispanic,MALESEG,MALESEG,White,Male,Non-Hispanic,62.0,10/2/2026,60s,628279.0,08 Sentenced with Huber,KEITH,Y,No,10/2/2026 3:06:04 PM,Local sentence,MORSE,PSB,Physically in the jail,Public Safety Building,3,0,to 19,Null,10/5/2026 12:07:13 AM,10/5/2026 12:07:13 AM
https://www.danesheriff.com/Residents/Detail/89700950,PAROLE VIOLATION; BURGLARY BUILDING OR DWELLING; BURGLARY BATTERY ON PERSON; 2ND DEG SEX ASSAULT USE FORCE; STRANGULATION; BATTERY; THEFT,; ; 939.62(1)(C); 939.62(1)(C); 939.62(1)(B); 939.62(1)(B); 939.62(1)(A),8,Madison Police Department,2/26/20264:01 AM,CO Pretrial,Felony,89700950,"October 5, 2026 at 12:07 AM",Non-Hispanic,7WEST,7WEST,Black,Male,Non-Hispanic,40.0,2/26/2026,40s,619933.0,03 CO Pretrial,CARLO,Y,No,2/26/2026 10:01:06 AM,Pretrial,WALKES,CCB,Physically in the jail,City-County Building,221,220,to 239,Null,10/5/2026 12:07:13 AM,10/5/2026 12:07:13 AM
https://www.danesheriff.com/Residents/Detail/512010,BAIL JUMPING - MISDEMEANOR; BAIL JUMPING - FELONY; CRIMINAL DAMAGE TO PROPERTY; DISORDERLY CONDUCT,; ; ; ,6,Madison Police Department,9/5/20261:25 AM,CO Pretrial,Felony,512010,"October 5, 2026 at 12:07 AM",Non-Hispanic,6WEST,6WEST,White,Male,Non-Hispanic,45.0,9/5/2026,40s,627323.0,03 CO Pretrial,SAMUEL,Y,No,9/5/2026 6:25:04 AM,Pretrial,GERMANY,CCB,Physically in the jail,City-County Building,30,20,to 39,Null,10/5/2026 12:07:13 AM,10/5/2026 12:07:13 AM
https://www.danesheriff.com/Residents/Detail/775558,OMVWOC,939.05,1,Dane County Circuit Court,9/28/202612:26 PM,Prob Sentence/Work Release,Unknown,775558,"October 5, 2026 at 12:07 AM",Non-Hispanic,P4C,P4C,Black,Male,Non-Hispanic,20.0,9/28/2026,20s,628118.0,09W Prob Sentence/Work Release,KYSHAWN,Y,No,9/28/2026 5:26:25 PM,Local sentence,BANKSTON,PSB,Physically in the jail,Public Safety Building,7,0,to 19,Null,10/5/2026 12:07:13 AM,10/5/2026 12:07:13 AM
https://www.danesheriff.com/Residents/Detail/592228,DISORDERLY CONDUCT,973.055(1),1,Madison Police Department,10/2/20265:01 AM,CO Prearraignment,Misdemeanor,592228,"October 5, 2026 at 12:07 AM",Hispanic,MALEDORM,MALEDORM,White,Male,Hispanic,29.0,10/2/2026,20s,628271.0,01 CO Prearraignment,MAURICIO,Y,No,10/2/2026 10:01:21 AM,Pretrial,HERNANDEZ,PSB,Physically in the jail,Public Safety Building,3,0,to 19,Null,10/5/2026 12:07:13 AM,10/5/2026 12:07:13 AM
https://www.danesheriff.com/Residents/Detail/732733,PROBATION VIOLATION; VIO HARASSMENT INJUNCTION,; 939.62(1)(A),5,Fitchburg Police Department; Madison Police Department,8/12/20264:56 PM,CO Pretrial/Prob Hold,Misdemeanor,732733,"October 5, 2026 at 12:07 AM",Non-Hispanic,P4A,P4A,Black,Male,Non-Hispanic,47.0,8/12/2026,40s,626411.0,03P CO Pretrial/Prob Hold,LUDALE,Y,Yes,8/12/2026 9:56:14 PM,Pretrial,JORDAN,PSB,Physically in the jail,Public Safety Building,54,40,to 59,Null,10/5/2026 12:07:13 AM,10/5/2026 12:07:13 AM
https://www.danesheriff.com/Residents/Detail/89900453,PROBATION VIOLATION,,1,Madison Police Department,10/4/202611:47 AM,P/P Violation (Hold),Civil,89900453,"October 5, 2026 at 12:07 AM",Hispanic,P3C,P3C,Black,Male,Hispanic,40.0,10/4/2026,40s,628339.0,05 P/P Violation (Hold),JURELL,Y,Yes,10/4/2026 4:47:28 PM,P/P hold,HILLIARD-WILLIAMS,PSB,Physically in the jail,Public Safety Building,1,0,to 19,Null,10/5/2026 12:07:13 AM,10/5/2026 12:07:13 AM
https://www.danesheriff.com/Residents/Detail/356667,OPERATING WHILE INTOXICATED,,1,Dane County Circuit Court,9/30/20267:45 AM,Sentenced with Huber,Misdemeanor,356667,"October 5, 2026 at 12:07 AM",Non-Hispanic,CAMP,CAMP,White,Female,Non-Hispanic,37.0,9/30/2026,30s,628187.0,08 Sentenced with Huber,JESSICA,Y,No,9/30/2026 12:45:30 PM,Local sentence,BORDE,DVRSN,CAMP,DVRSN,5,0,to 19,Null,10/5/2026 12:07:13 AM,10/5/2026 12:07:13 AM
https://www.danesheriff.com/Residents/Detail/722684,CRIM DAMAGE PROP OVER 2500; CRIMINAL DAMAGE TO PROPERTY; DISORDERLY CONDUCT; BAIL JUMPING - FELONY; BAIL JUMPING - MISDEMEANOR,939.62(1)(B); 939.62(1)(A); 939.62(1)(A); 939.62(1)(B); 939.62(1)(A),7,Madison Police Department,9/2/20265:08 PM,CO Pretrial,Felony,722684,"October 5, 2026 at 12:07 AM",Non-Hispanic,6WEST,6WEST,Black,Female,Non-Hispanic,49.0,9/2/2026,40s,627219.0,03 CO Pretrial,DELLIYANO,Y,No,9/2/2026 10:08:58 PM,Pretrial,BLACK,CCB,Physically in the jail,City-County Building,33,20,to 39,Null,10/5/2026 12:07:13 AM,10/5/2026 12:07:13 AM
https://www.danesheriff.com/Residents/Detail/90097718,2ND DEG SEX ASSAULT USE FORCE; STRANGULATION; BATTERY; DISORDERLY CONDUCT; PROBATION VIOLATION,; ; ; ; ,6,Madison Police Department,9/26/202612:55 PM,CO Prearr/Probation,Felony,90097718,"October 5, 2026 at 12:07 AM",Non-Hispanic,P3E,P3E,Black,Male,Non-Hispanic,50.0,9/26/2026,50s,628057.0,01P CO Prearr/Probation,TELLY,Y,Yes,9/26/2026 5:55:10 PM,Pretrial,KINGCADE,PSB,Physically in the jail,Public Safety Building,9,0,to 19,Null,10/5/2026 12:07:13 AM,10/5/2026 12:07:13 AM
https://www.danesheriff.com/Residents/Detail/709054,FELONY MURDER; ARMED ROBBERY; POSS FIREARM ADJ DEL OF FELONY; ARMED ROBBERY,939.05; 939.05; ; 939.05,4,Fitchburg Police Department; Madison Police Department,4/16/20262:42 PM,CO Pretrial/Hold,Felony,709054,"October 5, 2026 at 12:07 AM",Non-Hispanic,7WEST,7WEST,Black,Male,Non-Hispanic,17.0,4/16/2026,<20,621842.0,03H CO Pretrial/Hold,TERRYONE,Y,Yes,4/16/2026 7:42:14 PM,Pretrial,HOLLOWAY,CCB,Physically in the jail,City-County Building,172,160,to 179,Null,10/5/2026 12:07:13 AM,10/5/2026 12:07:13 AM
https://www.danesheriff.com/Residents/Detail/566864,BATTERY; DISORDERLY CONDUCT; DISORDERLY CONDUCT; 2ND-DEG RECKLESSLY ENDANG SAFE; BATTERY; DISORDERLY CONDUCT; DISORDERLY CONDUCT,973.055(1); 973.055(1); ; ; ; 939.63(1)(A); 973.055(1),7,Sun Prairie Police Department; Madison Police Department,9/29/20263:56 AM,CO Pretrial,Felony,566864,"October 5, 2026 at 12:07 AM",Non-Hispanic,P3K,P3K,Black,Male,Non-Hispanic,23.0,9/29/2026,20s,628146.0,03 CO Pretrial,XAVIER,Y,No,9/29/2026 8:56:23 AM,Pretrial,GARDLEY,PSB,Physically in the jail,Public Safety Building,6,0,to 19,Null,10/5/2026 12:07:13 AM,10/5/2026 12:07:13 AM
https://www.danesheriff.com/Residents/Detail/62960,DISORDERLY CONDUCT; BAIL JUMPING - MISDEMEANOR; BAIL JUMPING - MISDEMEANOR; DISORDERLY CONDUCT; RESISTING OR OBSTRUCTING; BAIL JUMPING - MISDEMEANOR; DISORDERLY CONDUCT; BAIL JUMPING - MISDEMEANOR; THEFT,; ; ; ; ; ; 939.63(1)(A); ; ,14,Dane County Circuit Court; Madison Police Department,8/31/202610:58 AM,Sentenced with Huber,Misdemeanor,62960,"October 5, 2026 at 12:07 AM",Non-Hispanic,7EAST,7EAST,White,Male,Non-Hispanic,42.0,8/31/2026,40s,627108.0,08 Sentenced with Huber,GEORGE,Y,No,8/31/2026 3:58:36 PM,Local sentence,STAISIL,CCB,Physically in the jail,City-County Building,35,20,to 39,Null,10/5/2026 12:07:13 AM,10/5/2026 12:07:13 AM
https://www.danesheriff.com/Residents/Detail/96100226,PAROLE VIOLATION,,1,Probation and Parole,7/24/20264:11 PM,P/P Violation (Hold),Civil,96100226,"October 5, 2026 at 12:07 AM",Non-Hispanic,P3K,P3K,Black,Male,Non-Hispanic,44.0,7/24/2026,40s,625671.0,05 P/P Violation (Hold),MICHAEL,Y,Yes,7/24/2026 9:11:23 PM,P/P hold,ROWE,PSB,Physically in the jail,Public Safety Building,73,60,to 79,Null,10/5/2026 12:07:13 AM,10/5/2026 12:07:13 AM
https://www.danesheriff.com/Residents/Detail/765533,OPERATING WHILE INTOXICATED,,1,Dane County Sheriffs Office,9/29/20262:37 PM,Sentenced with Huber,Misdemeanor,765533,"October 5, 2026 at 12:07 AM",Non-Hispanic,P3I,P3I,White,Female,Non-Hispanic,40.0,9/29/2026,40s,628158.0,08 Sentenced with Huber,SARAH,Y,No,9/29/2026 7:37:42 PM,Local sentence,WILLIAMS,PSB,Physically in the jail,Public Safety Building,6,0,to 19,Null,10/5/2026 12:07:13 AM,10/5/2026 12:07:13 AM
https://www.danesheriff.com/Residents/Detail/38935,PAROLE VIOLATION,,1,Sun Prairie Police Department,6/29/20265:53 AM,P/P Violation (Hold),Civil,38935,"October 5, 2026 at 12:07 AM",Non-Hispanic,7WEST,7WEST,Black,Male,Non-Hispanic,48.0,6/29/2026,40s,624677.0,05 P/P Violation (Hold),TERMAL,Y,Yes,6/29/2026 10:53:22 AM,P/P hold,EVANS,CCB,Physically in the jail,City-County Building,98,80,to 99,Null,10/5/2026 12:07:13 AM,10/5/2026 12:07:13 AM
https://www.danesheriff.com/Residents/Detail/563807,DISORDERLY CONDUCT; DISORDERLY CONDUCT; CRIMINAL DAMAGE TO PROPERTY; INTIMIDATE VICTIM/DOMESTIC ABUSE CRMIE; RESISTING OR OBSTRUCTING; THEFT; UNLAWFUL USE OF TELEPHONE; DISORDERLY CONDUCT,973.055(1); ; 973.055(1); 973.055(1); ; ; 973.055(1); 973.055(1),8,Madison Police Department,7/21/20267:30 PM,CO Pretrial,Felony,563807,"October 5, 2026 at 12:07 AM",Non-Hispanic,IOWA,Iowa County,Black,Male,Non-Hispanic,32.0,7/21/2026,30s,625570.0,03 CO Pretrial,CHRISTIAN,Y,No,7/22/2026 12:30:22 AM,Pretrial,BROWN,OUTSIDE,Housed in other jails,Other,76,60,to 79,Null,10/5/2026 12:07:13 AM,10/5/2026 12:07:13 AM
https://www.danesheriff.com/Residents/Detail/90058795,ROBBERY WITH THREAT OF FORCE; DISORDERLY CONDUCT; BAIL JUMPING - FELONY; BAIL JUMPING - MISDEMEANOR,939.05; ; ; ,6,Madison Police Department,8/10/20262:46 AM,CO Pretrial,Felony,90058795,"October 5, 2026 at 12:07 AM",Non-Hispanic,P4G,P4G,Black,Male,Non-Hispanic,66.0,8/10/2026,60s,626291.0,03 CO Pretrial,CARL,Y,No,8/10/2026 7:46:22 AM,Pretrial,MOSBY,PSB,Physically in the jail,Public Safety Building,56,40,to 59,Null,10/5/2026 12:07:13 AM,10/5/2026 12:07:13 AM
https://www.danesheriff.com/Residents/Detail/831489,POSSESSION OF BURGLARY TOOLS; THEFT,; ,2,Sun Prairie Police Department,10/2/20267:19 AM,CO Prearraignment,Felony,831489,"October 5, 2026 at 12:07 AM",Unknown,MALEDORM,MALEDORM,Asian,Male,Unknown,48.0,10/2/2026,40s,628275.0,01 CO Prearraignment,GUANGGUO,Y,No,10/2/2026 12:19:02 PM,Pretrial,LI,PSB,Physically in the jail,Public Safety Building,3,0,to 19,Null,10/5/2026 12:07:13 AM,10/5/2026 12:07:13 AM
https://www.danesheriff.com/Residents/Detail/90016931,CONTEMPT OF COURT,,1,"Madison Police Dept, Town of",11/21/19874:02 PM,Sentenced with Huber,Misdemeanor,90016931,,,,,,,,,,,,,,,,,,,,,,,,,,,
https://www.danesheriff.com/Residents/Detail/441961,PAROLE VIOLATION,,1,Probation and Parole,5/6/202612:38 PM,P/P Violation (Hold),Civil,441961,"October 5, 2026 at 12:07 AM",Non-Hispanic,6EAST,6EAST,Black,Male,Non-Hispanic,32.0,5/6/2026,30s,622593.0,05 P/P Violation (Hold),HANIFE,Y,Yes,5/6/2026 5:38:24 PM,P/P hold,JOHNSON,CCB,Physically in the jail,City-County Building,152,140,to 159,Null,10/5/2026 12:07:13 AM,10/5/2026 12:07:13 AM
https://www.danesheriff.com/Residents/Detail/338072,PAROLE VIOLATION; RESIST OR OBSTRUCT OFFICER; RESISTING OR OBSTRUCTING; EXTENDED SUPERVISION SANCTIONS,; ; ; ,4,Monona Police Department,9/20/20261:13 AM,E.S. Sanct w/out work release,Misdemeanor,338072,"October 5, 2026 at 12:07 AM",Non-Hispanic,7WEST,7WEST,Black,Male,Non-Hispanic,32.0,9/20/2026,30s,627856.0,22 E.S. Sanct w/out wrk release,DIONSIUS,Y,No,9/20/2026 6:13:30 AM,Extended supervision,HORNE,CCB,Physically in the jail,City-County Building,15,0,to 19,Null,10/5/2026 12:07:13 AM,10/5/2026 12:07:13 AM
https://www.danesheriff.com/Residents/Detail/311844,RESISTING OR OBSTRUCTING; PAROLE VIOLATION; DISORDERLY CONDUCT; CRIMINAL DAMAGE TO PROPERTY,; ; ; ,4,Fitchburg Police Department,9/2/202612:47 AM,CO Pretrial/Prob Hold,Misdemeanor,311844,"October 5, 2026 at 12:07 AM",Non-Hispanic,P4E,P4E,White,Male,Non-Hispanic,36.0,9/2/2026,30s,627190.0,03P CO Pretrial/Prob Hold,TYLER,Y,Yes,9/2/2026 5:47:33 AM,Pretrial,KRATOCHVIL,PSB,Physically in the jail,Public Safety Building,33,20,to 39,Null,10/5/2026 12:07:13 AM,10/5/2026 12:07:13 AM
https://www.danesheriff.com/Residents/Detail/130201,PAROLE VIOLATION; EXTENDED SUPERVISION SANCTIONS,; ,2,Dane County Sheriffs Office,7/22/20265:41 PM,E.S. Sanct w/out work release,Civil,130201,"October 5, 2026 at 12:07 AM",Non-Hispanic,P4A,P4A,White,Male,Non-Hispanic,40.0,7/22/2026,40s,625601.0,22 E.S. Sanct w/out wrk release,JOSEF,Y,No,7/22/2026 10:41:21 PM,Extended supervision,KOEPP,PSB,Physically in the jail,Public Safety Building,75,60,to 79,Null,10/5/2026 12:07:13 AM,10/5/2026 12:07:13 AM
https://www.danesheriff.com/Residents/Detail/407592,DISORDERLY CONDUCT; CRIMINAL DAMAGE TO PROPERTY; BAIL JUMPING - MISDEMEANOR; BAIL JUMPING - MISDEMEANOR,973.055(1); 973.055(1); 939.62(1)(A); 939.62(1)(A),4,Madison Police Department,8/25/20267:39 PM,CO Pretrial,Misdemeanor,407592,"October 5, 2026 at 12:07 AM",Non-Hispanic,7WEST,7WEST,Black,Male,Non-Hispanic,31.0,8/25/2026,30s,626900.0,03 CO Pretrial,ISHMAEL,Y,No,8/26/2026 12:39:36 AM,Pretrial,RILEY,CCB,Physically in the jail,City-County Building,41,40,to 59,Null,10/5/2026 12:07:13 AM,10/5/2026 12:07:13 AM
https://www.danesheriff.com/Residents/Detail/40943,PAROLE VIOLATION; OPERATE MV WITHOUT CONSENT,; ,2,Sun Prairie Police Department; Dane County Sheriffs Office,6/22/20265:36 PM,P/P Violation (Hold),Felony,40943,"October 5, 2026 at 12:07 AM",Non-Hispanic,P4C,P4C,White,Male,Non-Hispanic,43.0,6/22/2026,40s,624420.0,05 P/P Violation (Hold),THOMAS,Y,Yes,6/22/2026 10:36:01 PM,P/P hold,BERRAY,PSB,Physically in the jail,Public Safety Building,105,100,to 119,Null,10/5/2026 12:07:13 AM,10/5/2026 12:07:13 AM
https://www.danesheriff.com/Residents/Detail/320467,DISORDERLY CONDUCT; BAIL JUMPING - MISDEMEANOR,973.055(1); 973.055(1),2,Dane County Circuit Court,7/24/20268:03 AM,Sentenced Huber Revoked,Misdemeanor,320467,"October 5, 2026 at 12:07 AM",Non-Hispanic,P3A,P3A,Black,Male,Non-Hispanic,29.0,7/24/2026,20s,625660.0,08V Sentenced Huber Revoked,JC,Y,No,7/24/2026 1:03:38 PM,Local sentence,WILLIAMSON,PSB,Physically in the jail,Public Safety Building,73,60,to 79,III,10/5/2026 12:07:13 AM,10/5/2026 12:07:13 AM
https://www.danesheriff.com/Residents/Detail/90129674,OPERATING WHILE INTOXICATED,,1,Dane County Sheriffs Office,4/16/202610:04 AM,Sentenced with Huber,Misdemeanor,90129674,"October 5, 2026 at 12:07 AM",Non-Hispanic,P3I,P3I,White,Female,Non-Hispanic,45.0,4/16/2026,40s,621836.0,08 Sentenced with Huber,KRISTEN,Y,No,4/16/2026 3:04:27 PM,Local sentence,PRUSAITIS,PSB,Physically in the jail,Public Safety Building,172,160,to 179,Null,10/5/2026 12:07:13 AM,10/5/2026 12:07:13 AM
https://www.danesheriff.com/Residents/Detail/153012,VIO HARASSMENT INJUNCTION,,1,Dane County Circuit Court,8/12/20268:24 AM,Sentenced with Huber,Misdemeanor,153012,"October 5, 2026 at 12:07 AM",Hispanic,CAMP,CAMP,White,Male,Hispanic,39.0,8/12/2026,30s,626400.0,08 Sentenced with Huber,HECTOR,Y,No,8/12/2026 1:24:24 PM,Local sentence,ROMERO,DVRSN,CAMP,DVRSN,54,40,to 59,Null,10/5/2026 12:07:13 AM,10/5/2026 12:07:13 AM
https://www.danesheriff.com/Residents/Detail/344496,PROBATION VIOLATION,,1,Monona Police Department,10/5/20266:50 AM,P/P Violation (Hold),Civil,344496,,,,,,,,,,,,,,,,,,,,,,,,,,,
https://www.danesheriff.com/Residents/Detail/801191,ID THEFT,,1,Madison Police Department,10/2/20266:38 PM,CO Prearraignment,Felony,801191,"October 5, 2026 at 12:07 AM",Non-Hispanic,MALEDORM,MALEDORM,Black,Male,Non-Hispanic,22.0,10/2/2026,20s,628293.0,01 CO Prearraignment,ADONIS,Y,No,10/2/2026 11:38:07 PM,Pretrial,PICKETT,PSB,Physically in the jail,Public Safety Building,3,0,to 19,Null,10/5/2026 12:07:13 AM,10/5/2026 12:07:13 AM
https://www.danesheriff.com/Residents/Detail/117283,PROBATION VIOLATION,,1,Madison Police Department,9/21/202610:37 PM,P/P Violation (Hold),Civil,117283,"October 5, 2026 at 12:07 AM",Non-Hispanic,6EAST,6EAST,White,Male,Non-Hispanic,37.0,9/21/2026,30s,627900.0,05 P/P Violation (Hold),MATTHEW,Y,Yes,9/22/2026 3:37:29 AM,P/P hold,STRANDER,CCB,Physically in the jail,City-County Building,14,0,to 19,Null,10/5/2026 12:07:13 AM,10/5/2026 12:07:13 AM
https://www.danesheriff.com/Residents/Detail/576046,BAIL JUMPING - MISDEMEANOR,,1,Deforest Police Department,10/3/202610:06 PM,CO Prearraignment,Misdemeanor,576046,"October 5, 2026 at 12:07 AM",Non-Hispanic,FEMALEHOUSING,FEMALEHOUSING,White,Female,Non-Hispanic,36.0,10/3/2026,30s,628323.0,01 CO Prearraignment,ASHLEY,Y,No,10/4/2026 3:06:53 AM,Pretrial,BETHKE,PSB,Physically in the jail,Public Safety Building,2,0,to 19,Null,10/5/2026 12:07:13 AM,10/5/2026 12:07:13 AM
https://www.danesheriff.com/Residents/Detail/823548,1ST DEG INTENTIONAL HOMICIDE,939.32,1,Madison Police Department,6/7/20265:27 PM,CO Pretrial,Felony,823548,"October 5, 2026 at 12:07 AM",Non-Hispanic,6WEST,6WEST,White,Male,Non-Hispanic,56.0,6/7/2026,50s,623878.0,03 CO Pretrial,EDWARD,Y,No,6/7/2026 10:27:08 PM,Pretrial,MARTILIK,CCB,Physically in the jail,City-County Building,120,120,to 139,Null,10/5/2026 12:07:13 AM,10/5/2026 12:07:13 AM
https://www.danesheriff.com/Residents/Detail/770848,RETAIL THEFT INTENT TAKE; RETAIL THEFT INTENT TAKE; BAIL JUMPING - MISDEMEANOR,; ; ,3,Madison Police Department,9/18/20265:43 PM,CO Pretrial,Misdemeanor,770848,"October 5, 2026 at 12:07 AM",Non-Hispanic,7EAST,7EAST,Black,Female,Non-Hispanic,53.0,9/18/2026,50s,627814.0,03 CO Pretrial,EREKA,Y,No,9/18/2026 10:43:36 PM,Pretrial,MASON,CCB,Physically in the jail,City-County Building,17,0,to 19,Null,10/5/2026 12:07:13 AM,10/5/2026 12:07:13 AM
https://www.danesheriff.com/Residents/Detail/226701,OPERATING WHILE INTOXICATED; PROBATION VIOLATION; OPERATING WHILE REVOKED; TAMPERING W IGNITION INTERLOCK; OPERATING WHILE INTOXICATED; OPERATING WHILE INTOXICATED,; ; ; ; ; ,6,Shorewood Hills Police Dept.; Dane County Sheriffs Office,7/10/20251:31 AM,Sentenced with Huber,Misdemeanor,226701,"October 5, 2026 at 12:07 AM",Hispanic,CAMP,CAMP,White,Male,Hispanic,37.0,7/10/2025,30s,611656.0,08 Sentenced with Huber,ANGEL,Y,No,7/10/2025 6:31:01 AM,Local sentence,PEREZ,DVRSN,CAMP,DVRSN,452,300+,,JR,10/5/2026 12:07:13 AM,10/5/2026 12:07:13 AM
https://www.danesheriff.com/Residents/Detail/578358,RESISTING OR OBSTRUCTING; RESIST OFFICER - SUBSTANTIAL BODILY HARM/SOFT TISSUE; DISCHG BODY FLUID PUBLIC WRKR; BATTERY TO PUBLIC OFFICERS; BAIL JUMPING - MISDEMEANOR; DISORDERLY CONDUCT; DISORDERLY CONDUCT; PRIS THROW EXPEL BODY SUBSTANC,; 939.62(1)(B); 939.62(1)(B); 939.32; 939.62(1)(A); ; 939.62(1)(A); ,11,Dane County Circuit Court; Madison Police Department; Dane County Sheriffs Office,7/20/20265:50 PM,CO Pretrial,Felony,578358,"October 5, 2026 at 12:07 AM",Hispanic,6EAST,6EAST,White,Male,Hispanic,34.0,7/20/2026,30s,625526.0,03 CO Pretrial,JOSEPH,Y,No,7/20/2026 10:50:23 PM,Pretrial,HERNANDEZ,CCB,Physically in the jail,City-County Building,77,60,to 79,Null,10/5/2026 12:07:13 AM,10/5/2026 12:07:13 AM
https://www.danesheriff.com/Residents/Detail/90070099,OPERATING WHILE INTOXICATED; PROBATION VIOLATION; OPERATE WITH PROHIBITED BAC,; ; ,3,Dane County Sheriffs Office,5/28/20268:13 PM,P/P Violation (Hold),Misdemeanor,90070099,"October 5, 2026 at 12:07 AM",Non-Hispanic,P4K,P4K,White,Male,Non-Hispanic,58.0,5/28/2026,50s,623467.0,05 P/P Violation (Hold),BRANDON,Y,Yes,5/29/2026 1:13:49 AM,P/P hold,MEEK,PSB,Physically in the jail,Public Safety Building,130,120,to 139,Null,10/5/2026 12:07:13 AM,10/5/2026 12:07:13 AM
https://www.danesheriff.com/Residents/Detail/371998,PAROLE VIOLATION,,1,Probation and Parole,8/17/20264:48 PM,P/P Violation (Hold),Civil,371998,"October 5, 2026 at 12:07 AM",Non-Hispanic,P4C,P4C,Black,Male,Non-Hispanic,43.0,8/17/2026,40s,626601.0,05 P/P Violation (Hold),CLINT,Y,Yes,8/17/2026 9:48:49 PM,P/P hold,WILSON RAGLAND,PSB,Physically in the jail,Public Safety Building,49,40,to 59,Null,10/5/2026 12:07:13 AM,10/5/2026 12:07:13 AM
https://www.danesheriff.com/Residents/Detail/583101,PAROLE VIOLATION; BATTERY; DISORDERLY CONDUCT; BAIL JUMPING - FELONY; 1ST-DEG RECKLESSLY ENDANG SAFE,; 939.62(1)(A); 939.62(1)(A); 939.62(1)(B); 939.63(1)(B),5,Dane County Sheriffs Office,5/22/20263:57 PM,State Resident Intransit,Felony,583101,"October 5, 2026 at 12:07 AM",Non-Hispanic,6WEST,6WEST,Black,Male,Non-Hispanic,21.0,5/22/2026,20s,623223.0,13 State Resident Intransit,DAIMON,Y,No,5/22/2026 8:57:07 PM,State resident,SMITH,CCB,Physically in the jail,City-County Building,136,120,to 139,Null,10/5/2026 12:07:13 AM,10/5/2026 12:07:13 AM
https://www.danesheriff.com/Residents/Detail/415769,OPERATING WHILE INTOXICATED,346.65(2)(G)2,1,Rock Co Sheriff's Office,3/24/20267:39 AM,Prob Sentence/Work Release,Misdemeanor,415769,"October 5, 2026 at 12:07 AM",Non-Hispanic,CAMP,CAMP,White,Male,Non-Hispanic,29.0,3/24/2026,20s,620959.0,09W Prob Sentence/Work Release,JACK,Y,No,3/24/2026 12:39:07 PM,Local sentence,ANDERSON,DVRSN,CAMP,DVRSN,195,180,to 199,Null,10/5/2026 12:07:13 AM,10/5/2026 12:07:13 AM
https://www.danesheriff.com/Residents/Detail/90106783,OPERATING WHILE INTOXICATED,,1,Dane County Sheriffs Office,9/24/202610:46 AM,Sentenced with Huber,Misdemeanor,90106783,"October 5, 2026 at 12:07 AM",Non-Hispanic,P3A,P3A,White,Male,Non-Hispanic,47.0,9/24/2026,40s,627992.0,08 Sentenced with Huber,ROBERT,Y,No,9/24/2026 3:46:42 PM,Local sentence,SOEHLE,PSB,Physically in the jail,Public Safety Building,11,0,to 19,Null,10/5/2026 12:07:13 AM,10/5/2026 12:07:13 AM
https://www.danesheriff.com/Residents/Detail/111116,OPERATING WHILE INTOXICATED,,1,Dane County Sheriffs Office,5/20/202611:05 AM,Sentenced with Huber,Misdemeanor,111116,"October 5, 2026 at 12:07 AM",Non-Hispanic,CAMP,CAMP,White,Male,Non-Hispanic,36.0,5/20/2026,30s,623134.0,08 Sentenced with Huber,MITCHELL,Y,No,5/20/2026 4:05:34 PM,Local sentence,NEHRING,DVRSN,CAMP,DVRSN,138,120,to 139,Null,10/5/2026 12:07:13 AM,10/5/2026 12:07:13 AM
https://www.danesheriff.com/Residents/Detail/131245,PAROLE VIOLATION; EXTENDED SUPERVISION SANCTIONS,; ,2,Dane County Sheriffs Office,9/10/20267:01 PM,E.S. Sanct w/out work release,Civil,131245,"October 5, 2026 at 12:07 AM",Non-Hispanic,P4K,P4K,White,Male,Non-Hispanic,34.0,9/10/2026,30s,627538.0,22 E.S. Sanct w/out wrk release,JOHNNIE,Y,No,9/11/2026 12:01:28 AM,Extended supervision,ANDERSON,PSB,Physically in the jail,Public Safety Building,25,20,to 39,Null,10/5/2026 12:07:13 AM,10/5/2026 12:07:13 AM
https://www.danesheriff.com/Residents/Detail/89700695,RESISTING OR OBSTRUCTING; THREAT TO CAUSE BODILY HARM TO CERTAIN INDIVIDUALS INV WITH A CRT LEGAL SYSTEM,; ,2,Dane County Circuit Court,6/30/20267:36 AM,Sentenced with Huber,Misdemeanor,89700695,"October 5, 2026 at 12:07 AM",Non-Hispanic,6EAST,6EAST,Black,Male,Non-Hispanic,41.0,6/30/2026,40s,624722.0,08 Sentenced with Huber,TYRONE,Y,No,6/30/2026 12:36:21 PM,Local sentence,MARTIN,CCB,Physically in the jail,City-County Building,97,80,to 99,Null,10/5/2026 12:07:13 AM,10/5/2026 12:07:13 AM
https://www.danesheriff.com/Residents/Detail/643674,POSSESSION METHAMPHETAMINE; POSSESS DRUG PARAPHERNALIA; POSSESSION OF THC; PROBATION VIOLATION,; ; ; ,4,Dane County Sheriffs Office,7/20/20263:37 PM,P/P Violation (Hold),Felony,643674,"October 5, 2026 at 12:07 AM",Non-Hispanic,P4C,P4C,White,Male,Non-Hispanic,26.0,7/20/2026,20s,625516.0,05 P/P Violation (Hold),BRENT,Y,Yes,7/20/2026 8:37:01 PM,P/P hold,CHEREK,PSB,Physically in the jail,Public Safety Building,77,60,to 79,Null,10/5/2026 12:07:13 AM,10/5/2026 12:07:13 AM
https://www.danesheriff.com/Residents/Detail/223289,PROBATION VIOLATION; FALSE IMPRISONMENT; BATTERY,; 973.055(1); 973.055(1),3,Probation and Parole,5/21/20262:38 PM,Sentenced with Huber,Felony,223289,"October 5, 2026 at 12:07 AM",Non-Hispanic,CAMP,CAMP,Black,Male,Non-Hispanic,34.0,5/21/2026,30s,623176.0,08 Sentenced with Huber,SEAN,Y,No,5/21/2026 7:38:06 PM,Local sentence,REASON,DVRSN,CAMP,DVRSN,137,120,to 139,Null,10/5/2026 12:07:13 AM,10/5/2026 12:07:13 AM
https://www.danesheriff.com/Residents/Detail/262485,RETAIL THEFT INTENT TAKE; POSSESS DRUG PARAPHERNALIA; RETAIL THEFT INTENT TAKE; BAIL JUMPING - FELONY; RETAIL THEFT INTENT TAKE; RETAIL THEFT INTENT TAKE; BAIL JUMPING - FELONY; PROBATION VIOLATION; RESISTING OR OBSTRUCTING; BAIL JUMPING - FELONY; RETAIL THEFT INTENT TAKE; RETAIL THEFT; BAIL JUMPING - FELONY,; ; 939.62(1)(B); 939.62(1)(B); 939.05; 939.05; ; ; ; ; 939.05; ; ,18,Sun Prairie Police Department; Maple Bluff Police Department; Madison Police Department,6/26/20265:11 AM,P/P Violation (Hold),Felony,262485,"October 5, 2026 at 12:07 AM",Hispanic,6WEST,6WEST,White,Male,Hispanic,33.0,6/26/2026,30s,624568.0,05 P/P Violation (Hold),JUAN,Y,Yes,6/26/2026 10:11:40 AM,P/P hold,OLAYO HERNANDEZ,CCB,Physically in the jail,City-County Building,101,100,to 119,Null,10/5/2026 12:07:13 AM,10/5/2026 12:07:13 AM
https://www.danesheriff.com/Residents/Detail/814700,1ST-DEG RECKLESSLY ENDANG SAFE; CARRYING CONCEALED WEAPON; RESISTING OR OBSTRUCTING,; ; ,3,Madison Police Department,1/26/20263:16 AM,CO Pretrial,Felony,814700,"October 5, 2026 at 12:07 AM",Non-Hispanic,7WEST,7WEST,Black,Male,Non-Hispanic,19.0,1/26/2026,<20,618762.0,03 CO Pretrial,JEREMY,Y,No,1/26/2026 9:16:19 AM,Pretrial,COMER GOLDEN,CCB,Physically in the jail,City-County Building,252,240,to 259,Null,10/5/2026 12:07:13 AM,10/5/2026 12:07:13 AM
https://www.danesheriff.com/Residents/Detail/301581,BATTERY; PAROLE VIOLATION,973.055(1); ,2,Madison Police Department,8/21/20265:18 PM,CO Pretrial/Prob Hold,Misdemeanor,301581,"October 5, 2026 at 12:07 AM",Non-Hispanic,P4K,P4K,Black,Male,Non-Hispanic,52.0,8/21/2026,50s,626757.0,03P CO Pretrial/Prob Hold,ERIC,Y,Yes,8/21/2026 10:18:48 PM,Pretrial,MORGAN,PSB,Physically in the jail,Public Safety Building,45,40,to 59,Null,10/5/2026 12:07:13 AM,10/5/2026 12:07:13 AM
https://www.danesheriff.com/Residents/Detail/90086486,LEWD LASCIVIOUS BEHAVIOR EXPOS; PAROLE VIOLATION,; ,2,Madison Police Department,9/18/20262:56 AM,P/P Violation (Hold),Misdemeanor,90086486,"October 5, 2026 at 12:07 AM",Non-Hispanic,P4K,P4K,Black,Male,Non-Hispanic,55.0,9/18/2026,50s,627796.0,05 P/P Violation (Hold),JAMES,Y,Yes,9/18/2026 7:56:47 AM,P/P hold,WATTS,PSB,Physically in the jail,Public Safety Building,17,0,to 19,Null,10/5/2026 12:07:13 AM,10/5/2026 12:07:13 AM
https://www.danesheriff.com/Residents/Detail/831422,CRIM DAMAGE JUROR PROPERTY,,1,Madison Police Department,10/1/20268:59 AM,CO Prearraignment,Unknown,831422,"October 5, 2026 at 12:07 AM",Hispanic,MALEDORM,MALEDORM,White,Male,Hispanic,20.0,10/1/2026,20s,628226.0,01 CO Prearraignment,MOISES,Y,No,10/1/2026 1:59:03 PM,Pretrial,RAPALO HERNANDEZ,PSB,Physically in the jail,Public Safety Building,4,0,to 19,Null,10/5/2026 12:07:13 AM,10/5/2026 12:07:13 AM
https://www.danesheriff.com/Residents/Detail/471502,PAROLE VIOLATION; EXTENDED SUPERVISION SANCTIONS,; ,2,Probation and Parole,9/14/202611:19 AM,E.S. Sanct w/out work release,Civil,471502,"October 5, 2026 at 12:07 AM",Non-Hispanic,P3A,P3A,White,Male,Non-Hispanic,27.0,9/14/2026,20s,627648.0,22 E.S. Sanct w/out wrk release,SAMUEL,Y,No,9/14/2026 4:19:11 PM,Extended supervision,MATTIOLI,PSB,Physically in the jail,Public Safety Building,21,20,to 39,Null,10/5/2026 12:07:13 AM,10/5/2026 12:07:13 AM
https://www.danesheriff.com/Residents/Detail/740163,OPERATING WHILE INTOXICATED,,1,Dane County Sheriffs Office,8/18/202610:21 AM,Sentenced with Huber,Misdemeanor,740163,"October 5, 2026 at 12:07 AM",Hispanic,CAMP,CAMP,White,Male,Hispanic,24.0,8/18/2026,20s,626628.0,08 Sentenced with Huber,OLVIN,Y,No,8/18/2026 3:21:33 PM,Local sentence,MOLINA MOLINA,DVRSN,CAMP,DVRSN,48,40,to 59,Null,10/5/2026 12:07:13 AM,10/5/2026 12:07:13 AM
https://www.danesheriff.com/Residents/Detail/730253,DISORDERLY CONDUCT; BATTERY; RESISTING OR OBSTRUCTING; RESISTING OR OBSTRUCTING; PROBATION VIOLATION,939.62(1)(A); 939.62(1)(A); 939.62(1)(A); 939.62(1)(A); ,5,Madison Police Department,6/14/20263:20 AM,CO Pretrial/Prob Hold,Misdemeanor,730253,"October 5, 2026 at 12:07 AM",Non-Hispanic,6WEST,6WEST,Black,Male,Non-Hispanic,29.0,6/14/2026,20s,624128.0,03P CO Pretrial/Prob Hold,DONQUELL,Y,Yes,6/14/2026 8:20:11 AM,Pretrial,ADAMS,CCB,Physically in the jail,City-County Building,113,100,to 119,Null,10/5/2026 12:07:13 AM,10/5/2026 12:07:13 AM
https://www.danesheriff.com/Residents/Detail/747416,OPERATING WHILE INTOXICATED; OPERATE WITH PROHIBITED BAC; RESISTING OR OBSTRUCTING; BAIL JUMPING - MISDEMEANOR,; ; ; ,4,Madison Police Department,6/12/20269:49 PM,Sentenced with Huber,Misdemeanor,747416,"October 5, 2026 at 12:07 AM",Non-Hispanic,CAMP,CAMP,Black,Male,Non-Hispanic,29.0,6/12/2026,20s,624087.0,08 Sentenced with Huber,RIGEN,Y,No,6/13/2026 2:49:16 AM,Local sentence,MATABISHI,DVRSN,CAMP,DVRSN,115,100,to 119,Null,10/5/2026 12:07:13 AM,10/5/2026 12:07:13 AM
https://www.danesheriff.com/Residents/Detail/417978,OPERATING WHILE INTOXICATED; POSSESSION OF COCAINE/BASE; POSSESS NARCOTIC/ANALOG; POSSESS DRUG PARAPHERNALIA,; ; ; ,4,Madison Police Department,10/2/20265:40 AM,CO Prearraignment,Felony,417978,"October 5, 2026 at 12:07 AM",Non-Hispanic,MALEDORM,MALEDORM,White,Male,Non-Hispanic,28.0,10/2/2026,20s,628272.0,01 CO Prearraignment,EVERETT,Y,No,10/2/2026 10:40:43 AM,Pretrial,TROIA,PSB,Physically in the jail,Public Safety Building,3,0,to 19,Null,10/5/2026 12:07:13 AM,10/5/2026 12:07:13 AM
https://www.danesheriff.com/Residents/Detail/556133,DISORDERLY CONDUCT; BATTERY; FALSE IMPRISONMENT; INTENT POINT FIREARM AT PERSON; BURGLARY ARMED W DANG WEAPON; POSS OF FIREARM BY A FELON; PROBATION VIOLATION; KNOWINGLY FLEE AN OFFICER; INTENT POINT FIREARM AT PERSON; DOM ABUSE CONTACT PROV VIOL; DOM ABUSE CONTACT PROV VIOL,973.055(1); 973.055(1); 973.055(1); ; ; ; ; ; 973.055(1); ; ,44,Madison Police Department,4/11/20265:35 AM,CO Pretrial,Felony,556133,"October 5, 2026 at 12:07 AM",Non-Hispanic,P4K,P4K,Black,Male,Non-Hispanic,20.0,4/11/2026,20s,621659.0,03 CO Pretrial,JERELL,Y,No,4/11/2026 10:35:46 AM,Pretrial,JACOBS,PSB,Physically in the jail,Public Safety Building,177,160,to 179,Null,10/5/2026 12:07:13 AM,10/5/2026 12:07:13 AM
https://www.danesheriff.com/Residents/Detail/90085806,DISORDERLY CONDUCT; CRIMINAL DAMAGE TO PROPERTY; RESISTING OR OBSTRUCTING; RETAIL THEFT INTENT TAKE; RETAIL THEFT INTENT TAKE; PROBATION VIOLATION; CONTEMPT OF COURT PUN SANCTION,; ; ; 939.62; 939.62; ; ,7,Madison Police Department,10/4/20267:35 AM,CO Prearr/Probation,Misdemeanor,90085806,"October 5, 2026 at 12:07 AM",Non-Hispanic,MALEDORM,MALEDORM,Black,Male,Non-Hispanic,53.0,10/4/2026,50s,628337.0,01P CO Prearr/Probation,CURTIS,Y,Yes,10/4/2026 12:35:14 PM,Pretrial,BROWN,PSB,Physically in the jail,Public Safety Building,1,0,to 19,Null,10/5/2026 12:07:13 AM,10/5/2026 12:07:13 AM
https://www.danesheriff.com/Residents/Detail/248048,BAIL JUMPING - FELONY; BAIL JUMPING - MISDEMEANOR; RETAIL THEFT INTENT TAKE; RETAIL THEFT INTENT TAKE; RETAIL THEFT INTENT TAKE; RETAIL THEFT INTENT TAKE; BAIL JUMPING - MISDEMEANOR; BAIL JUMPING - FELONY; RETAIL THEFT INTENT TAKE,; ; ; ; ; ; ; ; ,11,Madison Police Department,9/23/20262:02 PM,CO Pretrial,Felony,248048,"October 5, 2026 at 12:07 AM",Non-Hispanic,P3I,P3I,Black,Female,Non-Hispanic,33.0,9/23/2026,30s,627964.0,03 CO Pretrial,MARIAMA,Y,No,9/23/2026 7:02:27 PM,Pretrial,TURNER,PSB,Physically in the jail,Public Safety Building,12,0,to 19,Null,10/5/2026 12:07:13 AM,10/5/2026 12:07:13 AM
https://www.danesheriff.com/Residents/Detail/43780,PAROLE VIOLATION,,1,Probation and Parole,7/21/20265:10 PM,P/P Violation (Hold),Civil,43780,"October 5, 2026 at 12:07 AM",Non-Hispanic,P4A,P4A,Black,Male,Non-Hispanic,45.0,7/21/2026,40s,625566.0,05 P/P Violation (Hold),ROMALE,Y,Yes,7/21/2026 10:10:08 PM,P/P hold,GRANT,PSB,Physically in the jail,Public Safety Building,76,60,to 79,JR,10/5/2026 12:07:13 AM,10/5/2026 12:07:13 AM
https://www.danesheriff.com/Residents/Detail/120590,PAROLE VIOLATION,,1,Monona Police Department,10/5/20267:01 AM,P/P Violation (Hold),Civil,120590,,,,,,,,,,,,,,,,,,,,,,,,,,,
https://www.danesheriff.com/Residents/Detail/90008783,NAN; NAN; OPERATE AFTER SUSP/REV; VIOLATION NOT LISTED IN TBLAW; DISORDERLY CONDUCT,; ; ; ; ,5,Madison Police Department,6/4/19867:35 PM,Sentenced with Huber,Misdemeanor,90008783,,,,,,,,,,,,,,,,,,,,,,,,,,,
https://www.danesheriff.com/Residents/Detail/90080688,DISORDERLY CONDUCT; INTIM VICTIM DISSUADE REPORTIN; DISORDERLY CONDUCT,; ; 939.62(1)(A),3,Dane County Circuit Court,9/27/202611:29 AM,CO Pretrial,Felony,90080688,"October 5, 2026 at 12:07 AM",Non-Hispanic,P3A,P3A,White,Male,Non-Hispanic,54.0,9/27/2026,50s,628087.0,03 CO Pretrial,CHRISTOPHER,Y,No,9/27/2026 4:29:04 PM,Pretrial,COSTER,PSB,Physically in the jail,Public Safety Building,8,0,to 19,Null,10/5/2026 12:07:13 AM,10/5/2026 12:07:13 AM
https://www.danesheriff.com/Residents/Detail/703034,PAROLE VIOLATION,,1,Madison Police Department,11/7/20255:38 PM,P/P Violation (Hold),Civil,703034,"October 5, 2026 at 12:07 AM",Hispanic,FEMALEHOUSING,FEMALEHOUSING,White,Female,Hispanic,21.0,11/7/2025,20s,615997.0,05 P/P Violation (Hold),EMMA,Y,Yes,11/7/2025 11:38:05 PM,P/P hold,HARDIMAN,PSB,Physically in the jail,Public Safety Building,332,300+,,Null,10/5/2026 12:07:13 AM,10/5/2026 12:07:13 AM
https://www.danesheriff.com/Residents/Detail/826825,OPERATING WHILE INTOXICATED,,1,Madison Police Department,8/29/20267:53 AM,Sentenced with Huber,Misdemeanor,826825,"October 5, 2026 at 12:07 AM",Non-Hispanic,CAMP,CAMP,White,Female,Non-Hispanic,24.0,8/29/2026,20s,627033.0,08 Sentenced with Huber,SYDNEY,Y,No,8/29/2026 12:53:11 PM,Local sentence,SCOLA,DVRSN,CAMP,DVRSN,37,20,to 39,Null,10/5/2026 12:07:13 AM,10/5/2026 12:07:13 AM
https://www.danesheriff.com/Residents/Detail/545112,THEFT,,1,Dane County Sheriffs Office,6/3/20263:40 PM,CO Pretrial,Misdemeanor,545112,"October 5, 2026 at 12:07 AM",Non-Hispanic,P3K,P3K,Black,Male,Non-Hispanic,47.0,6/3/2026,40s,623697.0,03 CO Pretrial,TATILLUS,Y,No,6/3/2026 8:40:38 PM,Pretrial,JOHNSON,PSB,Physically in the jail,Public Safety Building,124,120,to 139,Null,10/5/2026 12:07:13 AM,10/5/2026 12:07:13 AM
https://www.danesheriff.com/Residents/Detail/830250,PROBATION VIOLATION; RESISTING OR OBSTRUCTING,; ,2,Probation and Parole,9/14/20262:42 PM,Non Fed Resident Intransit,Misdemeanor,830250,"October 5, 2026 at 12:07 AM",Non-Hispanic,P3K,P3K,Black,Male,Non-Hispanic,20.0,9/14/2026,20s,627655.0,14 Resident Intransit,ABDIRAHMAN,Y,No,9/14/2026 7:42:52 PM,Other in transit,AHMED,PSB,Physically in the jail,Public Safety Building,21,20,to 39,Null,10/5/2026 12:07:13 AM,10/5/2026 12:07:13 AM
https://www.danesheriff.com/Residents/Detail/98481,PAROLE VIOLATION,,1,Madison Police Department,10/4/20266:49 AM,P/P Violation (Hold),Civil,98481,"October 5, 2026 at 12:07 AM",Non-Hispanic,MALEDORM,MALEDORM,Black,Male,Non-Hispanic,44.0,10/4/2026,40s,628335.0,05 P/P Violation (Hold),JASON,Y,Yes,10/4/2026 11:49:03 AM,P/P hold,GULLENS,PSB,Physically in the jail,Public Safety Building,1,0,to 19,Null,10/5/2026 12:07:13 AM,10/5/2026 12:07:13 AM
https://www.danesheriff.com/Residents/Detail/223053,RETAIL THEFT INTENT TAKE; RETAIL THEFT INTENT TAKE; PAROLE VIOLATION,; ; ,3,Fitchburg Police Department,9/16/20266:49 PM,P/P Violation (Hold),Misdemeanor,223053,"October 5, 2026 at 12:07 AM",Non-Hispanic,P3K,P3K,Native American,Male,Non-Hispanic,44.0,9/16/2026,40s,627735.0,05 P/P Violation (Hold),TROY,Y,Yes,9/16/2026 11:49:40 PM,P/P hold,CRAIN,PSB,Physically in the jail,Public Safety Building,19,0,to 19,Null,10/5/2026 12:07:13 AM,10/5/2026 12:07:13 AM
https://www.danesheriff.com/Residents/Detail/90112443,BATTERY,973.055(1),1,Dane County Circuit Court,9/8/20268:08 AM,Sentenced with Huber,Misdemeanor,90112443,"October 5, 2026 at 12:07 AM",Non-Hispanic,CAMP,CAMP,White,Male,Non-Hispanic,46.0,9/8/2026,40s,627443.0,08 Sentenced with Huber,DANIEL,Y,No,9/8/2026 1:08:20 PM,Local sentence,WITT,DVRSN,CAMP,DVRSN,27,20,to 39,Null,10/5/2026 12:07:13 AM,10/5/2026 12:07:13 AM
https://www.danesheriff.com/Residents/Detail/700502,2ND-DEG RECKLESSLY ENDANG SAFE; BURGLARY ARMED W DANG WEAPON; BATTERY; SUBSTANTIAL BATTERY; 1ST DEG INTENTIONAL HOMICIDE; 1ST-DEG RECKLESSLY ENDANG SAFE; POSS FIREARM ADJ DEL OF FELONY,; ; ; ; 939.32; ; ,9,Sun Prairie Police Department; Madison Police Department,10/28/20257:24 PM,CO Pretrial/Hold,Felony,700502,"October 5, 2026 at 12:07 AM",Non-Hispanic,7WEST,7WEST,Black,Male,Non-Hispanic,17.0,10/28/2025,<20,615645.0,03H CO Pretrial/Hold,TRADELL,Y,Yes,10/29/2025 12:24:09 AM,Pretrial,MORRISON,CCB,Physically in the jail,City-County Building,342,300+,,JR,10/5/2026 12:07:13 AM,10/5/2026 12:07:13 AM
https://www.danesheriff.com/Residents/Detail/127369,RETAIL THEFT INTENT TAKE; PROBATION VIOLATION; RETAIL THEFT INTENT TAKE; RETAIL THEFT INTENT TAKE; RETAIL THEFT INTENT TAKE,; ; ; 939.62; 939.62(1)(A),5,Madison Police Department,8/21/202612:27 PM,CO Prearr/Probation,Misdemeanor,127369,"October 5, 2026 at 12:07 AM",Non-Hispanic,7WEST,7WEST,Black,Male,Non-Hispanic,42.0,8/21/2026,40s,626748.0,01P CO Prearr/Probation,DONELL,Y,Yes,8/21/2026 5:27:54 PM,Pretrial,TRAVIS,CCB,Physically in the jail,City-County Building,45,40,to 59,Null,10/5/2026 12:07:13 AM,10/5/2026 12:07:13 AM
https://www.danesheriff.com/Residents/Detail/349943,BATT/THREAT LAW ENFORC JUDGE PROSEC; THEFT,; ,2,Waunakee Police Department,9/11/202612:49 PM,Sentenced with Huber,Felony,349943,"October 5, 2026 at 12:07 AM",Hispanic,CAMP,CAMP,White,Male,Hispanic,32.0,9/11/2026,30s,627560.0,08 Sentenced with Huber,NOE,Y,No,9/11/2026 5:49:34 PM,Local sentence,CANO PINEDA,DVRSN,CAMP,DVRSN,24,20,to 39,Null,10/5/2026 12:07:13 AM,10/5/2026 12:07:13 AM
https://www.danesheriff.com/Residents/Detail/792863,HIT AND RUN; OPERATING WHILE REVOKED; HOMICIDE INTOX USE VEHICLE; 1ST-DEG RECKLESSLY ENDANG SAFE; BAIL JUMPING - MISDEMEANOR; HOMICIDE BY USE OF VEHICLE W/,; ; ; ; ; ,8,Madison Police Department,5/1/20264:50 AM,CO Pretrial,Felony,792863,"October 5, 2026 at 12:07 AM",Non-Hispanic,P4A,P4A,Black,Male,Non-Hispanic,42.0,5/1/2026,40s,622405.0,03 CO Pretrial,MICHAEL,Y,No,5/1/2026 9:50:50 AM,Pretrial,MARTIN,PSB,Physically in the jail,Public Safety Building,157,140,to 159,Null,10/5/2026 12:07:13 AM,10/5/2026 12:07:13 AM
https://www.danesheriff.com/Residents/Detail/756644,PROBATION VIOLATION; EXTENDED SUPERVISION SANCTIONS,; ,2,Probation and Parole,9/15/20263:28 PM,E.S. Sanct w/out work release,Civil,756644,"October 5, 2026 at 12:07 AM",Non-Hispanic,7WEST,7WEST,Black,Male,Non-Hispanic,18.0,9/15/2026,<20,627692.0,22 E.S. Sanct w/out wrk release,TYSHAUN,Y,No,9/15/2026 8:28:48 PM,Extended supervision,BROWN,CCB,Physically in the jail,City-County Building,20,20,to 39,Null,10/5/2026 12:07:13 AM,10/5/2026 12:07:13 AM
https://www.danesheriff.com/Residents/Detail/599029,OPERATING WHILE INTOXICATED; OPERATE WITH PROHIBITED BAC; BAIL JUMPING - FELONY; BAIL JUMPING - MISDEMEANOR; PROBATION VIOLATION; TAMPERING W IGNITION INTERLOCK; IMMIGRATION,; ; ; ; ; ; ,7,"Sun Prairie Police Department; Immigration/Naturalization, US",5/22/202611:49 PM,CO Pretrial/Prob Hold,Felony,599029,"October 5, 2026 at 12:07 AM",Non-Hispanic,P4K,P4K,Black,Male,Non-Hispanic,49.0,5/22/2026,40s,623239.0,03P CO Pretrial/Prob Hold,KUTA,Y,Yes,5/23/2026 4:49:40 AM,Pretrial,BALDEH,PSB,Physically in the jail,Public Safety Building,136,120,to 139,Null,10/5/2026 12:07:13 AM,10/5/2026 12:07:13 AM
https://www.danesheriff.com/Residents/Detail/775327,RESISTING OR OBSTRUCTING,,1,Madison Police Department,10/1/202610:29 PM,CO Prearraignment,Misdemeanor,775327,"October 5, 2026 at 12:07 AM",Non-Hispanic,MALEDORM,MALEDORM,Black,Male,Non-Hispanic,28.0,10/1/2026,20s,628254.0,01 CO Prearraignment,DOUGLAS,Y,No,10/2/2026 3:29:56 AM,Pretrial,WINEGLASS,PSB,Physically in the jail,Public Safety Building,4,0,to 19,Null,10/5/2026 12:07:13 AM,10/5/2026 12:07:13 AM
https://www.danesheriff.com/Residents/Detail/824723,ROBBERY WITH THREAT OF FORCE; BAIL JUMPING - FELONY; RESISTING OR OBSTRUCTING; DISORDERLY CONDUCT,; ; ; ,4,Madison Police Department,9/2/20264:04 AM,CO Pretrial,Felony,824723,"October 5, 2026 at 12:07 AM",Non-Hispanic,7WEST,7WEST,Black,Male,Non-Hispanic,17.0,9/2/2026,<20,627198.0,03 CO Pretrial,EVAN,Y,No,9/2/2026 9:04:08 AM,Pretrial,CHRISS,CCB,Physically in the jail,City-County Building,33,20,to 39,Null,10/5/2026 12:07:13 AM,10/5/2026 12:07:13 AM
https://www.danesheriff.com/Residents/Detail/765310,DISORDERLY CONDUCT; BATTERY; CRIMINAL DAMAGE TO PROPERTY,973.055(1); 973.055(1); 973.055(1),3,Madison Police Department,10/5/202612:06 AM,CO Prearraignment,Misdemeanor,765310,,,,,,,,,,,,,,,,,,,,,,,,,,,
https://www.danesheriff.com/Residents/Detail/804605,PROBATION VIOLATION; CRIMINAL DAMAGE TO PROPERTY; DISORDERLY CONDUCT,; ; ,3,Dane County Sheriffs Office,7/21/20265:46 PM,Sentenced with Huber,Misdemeanor,804605,"October 5, 2026 at 12:07 AM",Non-Hispanic,CAMP,CAMP,White,Male,Non-Hispanic,31.0,7/21/2026,30s,625569.0,08 Sentenced with Huber,BENJAMIN,Y,No,7/21/2026 10:46:40 PM,Local sentence,STETZER,DVRSN,CAMP,DVRSN,76,60,to 79,Null,10/5/2026 12:07:13 AM,10/5/2026 12:07:13 AM
https://www.danesheriff.com/Residents/Detail/90115175,BAIL JUMPING - FELONY; TRESPASS TO LAND,; ,2,Madison Police Department,9/29/20261:57 AM,CO Pretrial,Felony,90115175,"October 5, 2026 at 12:07 AM",Non-Hispanic,FEMALEHOUSING,FEMALEHOUSING,White,Female,Non-Hispanic,49.0,9/29/2026,40s,628143.0,03 CO Pretrial,TRACY,Y,No,9/29/2026 6:57:09 AM,Pretrial,VALLO,PSB,Physically in the jail,Public Safety Building,6,0,to 19,Null,10/5/2026 12:07:13 AM,10/5/2026 12:07:13 AM
https://www.danesheriff.com/Residents/Detail/93192362,OPERATE MV WITHOUT CONSENT; BAIL JUMPING - MISDEMEANOR; ID THEFT,; ; ,4,UW Madison Police Department,10/2/20262:51 PM,CO Prearraignment,Felony,93192362,"October 5, 2026 at 12:07 AM",Non-Hispanic,FEMALEHOUSING,FEMALEHOUSING,White,Female,Non-Hispanic,44.0,10/2/2026,40s,628289.0,01 CO Prearraignment,APRIL,Y,No,10/2/2026 7:51:13 PM,Pretrial,SORDAHL,PSB,Physically in the jail,Public Safety Building,3,0,to 19,Null,10/5/2026 12:07:13 AM,10/5/2026 12:07:13 AM
https://www.danesheriff.com/Residents/Detail/90096960,PAROLE VIOLATION,,1,Stoughton Police Department,2/8/20264:32 PM,P/P Violation (Hold),Civil,90096960,"October 5, 2026 at 12:07 AM",Unknown,6WEST,6WEST,White,Male,Unknown,52.0,2/8/2026,50s,619271.0,05 P/P Violation (Hold),DANIEL,Y,Yes,2/8/2026 10:32:53 PM,P/P hold,TESNOW,CCB,Physically in the jail,City-County Building,239,220,to 239,Null,10/5/2026 12:07:13 AM,10/5/2026 12:07:13 AM
https://www.danesheriff.com/Residents/Detail/61098,DISORDERLY CONDUCT; RESISTING OR OBSTRUCTING; POSSESS DRUG PARAPHERNALIA,; ; ,3,Madison Police Department,8/20/20263:41 AM,CO Pretrial,Misdemeanor,61098,"October 5, 2026 at 12:07 AM",Non-Hispanic,7WEST,7WEST,White,Male,Non-Hispanic,38.0,8/20/2026,30s,626691.0,03 CO Pretrial,ZACHARY,Y,No,8/20/2026 8:41:21 AM,Pretrial,GERL,CCB,Physically in the jail,City-County Building,46,40,to 59,Null,10/5/2026 12:07:13 AM,10/5/2026 12:07:13 AM
https://www.danesheriff.com/Residents/Detail/90068720,DISORDERLY CONDUCT; INTIM VICTIM DISSUADE REPORTIN; RESISTING OR OBSTRUCTING; DISORDERLY CONDUCT,973.055(1); 973.055(1); 939.62(1)(A); 973.055(1),4,Madison Police Department,9/8/20264:00 PM,CO Pretrial,Felony,90068720,"October 5, 2026 at 12:07 AM",Non-Hispanic,P4A,P4A,White,Male,Non-Hispanic,57.0,9/8/2026,50s,627460.0,03 CO Pretrial,MARK,Y,No,9/8/2026 9:00:24 PM,Pretrial,UNANGST,PSB,Physically in the jail,Public Safety Building,27,20,to 39,Null,10/5/2026 12:07:13 AM,10/5/2026 12:07:13 AM
https://www.danesheriff.com/Residents/Detail/568388,PROBATION VIOLATION; RETAIL THEFT INTENT TAKE; BATTERY; THEFT; BATTERY; BAIL JUMPING - MISDEMEANOR; DISORDERLY CONDUCT; RESISTING OR OBSTRUCTING,; 939.05; 939.63(1)(A); 939.32; ; ; ; ,8,Madison Police Department; Dane County Sheriffs Office,4/23/20263:07 AM,Sentenced/Outside Hold,Misdemeanor,568388,"October 5, 2026 at 12:07 AM",Non-Hispanic,P3I,P3I,Black,Female,Non-Hispanic,26.0,4/23/2026,20s,622067.0,21 Sentenced/Outside Hold,KANIJA,Y,Yes,4/23/2026 8:07:52 AM,Local sentence,WRIGHT,PSB,Physically in the jail,Public Safety Building,165,160,to 179,Null,10/5/2026 12:07:13 AM,10/5/2026 12:07:13 AM
https://www.danesheriff.com/Residents/Detail/606508,1ST DEG INT HOMICIDE UNB CHILD; BAIL JUMPING - FELONY; KNOWINGLY FLEE AN OFFICER; BAIL JUMPING - FELONY; POS W/INT DEL AMPHET 50-200 GM,939.05; ; ; ; ,5,Madison Police Department; Wood Co Sheriff's Office,1/27/20268:44 AM,CO Pretrial,Felony,606508,"October 5, 2026 at 12:07 AM",Hispanic,P3G,P3G,Native American,Female,Hispanic,28.0,1/27/2026,20s,618806.0,03 CO Pretrial,CYNTHIA,Y,No,1/27/2026 2:44:52 PM,Pretrial,DOMINGUEZ,PSB,Physically in the jail,Public Safety Building,251,240,to 259,Null,10/5/2026 12:07:13 AM,10/5/2026 12:07:13 AM
https://www.danesheriff.com/Residents/Detail/767111,PROBATION VIOLATION,,1,Madison Police Department,9/24/20261:42 AM,P/P Violation (Hold),Civil,767111,"October 5, 2026 at 12:07 AM",Non-Hispanic,MALESEG,MALESEG,Black,Male,Non-Hispanic,26.0,9/24/2026,20s,627986.0,05 P/P Violation (Hold),ORLANDO,Y,Yes,9/24/2026 6:42:02 AM,P/P hold,WILSON,PSB,Physically in the jail,Public Safety Building,11,0,to 19,JR,10/5/2026 12:07:13 AM,10/5/2026 12:07:13 AM
https://www.danesheriff.com/Residents/Detail/698428,WRIT; OPERATING WHILE INTOXICATED,; ,2,Dane County Sheriffs Office,9/29/20263:13 PM,Sentenced with Huber,Misdemeanor,698428,,,,,,,,,,,,,,,,,,,,,,,,,,,
https://www.danesheriff.com/Residents/Detail/518666,PROBATION VIOLATION; OPERATING WHILE INTOXICATED; PHYSICAL ABUSE OF A CHILD; BATTERY; DISORDERLY CONDUCT,; ; ; ; ,5,Middleton Police Department; Probation and Parole,4/24/202611:34 AM,Sentenced with Huber,Felony,518666,"October 5, 2026 at 12:07 AM",Non-Hispanic,CAMP,CAMP,White,Female,Non-Hispanic,41.0,4/24/2026,40s,622122.0,08 Sentenced with Huber,NICOLE,Y,No,4/24/2026 4:34:10 PM,Local sentence,HOERIG,DVRSN,CAMP,DVRSN,164,160,to 179,Null,10/5/2026 12:07:13 AM,10/5/2026 12:07:13 AM
https://www.danesheriff.com/Residents/Detail/286752,ID THEFT; FORGERY UTTERING; ID THEFT; FORGERY UTTERING,; ; ; ,4,Madison Police Department,8/3/20265:38 PM,CO Pretrial/Hold,Felony,286752,"October 5, 2026 at 12:07 AM",Non-Hispanic,6WEST,6WEST,White,Female,Non-Hispanic,38.0,8/3/2026,30s,626031.0,03H CO Pretrial/Hold,MIRA,Y,Yes,8/3/2026 10:38:07 PM,Pretrial,BADER,CCB,Physically in the jail,City-County Building,63,60,to 79,Null,10/5/2026 12:07:13 AM,10/5/2026 12:07:13 AM
https://www.danesheriff.com/Residents/Detail/791926,DISORDERLY CONDUCT; CONTEMPT OF COURT PUN SANCTION; PROBATION VIOLATION,973.055(1); ; ,3,Madison Police Department,7/6/20266:43 PM,P/P Violation (Hold),Misdemeanor,791926,"October 5, 2026 at 12:07 AM",Non-Hispanic,P4I,P4I,Black,Male,Non-Hispanic,35.0,7/6/2026,30s,624979.0,05 P/P Violation (Hold),MARK,Y,Yes,7/6/2026 11:43:13 PM,P/P hold,RUSSELL,PSB,Physically in the jail,Public Safety Building,91,80,to 99,Null,10/5/2026 12:07:13 AM,10/5/2026 12:07:13 AM
https://www.danesheriff.com/Residents/Detail/182407,DISORDERLY CONDUCT; PAROLE VIOLATION; EXTENDED SUPERVISION SANCTIONS,; ; ,3,Madison Police Department,9/29/202610:36 PM,E.S. Sanct w/out work release,Misdemeanor,182407,"October 5, 2026 at 12:07 AM",Non-Hispanic,MALEDORM,MALEDORM,White,Male,Non-Hispanic,39.0,9/29/2026,30s,628171.0,22 E.S. Sanct w/out wrk release,JOHN,Y,No,9/30/2026 3:36:38 AM,Extended supervision,OVERSHINER,PSB,Physically in the jail,Public Safety Building,6,0,to 19,III,10/5/2026 12:07:13 AM,10/5/2026 12:07:13 AM
https://www.danesheriff.com/Residents/Detail/392450,OPERATING WHILE INTOXICATED,,1,Dane County Sheriffs Office,4/6/202611:15 AM,Sentenced with Huber,Misdemeanor,392450,"October 5, 2026 at 12:07 AM",Non-Hispanic,CAMP,CAMP,White,Male,Non-Hispanic,36.0,4/6/2026,30s,621446.0,08 Sentenced with Huber,ROBERT,Y,No,4/6/2026 4:15:00 PM,Local sentence,HARRISON,DVRSN,CAMP,DVRSN,182,180,to 199,Null,10/5/2026 12:07:13 AM,10/5/2026 12:07:13 AM
https://www.danesheriff.com/Residents/Detail/648716,PROBATION VIOLATION,,1,Fitchburg Police Department,9/8/202610:26 PM,P/P Violation (Hold),Civil,648716,"October 5, 2026 at 12:07 AM",Non-Hispanic,P3K,P3K,Black,Male,Non-Hispanic,25.0,9/8/2026,20s,627473.0,05 P/P Violation (Hold),MICHAEL,Y,Yes,9/9/2026 3:26:28 AM,P/P hold,WORTHEY,PSB,Physically in the jail,Public Safety Building,27,20,to 39,Null,10/5/2026 12:07:13 AM,10/5/2026 12:07:13 AM
https://www.danesheriff.com/Residents/Detail/443913,SUBSTANTIAL BATTERY,,1,Dane County Sheriffs Office,9/30/202610:48 AM,State Resident Intransit,Felony,443913,"October 5, 2026 at 12:07 AM",Non-Hispanic,6WEST,6WEST,White,Female,Non-Hispanic,34.0,9/30/2026,30s,628191.0,13 State Resident Intransit,SHAWNNA,Y,No,9/30/2026 3:48:54 PM,State resident,TYSVER,CCB,Physically in the jail,City-County Building,5,0,to 19,Null,10/5/2026 12:07:13 AM,10/5/2026 12:07:13 AM
https://www.danesheriff.com/Residents/Detail/208196,CRIMINAL DAMAGE TO PROPERTY; PAROLE VIOLATION; BURGLARY BUILDING OR DWELLING; THEFT; BURGLARY BUILDING OR DWELLING; THEFT,; ; ; ; 939.62(1)(C); 939.62(1)(B),6,Waunakee Police Department; Dane County Circuit Court; Probation and Parole,12/29/20257:46 AM,CO Pretrial/Prob Hold,Felony,208196,"October 5, 2026 at 12:07 AM",Non-Hispanic,P4C,P4C,White,Male,Non-Hispanic,35.0,12/29/2025,30s,617791.0,03P CO Pretrial/Prob Hold,ERIK,Y,Yes,12/29/2025 1:46:04 PM,Pretrial,LAFLER,PSB,Physically in the jail,Public Safety Building,280,280,to 299,Null,10/5/2026 12:07:13 AM,10/5/2026 12:07:13 AM
https://www.danesheriff.com/Residents/Detail/447218,DISORDERLY CONDUCT; BATTERY; INTIM VICTIM THREATEN FORCE; VIO DOMESTIC ABUSE INJUNCTION; BAIL JUMPING - MISDEMEANOR; PAROLE VIOLATION; DOM ABUSE CONTACT PROV VIOL; VIO DOMESTIC ABUSE INJUNCTION; BAIL JUMPING - MISDEMEANOR; DOM ABUSE CONTACT PROV VIOL; VIO DOMESTIC ABUSE INJUNCTION; BAIL JUMPING - MISDEMEANOR,973.055(1); 973.055(1); 973.055(1); 973.055(1); 973.055(1); ; 939.62(1)(A); 939.62(1)(A); 973.055(1); ; ; ,45,Madison Police Department,9/17/20267:33 PM,CO Pretrial/Prob Hold,Felony,447218,"October 5, 2026 at 12:07 AM",Hispanic,7WEST,7WEST,White,Male,Hispanic,29.0,9/17/2026,20s,627784.0,03P CO Pretrial/Prob Hold,ANDREW,Y,Yes,9/18/2026 12:33:08 AM,Pretrial,DAILEY,CCB,Physically in the jail,City-County Building,18,0,to 19,Null,10/5/2026 12:07:13 AM,10/5/2026 12:07:13 AM
https://www.danesheriff.com/Residents/Detail/632352,4TH DEG SEX ASSAULT; DISORDERLY CONDUCT; BAIL JUMPING - MISDEMEANOR; 4TH DEG SEX ASSAULT; DISORDERLY CONDUCT; BAIL JUMPING - MISDEMEANOR,; ; ; ; ; ,10,Dane County Circuit Court; Madison Police Department,6/4/20267:40 PM,CO Pretrial,Misdemeanor,632352,"October 5, 2026 at 12:07 AM",Non-Hispanic,7WEST,7WEST,Black,Male,Non-Hispanic,29.0,6/4/2026,20s,623758.0,03 CO Pretrial,DANISE,Y,No,6/5/2026 12:40:37 AM,Pretrial,MENDY,CCB,Physically in the jail,City-County Building,123,120,to 139,Null,10/5/2026 12:07:13 AM,10/5/2026 12:07:13 AM
https://www.danesheriff.com/Residents/Detail/95309134,DISORDERLY CONDUCT; THEFT; RESISTING OR OBSTRUCTING; PROBATION VIOLATION,; 939.32; ; ,4,Madison Police Department,9/24/20267:00 PM,CO Prearr/Probation,Misdemeanor,95309134,"October 5, 2026 at 12:07 AM",Non-Hispanic,7WEST,7WEST,White,Male,Non-Hispanic,36.0,9/24/2026,30s,628002.0,01P CO Prearr/Probation,DYLAN,Y,Yes,9/25/2026 12:00:12 AM,Pretrial,SCHLOUGH,CCB,Physically in the jail,City-County Building,11,0,to 19,Null,10/5/2026 12:07:13 AM,10/5/2026 12:07:13 AM
https://www.danesheriff.com/Residents/Detail/142109,PROBATION VIOLATION,,1,Probation and Parole,6/11/20262:58 PM,P/P Violation (Hold),Civil,142109,"October 5, 2026 at 12:07 AM",Non-Hispanic,P3G,P3G,White,Female,Non-Hispanic,43.0,6/11/2026,40s,624036.0,05 P/P Violation (Hold),KAYLA,Y,Yes,6/11/2026 7:58:55 PM,P/P hold,WIRTS,PSB,Physically in the jail,Public Safety Building,116,100,to 119,Null,10/5/2026 12:07:13 AM,10/5/2026 12:07:13 AM
https://www.danesheriff.com/Residents/Detail/717741,1ST DEG INTENTIONAL HOMICIDE; 1ST-DEG RECKLESSLY ENDANG SAFE; 1ST DEG INT HOMICIDE UNB CHILD; 1ST DEG INTENTIONAL HOMICIDE; 1ST-DEG RECKLESSLY ENDANG SAFE,; ; 939.32; 939.32; ,5,Sun Prairie Police Department,10/28/202510:11 AM,CO Pretrial,Felony,717741,"October 5, 2026 at 12:07 AM",Non-Hispanic,7WEST,7WEST,White,Male,Non-Hispanic,23.0,10/28/2025,20s,615629.0,03 CO Pretrial,ZACHARY,Y,No,10/28/2025 3:11:56 PM,Pretrial,OCONNELL,CCB,Physically in the jail,City-County Building,342,300+,,Null,10/5/2026 12:07:13 AM,10/5/2026 12:07:13 AM
https://www.danesheriff.com/Residents/Detail/90076503,PAROLE VIOLATION; EXTENDED SUPERVISION SANCTIONS,; ,2,Dane County Sheriffs Office,8/21/20269:11 PM,E.S. Sanct w/out work release,Civil,90076503,"October 5, 2026 at 12:07 AM",Non-Hispanic,P4K,P4K,Black,Male,Non-Hispanic,55.0,8/21/2026,50s,626764.0,22 E.S. Sanct w/out wrk release,WILLIE,Y,No,8/22/2026 2:11:41 AM,Extended supervision,DEAN,PSB,Physically in the jail,Public Safety Building,45,40,to 59,III,10/5/2026 12:07:13 AM,10/5/2026 12:07:13 AM
https://www.danesheriff.com/Residents/Detail/283614,POSSESSION METHAMPHETAMINE,,1,Dane County Circuit Court,9/28/20268:40 AM,Sentenced with Huber,Felony,283614,"October 5, 2026 at 12:07 AM",Non-Hispanic,P3G,P3G,White,Female,Non-Hispanic,62.0,9/28/2026,60s,628108.0,08 Sentenced with Huber,TONI,Y,No,9/28/2026 1:40:42 PM,Local sentence,WATNEM,PSB,Physically in the jail,Public Safety Building,7,0,to 19,Null,10/5/2026 12:07:13 AM,10/5/2026 12:07:13 AM
https://www.danesheriff.com/Residents/Detail/384824,BURGLARY DWELLING BOAT MOTOR H; PROBATION VIOLATION,; ,2,Madison Police Department,5/16/20266:39 PM,P/P Violation (Hold),Felony,384824,"October 5, 2026 at 12:07 AM",Non-Hispanic,P4K,P4K,Black,Male,Non-Hispanic,48.0,5/16/2026,40s,623004.0,05 P/P Violation (Hold),TERRY,Y,Yes,5/16/2026 11:39:07 PM,P/P hold,RICHARDSON,PSB,Physically in the jail,Public Safety Building,142,140,to 159,Null,10/5/2026 12:07:13 AM,10/5/2026 12:07:13 AM
https://www.danesheriff.com/Residents/Detail/644669,PROBATION VIOLATION; PHYSICAL ABUSE OF A CHILD; ROBBERY WITH USE OF FORCE; BAIL JUMPING - FELONY; ESCAPE CRIMINAL ARREST; RESISTING OR OBSTRUCTING; THEFT,; ; ; ; 939.62(1)(B); 939.62(1)(A); 939.62(1)(A),7,Dane County Circuit Court; Madison Police Department,7/23/202611:08 AM,CO Pretrial/Prob Hold,Felony,644669,"October 5, 2026 at 12:07 AM",Non-Hispanic,7WEST,7WEST,Black,Male,Non-Hispanic,21.0,7/23/2026,20s,625627.0,03P CO Pretrial/Prob Hold,KENYOTTA,Y,Yes,7/23/2026 4:08:25 PM,Pretrial,JONES,CCB,Physically in the jail,City-County Building,74,60,to 79,JR,10/5/2026 12:07:13 AM,10/5/2026 12:07:13 AM
https://www.danesheriff.com/Residents/Detail/474314,TAMPERING W IGNITION INTERLOCK,,1,Maple Bluff Police Department,10/2/20266:48 PM,Non Fed Resident Intransit,Misdemeanor,474314,"October 5, 2026 at 12:07 AM",Non-Hispanic,FEMALEHOUSING,FEMALEHOUSING,Black,Female,Non-Hispanic,33.0,10/2/2026,30s,628294.0,14 Resident Intransit,PRODAJAE,Y,No,10/2/2026 11:48:14 PM,Other in transit,HUNTLEY,PSB,Physically in the jail,Public Safety Building,3,0,to 19,Null,10/5/2026 12:07:13 AM,10/5/2026 12:07:13 AM
https://www.danesheriff.com/Residents/Detail/90096653,FALSE EMERGENCY 911 PHONE USE; BAIL JUMPING - FELONY; POSSESSION METHAMPHETAMINE; BAIL JUMPING - FELONY; BATTERY TO AN ELDER PERSON INTENTIONALLY CAUSE BODILY HARM; DISORDERLY CONDUCT,939.62(1)(A); 939.62(1)(A); 961.48(1)(B); ; 939.63(1)(B); 939.63(1)(A),7,Dane County Circuit Court; Madison Police Department,9/15/20265:10 PM,CO Pretrial,Felony,90096653,"October 5, 2026 at 12:07 AM",Non-Hispanic,7WEST,7WEST,Black,Male,Non-Hispanic,50.0,9/15/2026,50s,627694.0,03 CO Pretrial,DAVID,Y,No,9/15/2026 10:10:41 PM,Pretrial,ATKINSON,CCB,Physically in the jail,City-County Building,20,20,to 39,Null,10/5/2026 12:07:13 AM,10/5/2026 12:07:13 AM
https://www.danesheriff.com/Residents/Detail/577570,POS/LSD/PSILOCIN/AMPHETAMINE; RESISTING OR OBSTRUCTING; OPERATING WHILE INTOXICATED; PROBATION VIOLATION; BAIL JUMPING - FELONY; BAIL JUMPING - FELONY,; ; ; ; ; ,6,Dane County Sheriffs Office,7/5/20266:07 AM,Sentenced with Huber,Felony,577570,"October 5, 2026 at 12:07 AM",Non-Hispanic,CAMP,CAMP,Black,Male,Non-Hispanic,36.0,7/5/2026,30s,624918.0,08 Sentenced with Huber,ANTHONY,Y,No,7/5/2026 11:07:31 AM,Local sentence,BRYANT,DVRSN,CAMP,DVRSN,92,80,to 99,Null,10/5/2026 12:07:13 AM,10/5/2026 12:07:13 AM
https://www.danesheriff.com/Residents/Detail/353311,BAIL JUMPING - FELONY; OPERATING WHILE REVOKED; OPERATING WHILE INTOXICATED; OPERATE WITH PROHIBITED BAC; BAIL JUMPING - FELONY; BAIL JUMPING - FELONY; OPERATING WHILE INTOXICATED,; ; ; ; ; ; ,9,Madison Police Department,9/12/20261:32 PM,CO Pretrial/Hold,Felony,353311,"October 5, 2026 at 12:07 AM",Non-Hispanic,P4A,P4A,Black,Male,Non-Hispanic,68.0,9/12/2026,60s,627590.0,03H CO Pretrial/Hold,STEWART,Y,Yes,9/12/2026 6:32:00 PM,Pretrial,JACKSON,PSB,Physically in the jail,Public Safety Building,23,20,to 39,Null,10/5/2026 12:07:13 AM,10/5/2026 12:07:13 AM
https://www.danesheriff.com/Residents/Detail/805956,DISORDERLY CONDUCT; RESISTING OR OBSTRUCTING; THREAT TO CAUSE BODILY HARM TO CERTAIN INDIVIDUALS INV WITH A CRT LEGAL SYSTEM; BAIL JUMPING - FELONY; BAIL JUMPING - MISDEMEANOR; BATTERY; POSSESS DRUG PARAPHERNALIA; RESISTING OR OBSTRUCTING; THEFT; BAIL JUMPING - MISDEMEANOR; BATTERY TO CERTAIN INDIVIDUALS INVOLVED WITH A COURT OR LEGAL SYSTEM; RESISTING OR OBSTRUCTING; DISORDERLY CONDUCT; BAIL JUMPING - MISDEMEANOR,939.63(1)(A); ; ; ; ; ; ; ; ; ; ; ; ; ,17,Madison Police Department; Dane County Sheriffs Office,6/22/20261:43 PM,CO Pretrial,Felony,805956,"October 5, 2026 at 12:07 AM",Hispanic,FEMALEHOUSING,FEMALEHOUSING,Black,Female,Hispanic,26.0,6/22/2026,20s,624409.0,03 CO Pretrial,PAOLA,Y,No,6/22/2026 6:43:26 PM,Pretrial,GUTIERREZ,PSB,Physically in the jail,Public Safety Building,105,100,to 119,Null,10/5/2026 12:07:13 AM,10/5/2026 12:07:13 AM
https://www.danesheriff.com/Residents/Detail/93181011,BAIL JUMPING - FELONY; BAIL JUMPING - MISDEMEANOR; DISORDERLY CONDUCT; RESISTING OR OBSTRUCTING; BAIL JUMPING - MISDEMEANOR; BAIL JUMPING - MISDEMEANOR; RESISTING OR OBSTRUCTING; BAIL JUMPING - FELONY; DISCHG BODY FLUID PUBLIC WRKR; RESISTING OR OBSTRUCTING,939.62(1)(B); 939.62(1)(A); 939.62(1)(A); 939.62(1)(A); ; ; ; ; ; ,12,Dane County Circuit Court; Dane County Sheriffs Office; UW Madison Police Department,12/4/20259:16 PM,Prob Sentence/Work Release,Felony,93181011,"October 5, 2026 at 12:07 AM",Non-Hispanic,7WEST,7WEST,White,Male,Non-Hispanic,44.0,12/4/2025,40s,616919.0,09W Prob Sentence/Work Release,JOHN,Y,No,12/5/2025 3:16:36 AM,Local sentence,THOMAS,CCB,Physically in the jail,City-County Building,305,300+,,Null,10/5/2026 12:07:13 AM,10/5/2026 12:07:13 AM
https://www.danesheriff.com/Residents/Detail/724402,2ND-DEG RECKLESSLY ENDANG SAFE,939.62(1)(A),1,Rock Co Sheriff's Office,1/12/20269:10 AM,Prob Sentence/Work Release,Felony,724402,"October 5, 2026 at 12:07 AM",Non-Hispanic,CAMP,CAMP,White,Male,Non-Hispanic,22.0,1/12/2026,20s,618296.0,09W Prob Sentence/Work Release,YUSEF,Y,No,1/12/2026 3:10:42 PM,Local sentence,NOLLEY,DVRSN,CAMP,DVRSN,266,260,to 279,Null,10/5/2026 12:07:13 AM,10/5/2026 12:07:13 AM
https://www.danesheriff.com/Residents/Detail/318881,OPERATING WHILE INTOXICATED,346.65(2)(G)1,1,Walworth Co Sheriff's Office,9/29/20269:48 AM,Sentenced with Huber,Misdemeanor,318881,"October 5, 2026 at 12:07 AM",Non-Hispanic,CAMP,CAMP,White,Male,Non-Hispanic,51.0,9/29/2026,50s,628154.0,08 Sentenced with Huber,BRIAN,Y,No,9/29/2026 2:48:01 PM,Local sentence,FLEMING,DVRSN,CAMP,DVRSN,6,0,to 19,Null,10/5/2026 12:07:13 AM,10/5/2026 12:07:13 AM
https://www.danesheriff.com/Residents/Detail/89201253,PAROLE VIOLATION; RESISTING OR OBSTRUCTING,; ,2,Fitchburg Police Department,9/26/20265:01 AM,CO Prearr/Probation,Misdemeanor,89201253,"October 5, 2026 at 12:07 AM",Non-Hispanic,P4A,P4A,Black,Male,Non-Hispanic,41.0,9/26/2026,40s,628047.0,01P CO Prearr/Probation,VAN,Y,Yes,9/26/2026 10:01:06 AM,Pretrial,JACKSON,PSB,Physically in the jail,Public Safety Building,9,0,to 19,JR,10/5/2026 12:07:13 AM,10/5/2026 12:07:13 AM
https://www.danesheriff.com/Residents/Detail/90104946,CONTEMPT OF COURT PUN SANCTION,,1,Dane County Sheriffs Office,9/19/20261:21 AM,Sentenced with Huber,Misdemeanor,90104946,"October 5, 2026 at 12:07 AM",Non-Hispanic,P4K,P4K,Black,Male,Non-Hispanic,47.0,9/19/2026,40s,627822.0,08 Sentenced with Huber,KENNKEY,Y,No,9/19/2026 6:21:13 AM,Local sentence,TATUM,PSB,Physically in the jail,Public Safety Building,16,0,to 19,Null,10/5/2026 12:07:13 AM,10/5/2026 12:07:13 AM
https://www.danesheriff.com/Residents/Detail/601840,STALKING; UNLAWFUL USE OF TELEPHONE; UNLAWFUL USE OF COMPUTER COMM; PAROLE VIOLATION; UNLAWFUL USE OF COMPUTER COMM,; ; ; ; ,5,State Capitol Police Dept.,9/25/20261:32 PM,P/P Violation (Hold),Felony,601840,"October 5, 2026 at 12:07 AM",Non-Hispanic,P4A,P4A,White,Male,Non-Hispanic,65.0,9/25/2026,60s,628027.0,05 P/P Violation (Hold),ROBIN,Y,Yes,9/25/2026 6:32:32 PM,P/P hold,GRAINGER,PSB,Physically in the jail,Public Safety Building,10,0,to 19,Null,10/5/2026 12:07:13 AM,10/5/2026 12:07:13 AM
https://www.danesheriff.com/Residents/Detail/738530,DISORDERLY CONDUCT; RESISTING OR OBSTRUCTING; PROBATION VIOLATION,939.62(1)(A); 939.62(1)(A); ,3,Madison Police Department,3/20/20267:20 PM,P/P Violation (Hold),Misdemeanor,738530,"October 5, 2026 at 12:07 AM",Non-Hispanic,7WEST,7WEST,Black,Male,Non-Hispanic,34.0,3/20/2026,30s,620827.0,05 P/P Violation (Hold),KAMIRIO,Y,Yes,3/21/2026 12:20:37 AM,P/P hold,STERLING,CCB,Physically in the jail,City-County Building,199,180,to 199,Null,10/5/2026 12:07:13 AM,10/5/2026 12:07:13 AM
https://www.danesheriff.com/Residents/Detail/696123,BATTERY TO PUBLIC OFFICERS; DISORDERLY CONDUCT; RESISTING OR OBSTRUCTING,; ; ,3,Madison Police Department,10/2/20263:15 AM,CO Prearraignment,Misdemeanor,696123,"October 5, 2026 at 12:07 AM",Non-Hispanic,MALEDORM,MALEDORM,Black,Male,Non-Hispanic,34.0,10/2/2026,30s,628265.0,01 CO Prearraignment,DEVANTE,Y,No,10/2/2026 8:15:14 AM,Pretrial,SHAW,PSB,Physically in the jail,Public Safety Building,3,0,to 19,Null,10/5/2026 12:07:13 AM,10/5/2026 12:07:13 AM
https://www.danesheriff.com/Residents/Detail/660733,HOMICIDE INTOX USE VEHICLE; HOMICIDE BY USE OF VEHICLE W/; OPERATING WHILE REVOKED; OPERATING WHILE INTOXICATED; OPERATE WITH PROHIBITED BAC; TAMPERING W IGNITION INTERLOCK; IMMIGRATION; WRIT,; ; ; ; ; ; ; ,11,"Immigration/Naturalization, US; Dane County Sheriffs Office",8/15/20257:00 PM,Presentence Invest/Hold,Felony,660733,"October 5, 2026 at 12:07 AM",Hispanic,P3I,P3I,White,Female,Hispanic,31.0,8/15/2025,30s,612999.0,06H Presentence Invest/Hold,NOELIA,Y,Yes,8/16/2025 12:00:48 AM,Presentence Investigation,MARTINEZ AVILA,PSB,Physically in the jail,Public Safety Building,416,300+,,Null,10/5/2026 12:07:13 AM,10/5/2026 12:07:13 AM
https://www.danesheriff.com/Residents/Detail/75134,PAROLE VIOLATION,,1,Deforest Police Department,5/30/202612:29 AM,P/P Violation (Hold),Civil,75134,"October 5, 2026 at 12:07 AM",Non-Hispanic,6WEST,6WEST,Black,Male,Non-Hispanic,38.0,5/30/2026,30s,623508.0,05 P/P Violation (Hold),NORMAN,Y,Yes,5/30/2026 5:29:16 AM,P/P hold,WALKER,CCB,Physically in the jail,City-County Building,128,120,to 139,JR,10/5/2026 12:07:13 AM,10/5/2026 12:07:13 AM
https://www.danesheriff.com/Residents/Detail/366701,STALKING; DISORDERLY CONDUCT; UNLAWFUL USE OF COMPUTER COMM; MAKE A REPRODUCTION OF NUDE REPRESENTATION WITHOUT CONSENT; PROBATION VIOLATION; BATTERY BY PRISONERS; RESISTING OR OBSTRUCTING,973.055(1); 973.055(1); 973.055(1); 973.055(1); ; 939.62(1)(B); ,7,Madison Police Department; Dane County Sheriffs Office,5/31/20264:41 PM,CO Pretrial/Prob Hold,Felony,366701,"October 5, 2026 at 12:07 AM",Non-Hispanic,7WEST,7WEST,Black,Male,Non-Hispanic,27.0,5/31/2026,20s,623562.0,03P CO Pretrial/Prob Hold,LAJON,Y,Yes,5/31/2026 9:41:46 PM,Pretrial,CHISLOM,CCB,Physically in the jail,City-County Building,127,120,to 139,Null,10/5/2026 12:07:13 AM,10/5/2026 12:07:13 AM
https://www.danesheriff.com/Residents/Detail/569931,POSS OF FIREARM BY A FELON; 1ST-DEG RECKLESSLY ENDANG SAFE; 1ST DEG INTENTIONAL HOMICIDE,; 939.05; 939.05,3,Madison Police Department,11/16/20231:59 PM,CO Pretrial,Felony,569931,"October 5, 2026 at 12:07 AM",Non-Hispanic,P3E,P3E,Black,Male,Non-Hispanic,24.0,11/16/2023,20s,590230.0,03 CO Pretrial,MARK,Y,No,11/16/2023 7:59:53 PM,Pretrial,PARKS,PSB,Physically in the jail,Public Safety Building,"1,054",300+,,JR,10/5/2026 12:07:13 AM,10/5/2026 12:07:13 AM
https://www.danesheriff.com/Residents/Detail/623609,PAROLE VIOLATION; KNOWINGLY FLEE AN OFFICER; MANUF/DEL FENTANYL (<=10G); POSS W/INTENT FENTANYL; POSS W/INTENT COCAINE; POSS OF FIREARM BY A FELON; FEDERAL OFFENSE,; ; ; ; ; ; ,7,"Madison Police Department; Dane County Sheriffs Office; Federal Court, U S",7/29/202512:36 PM,P/P Viol/Outside Hold,Felony,623609,"October 5, 2026 at 12:07 AM",Non-Hispanic,6EAST,6EAST,Black,Male,Non-Hispanic,24.0,7/29/2025,20s,612353.0,05H P/P Viol/Outside Hold,MARCUS,Y,Yes,7/29/2025 5:36:41 PM,P/P hold,BRINKLEY,CCB,Physically in the jail,City-County Building,433,300+,,Null,10/5/2026 12:07:13 AM,10/5/2026 12:07:13 AM
https://www.danesheriff.com/Residents/Detail/208662,OPERATING WHILE INTOXICATED; PROBATION VIOLATION; OPERATING WHILE REVOKED; TAMPERING W IGNITION INTERLOCK,; ; ; ,4,Madison Police Department,8/17/20261:37 AM,P/P Violation (Hold),Misdemeanor,208662,"October 5, 2026 at 12:07 AM",Non-Hispanic,P3I,P3I,White,Female,Non-Hispanic,35.0,8/17/2026,30s,626568.0,05 P/P Violation (Hold),EMILY,Y,Yes,8/17/2026 6:37:32 AM,P/P hold,DERRA,PSB,Physically in the jail,Public Safety Building,49,40,to 59,Null,10/5/2026 12:07:13 AM,10/5/2026 12:07:13 AM
https://www.danesheriff.com/Residents/Detail/96101400,PROBATION VIOLATION; DISORDERLY CONDUCT; CARRYING A CONCEALED KNIFE; EXTENDED SUPERVISION SANCTIONS,; 939.62(1)(A); 939.62(1)(A); ,4,Dane County Sheriffs Office,9/22/20263:27 PM,CO Pretrial,Misdemeanor,96101400,"October 5, 2026 at 12:07 AM",Non-Hispanic,6EAST,6EAST,Black,Male,Non-Hispanic,41.0,9/22/2026,40s,627930.0,03 CO Pretrial,ZAHMALL,Y,No,9/22/2026 8:27:03 PM,Pretrial,DAVIS,CCB,Physically in the jail,City-County Building,13,0,to 19,Null,10/5/2026 12:07:13 AM,10/5/2026 12:07:13 AM
https://www.danesheriff.com/Residents/Detail/509424,DISORDERLY CONDUCT; RESISTING OR OBSTRUCTING; PROBATION VIOLATION; EXTENDED SUPERVISION SANCTIONS,939.62(1)(A); 939.62(1)(A); ; ,5,Monona Police Department,9/15/20261:18 AM,E.S. Sanct w/out work release,Misdemeanor,509424,"October 5, 2026 at 12:07 AM",Non-Hispanic,6EAST,6EAST,White,Male,Non-Hispanic,38.0,9/15/2026,30s,627673.0,22 E.S. Sanct w/out wrk release,CORY,Y,No,9/15/2026 6:18:24 AM,Extended supervision,WEBB,CCB,Physically in the jail,City-County Building,20,20,to 39,Null,10/5/2026 12:07:13 AM,10/5/2026 12:07:13 AM
https://www.danesheriff.com/Residents/Detail/523461,EXTRADITION; THEFT; BAIL JUMPING - FELONY,; 939.05; ,3,Madison Police Department,12/21/202510:10 AM,Presentence Invest/Hold,Felony,523461,"October 5, 2026 at 12:07 AM",Non-Hispanic,6WEST,6WEST,Black,Male,Non-Hispanic,27.0,12/21/2025,20s,617521.0,06H Presentence Invest/Hold,TERRANCE,Y,Yes,12/21/2025 4:10:55 PM,Presentence Investigation,BAKER,CCB,Physically in the jail,City-County Building,288,280,to 299,Null,10/5/2026 12:07:13 AM,10/5/2026 12:07:13 AM
https://www.danesheriff.com/Residents/Detail/77743,RESISTING OR OBSTRUCTING; PROBATION VIOLATION; EXTENDED SUPERVISION SANCTIONS,; ; ,3,Madison Police Department,8/4/202612:21 AM,E.S. Sanct w/out work release,Misdemeanor,77743,"October 5, 2026 at 12:07 AM",Non-Hispanic,P3I,P3I,White,Female,Non-Hispanic,40.0,8/4/2026,40s,626041.0,22 E.S. Sanct w/out wrk release,OLIVIA,Y,No,8/4/2026 5:21:39 AM,Extended supervision,JOHNSON,PSB,Physically in the jail,Public Safety Building,62,60,to 79,Null,10/5/2026 12:07:13 AM,10/5/2026 12:07:13 AM
https://www.danesheriff.com/Residents/Detail/91140865,DISORDERLY CONDUCT; BATTERY; INTIMIDATE VICTIM/DOMESTIC ABUSE CRMIE; FALSE IMPRISONMENT; 2ND-DEG RECKLESSLY ENDANG SAFE; PROBATION VIOLATION; VIO DOMESTIC ABUSE INJUNCTION; BAIL JUMPING - MISDEMEANOR; BAIL JUMPING - MISDEMEANOR; INTIM VICTIM DISSUADE REPORTIN; DOM ABUSE CONTACT PROV VIOL; VIO DOMESTIC ABUSE INJUNCTION,973.055(1); 973.055(1); 973.055(1); 973.055(1); 973.055(1); ; ; 973.055(1); 973.055(1); 973.055(1); ; ,12,Madison Police Department,8/25/202610:01 PM,CO Pretrial,Felony,91140865,"October 5, 2026 at 12:07 AM",Non-Hispanic,P4A,P4A,White,Male,Non-Hispanic,45.0,8/25/2026,40s,626906.0,03 CO Pretrial,JAMES,Y,No,8/26/2026 3:01:10 AM,Pretrial,MOE,PSB,Physically in the jail,Public Safety Building,41,40,to 59,Null,10/5/2026 12:07:13 AM,10/5/2026 12:07:13 AM
https://www.danesheriff.com/Residents/Detail/624326,PROBATION VIOLATION,,1,Dane County Sheriffs Office,10/1/202612:53 PM,P/P Violation (Hold),Civil,624326,"October 5, 2026 at 12:07 AM",Non-Hispanic,MALEDORM,MALEDORM,White,Male,Non-Hispanic,28.0,10/1/2026,20s,628234.0,05 P/P Violation (Hold),JERALD,Y,Yes,10/1/2026 5:53:32 PM,P/P hold,SERSCH,PSB,Physically in the jail,Public Safety Building,4,0,to 19,Null,10/5/2026 12:07:13 AM,10/5/2026 12:07:13 AM
https://www.danesheriff.com/Residents/Detail/544918,OPERATING WHILE INTOXICATED,,1,Dane County Sheriffs Office,9/7/202611:19 PM,Sentenced with Huber,Misdemeanor,544918,"October 5, 2026 at 12:07 AM",Non-Hispanic,6WEST,6WEST,Black,Male,Non-Hispanic,28.0,9/7/2026,20s,627430.0,08 Sentenced with Huber,PIERRE,Y,No,9/8/2026 4:19:54 AM,Local sentence,RUFFIN,CCB,Physically in the jail,City-County Building,28,20,to 39,Null,10/5/2026 12:07:13 AM,10/5/2026 12:07:13 AM
https://www.danesheriff.com/Residents/Detail/615777,KNOWINGLY FLEE AN OFFICER,,1,Dane County Sheriffs Office,10/4/20267:03 AM,CO Prearraignment,Felony,615777,"October 5, 2026 at 12:07 AM",Non-Hispanic,MALEDORM,MALEDORM,Black,Male,Non-Hispanic,25.0,10/4/2026,20s,628336.0,01 CO Prearraignment,ABDIRAHMAN,Y,No,10/4/2026 12:03:56 PM,Pretrial,ABDULLAHI,PSB,Physically in the jail,Public Safety Building,1,0,to 19,Null,10/5/2026 12:07:13 AM,10/5/2026 12:07:13 AM
https://www.danesheriff.com/Residents/Detail/826677,1ST DEG INTENTIONAL HOMICIDE,939.32,1,Madison Police Department,9/17/202611:51 AM,CO Pretrial,Felony,826677,"October 5, 2026 at 12:07 AM",Non-Hispanic,7WEST,7WEST,Black,Male,Non-Hispanic,21.0,9/17/2026,20s,627764.0,03 CO Pretrial,JAYVION,Y,No,9/17/2026 4:51:59 PM,Pretrial,WASHINGTON,CCB,Physically in the jail,City-County Building,18,0,to 19,Null,10/5/2026 12:07:13 AM,10/5/2026 12:07:13 AM
https://www.danesheriff.com/Residents/Detail/831593,BATTERY TO AN ELDER PERSON INTENTIONALLY CAUSE BODILY HARM; DISORDERLY CONDUCT,973.055(1); 973.055(1),2,Stoughton Police Department,10/4/20269:11 PM,CO Prearraignment,Misdemeanor,831593,"October 5, 2026 at 12:07 AM",Non-Hispanic,BOOKING,BOOKING,White,Female,Non-Hispanic,70.0,10/4/2026,70s,628346.0,01 CO Prearraignment,SUSAN,Y,No,10/5/2026 2:11:34 AM,Pretrial,PETERSON,PSB,Physically in the jail,Public Safety Building,1,0,to 19,Null,10/5/2026 12:07:13 AM,10/5/2026 12:07:13 AM
https://www.danesheriff.com/Residents/Detail/554610,DISORDERLY CONDUCT; BAIL JUMPING - MISDEMEANOR; DISORDERLY CONDUCT; THEFT; DISORDERLY CONDUCT; RESISTING OR OBSTRUCTING,; ; ; ; ; ,10,Madison Police Department,9/8/20263:20 PM,CO Pretrial,Misdemeanor,554610,"October 5, 2026 at 12:07 AM",Non-Hispanic,6WEST,6WEST,Black,Female,Non-Hispanic,28.0,9/8/2026,20s,627458.0,03 CO Pretrial,MELANIE,Y,No,9/8/2026 8:20:45 PM,Pretrial,MABIRIZI,CCB,Physically in the jail,City-County Building,27,20,to 39,Null,10/5/2026 12:07:13 AM,10/5/2026 12:07:13 AM
https://www.danesheriff.com/Residents/Detail/29039,OPERATING WHILE INTOXICATED; OPERATING WHILE REVOKED; OPERATE AFTER REVOCATION; OPERATE AFTER REVOCATION; OPERATE AFTER REVOCATION,; ; ; ; ,5,Madison Police Department,1/14/20012:50 AM,Sentenced with Huber,Misdemeanor,29039,,,,,,,,,,,,,,,,,,,,,,,,,,,
https://www.danesheriff.com/Residents/Detail/433575,PROBATION VIOLATION; CRIMINAL DAMAGE TO PROPERTY; DISORDERLY CONDUCT; DISORDERLY CONDUCT; BATTERY,; ; ; 973.055(1); 973.055(1),5,Madison Police Department; Probation and Parole,5/21/20265:45 PM,Sentenced with Huber,Misdemeanor,433575,"October 5, 2026 at 12:07 AM",Hispanic,CAMP,CAMP,White,Male,Hispanic,22.0,5/21/2026,20s,623184.0,08 Sentenced with Huber,ULISES,Y,No,5/21/2026 10:45:52 PM,Local sentence,HERNANDEZ CHAIREZ,DVRSN,CAMP,DVRSN,137,120,to 139,Null,10/5/2026 12:07:13 AM,10/5/2026 12:07:13 AM
https://www.danesheriff.com/Residents/Detail/89563,BAIL JUMPING - FELONY; BAIL JUMPING - MISDEMEANOR; DISORDERLY CONDUCT; POSSESS DRUG PARAPHERNALIA; POSSESSION METHAMPHETAMINE; POSSESS DRUG PARAPHERNALIA; BAIL JUMPING - MISDEMEANOR; DISORDERLY CONDUCT; POSSESS DRUG PARAPHERNALIA; BAIL JUMPING - MISDEMEANOR; DISORDERLY CONDUCT; BAIL JUMPING - MISDEMEANOR; THEFT,; ; 939.645; ; ; ; ; ; ; ; ; ; ,19,Dane County Sheriffs Office,6/26/20265:08 PM,CO Pretrial,Felony,89563,"October 5, 2026 at 12:07 AM",Non-Hispanic,7WEST,7WEST,Black,Male,Non-Hispanic,54.0,6/26/2026,50s,624582.0,03 CO Pretrial,CHARLES,Y,No,6/26/2026 10:08:38 PM,Pretrial,STOVALL,CCB,Physically in the jail,City-County Building,101,100,to 119,Null,10/5/2026 12:07:13 AM,10/5/2026 12:07:13 AM
https://www.danesheriff.com/Residents/Detail/812852,FALSE IMPRISONMENT; DISORDERLY CONDUCT; CRIMINAL DAMAGE TO PROPERTY; UNLAWFUL USE OF TELEPHONE; INTIMIDATE VICTIM/DOMESTIC ABUSE CRMIE; STALKING; CRIMINAL DAMAGE TO PROPERTY; DOM ABUSE CONTACT PROV VIOL; BAIL JUMPING - FELONY; VIOL ORDER CONTEMPT OF COURT; CONTEMPT OF COURT DISOBEY ORDR,973.055(1); 973.055(1); 973.055(1); 973.055(1); 973.055(1); 973.055(1); 973.055(1); ; ; ; ,12,Madison Police Department; Dane County Sheriffs Office,12/27/20252:26 PM,CO Pretrial,Felony,812852,"October 5, 2026 at 12:07 AM",Non-Hispanic,6WEST,6WEST,Black,Male,Non-Hispanic,39.0,12/27/2025,30s,617752.0,03 CO Pretrial,JOHN,Y,No,12/27/2025 8:26:17 PM,Pretrial,EVANS,CCB,Physically in the jail,City-County Building,282,280,to 299,Null,10/5/2026 12:07:13 AM,10/5/2026 12:07:13 AM
https://www.danesheriff.com/Residents/Detail/526220,POSSESS W/INT DEL THC <200 GMS,,1,Sun Prairie Police Department,10/1/202610:51 PM,CO Prearraignment,Felony,526220,"October 5, 2026 at 12:07 AM",Non-Hispanic,P3C,P3C,Black,Male,Non-Hispanic,25.0,10/1/2026,20s,628256.0,01 CO Prearraignment,DEMETRIUS,Y,No,10/2/2026 3:51:00 AM,Pretrial,MURRY,PSB,Physically in the jail,Public Safety Building,4,0,to 19,JR,10/5/2026 12:07:13 AM,10/5/2026 12:07:13 AM
https://www.danesheriff.com/Residents/Detail/566447,RETAIL THEFT INTENT TAKE; RETAIL THEFT INTENT TAKE; DISORDERLY CONDUCT; BAIL JUMPING - MISDEMEANOR; BAIL JUMPING - FELONY; RESISTING OR OBSTRUCTING; RETAIL THEFT INTENT TAKE; RETAIL THEFT INTENT TAKE; BAIL JUMPING - MISDEMEANOR; BAIL JUMPING - FELONY,939.62(1)(B); 939.62(1)(A); 939.62(1)(A); 939.62(1)(A); 939.62(1)(B); 939.62(1)(A); ; ; ; ,27,Verona Police Department; Madison Police Department,9/3/20263:05 PM,CO Pretrial,Felony,566447,"October 5, 2026 at 12:07 AM",Non-Hispanic,P3A,P3A,White,Male,Non-Hispanic,29.0,9/3/2026,20s,627264.0,03 CO Pretrial,MALIK,Y,No,9/3/2026 8:05:45 PM,Pretrial,NOYES,PSB,Physically in the jail,Public Safety Building,32,20,to 39,Null,10/5/2026 12:07:13 AM,10/5/2026 12:07:13 AM
https://www.danesheriff.com/Residents/Detail/278465,PROBATION VIOLATION; OPERATING WHILE REVOKED; OPERATING WHILE REVOKED; OPERATING WHILE INTOXICATED,; ; ; ,4,Probation and Parole,8/20/20263:53 PM,Sentenced with Huber,Misdemeanor,278465,"October 5, 2026 at 12:07 AM",Non-Hispanic,CAMP,CAMP,Black,Male,Non-Hispanic,31.0,8/20/2026,30s,626711.0,08 Sentenced with Huber,TYRICE,Y,No,8/20/2026 8:53:35 PM,Local sentence,SOMERSETT,DVRSN,CAMP,DVRSN,46,40,to 59,Null,10/5/2026 12:07:13 AM,10/5/2026 12:07:13 AM
https://www.danesheriff.com/Residents/Detail/90130292,OPERATING WHILE INTOXICATED; BAIL JUMPING - FELONY,; ,2,Deforest Police Department; Rock Co Sheriff's Office,9/4/202610:45 AM,Sentenced with Huber,Felony,90130292,"October 5, 2026 at 12:07 AM",Non-Hispanic,P4C,P4C,White,Male,Non-Hispanic,43.0,9/4/2026,40s,627293.0,21 Sentenced/Outside Hold,JUSTIN,Y,Yes,9/4/2026 3:45:34 PM,Local sentence,DROGSVOLD,PSB,Physically in the jail,Public Safety Building,31,20,to 39,Null,10/5/2026 12:07:13 AM,10/5/2026 12:07:13 AM
https://www.danesheriff.com/Residents/Detail/445386,RESISTING OR OBSTRUCTING; PROBATION VIOLATION,; ,2,Madison Police Department,9/2/20261:48 AM,P/P Violation (Hold),Misdemeanor,445386,"October 5, 2026 at 12:07 AM",Hispanic,P4K,P4K,White,Male,Hispanic,31.0,9/2/2026,30s,627193.0,05 P/P Violation (Hold),ALEQUE,Y,Yes,9/2/2026 6:48:14 AM,P/P hold,GUERRA,PSB,Physically in the jail,Public Safety Building,33,20,to 39,Null,10/5/2026 12:07:13 AM,10/5/2026 12:07:13 AM
https://www.danesheriff.com/Residents/Detail/657492,PAROLE VIOLATION,,1,UW Madison Police Department,8/12/20266:40 PM,P/P Violation (Hold),Civil,657492,"October 5, 2026 at 12:07 AM",Non-Hispanic,P3A,P3A,Black,Male,Non-Hispanic,39.0,8/12/2026,30s,626413.0,05 P/P Violation (Hold),LEVELL,Y,Yes,8/12/2026 11:40:26 PM,P/P hold,GATEWOOD,PSB,Physically in the jail,Public Safety Building,54,40,to 59,Null,10/5/2026 12:07:13 AM,10/5/2026 12:07:13 AM
https://www.danesheriff.com/Residents/Detail/803927,2ND DEG RECKLESS INJURY,,1,Dane County Circuit Court,8/25/20268:01 AM,Prob Sentence/Work Release,Unknown,803927,"October 5, 2026 at 12:07 AM",Non-Hispanic,CAMP,CAMP,Black,Male,Non-Hispanic,26.0,8/25/2026,20s,626881.0,09W Prob Sentence/Work Release,CAIDEN,Y,No,8/25/2026 1:01:20 PM,Local sentence,GRAY,DVRSN,CAMP,DVRSN,41,40,to 59,Null,10/5/2026 12:07:13 AM,10/5/2026 12:07:13 AM
https://www.danesheriff.com/Residents/Detail/156461,PROBATION VIOLATION; BAIL JUMPING - MISDEMEANOR; OPERATING WHILE INTOXICATED,; ; ,3,Dane County Sheriffs Office,7/30/20265:45 PM,Sentenced with Huber,Misdemeanor,156461,"October 5, 2026 at 12:07 AM",Non-Hispanic,6WEST,6WEST,White,Female,Non-Hispanic,36.0,7/30/2026,30s,625869.0,08 Sentenced with Huber,KIRSTIE,Y,No,7/30/2026 10:45:06 PM,Local sentence,HANSON,CCB,Physically in the jail,City-County Building,67,60,to 79,Null,10/5/2026 12:07:13 AM,10/5/2026 12:07:13 AM
https://www.danesheriff.com/Residents/Detail/776830,PROBATION VIOLATION; POSSESS W/INT DEL THC <200 GMS; POS W/INT DEL COCAINE 40-100GM,; 939.05; ,3,Madison Police Department,6/13/20269:08 PM,Sentenced with Huber,Felony,776830,"October 5, 2026 at 12:07 AM",Non-Hispanic,CAMP,CAMP,Black,Male,Non-Hispanic,31.0,6/13/2026,30s,624119.0,08 Sentenced with Huber,EDWARD,Y,No,6/14/2026 2:08:32 AM,Local sentence,GILBERT,DVRSN,CAMP,DVRSN,114,100,to 119,Null,10/5/2026 12:07:13 AM,10/5/2026 12:07:13 AM
https://www.danesheriff.com/Residents/Detail/639727,KNOWINGLY FLEE AN OFFICER; PROBATION VIOLATION; HIT AND RUN,; ; ,3,Verona Police Department,6/19/20263:24 PM,Presentence Invest,Felony,639727,"October 5, 2026 at 12:07 AM",Non-Hispanic,P3E,P3E,Black,Male,Non-Hispanic,23.0,6/19/2026,20s,624325.0,06 Presentence Invest,CALEB,Y,No,6/19/2026 8:24:44 PM,Presentence Investigation,CASO,PSB,Physically in the jail,Public Safety Building,108,100,to 119,Null,10/5/2026 12:07:13 AM,10/5/2026 12:07:13 AM
https://www.danesheriff.com/Residents/Detail/538288,OPERATE MV WITHOUT CONSENT; BAIL JUMPING - FELONY; POSSESS NARCOTIC/ANALOG,; ; 961.48(1)(B),3,Madison Police Department,9/25/20263:16 PM,CO Pretrial,Felony,538288,"October 5, 2026 at 12:07 AM",Non-Hispanic,P3G,P3G,White,Female,Non-Hispanic,29.0,9/25/2026,20s,628031.0,03 CO Pretrial,HAYLE,Y,No,9/25/2026 8:16:36 PM,Pretrial,VAGEDES,PSB,Physically in the jail,Public Safety Building,10,0,to 19,Null,10/5/2026 12:07:13 AM,10/5/2026 12:07:13 AM
https://www.danesheriff.com/Residents/Detail/425037,BATTERY; DISORDERLY CONDUCT; STRANGULATION; PROBATION VIOLATION,; ; ; ,4,Madison Police Department,8/2/20265:02 AM,P/P Violation (Hold),Felony,425037,"October 5, 2026 at 12:07 AM",Non-Hispanic,6WEST,6WEST,Black,Male,Non-Hispanic,30.0,8/2/2026,30s,625975.0,05 P/P Violation (Hold),DERRICK,Y,Yes,8/2/2026 10:02:04 AM,P/P hold,BOWMAN,CCB,Physically in the jail,City-County Building,64,60,to 79,Null,10/5/2026 12:07:13 AM,10/5/2026 12:07:13 AM
https://www.danesheriff.com/Residents/Detail/752136,PROBATION VIOLATION; POS W/INT DEL COCAINE 5-15 GMS; RESISTING OR OBSTRUCTING; POSSESS DRUG PARAPHERNALIA; OPERATING WHILE REVOKED; TAMPERING W IGNITION INTERLOCK,; 939.62(1)(B); 939.62(1)(A); ; ; ,6,Fitchburg Police Department; Cottage Grove Police Dept.,6/17/202612:06 AM,CO Pretrial/Prob Hold,Felony,752136,"October 5, 2026 at 12:07 AM",Non-Hispanic,6WEST,6WEST,Black,Male,Non-Hispanic,21.0,6/17/2026,20s,624232.0,03P CO Pretrial/Prob Hold,DAVEION,Y,Yes,6/17/2026 5:06:43 AM,Pretrial,TATE,CCB,Physically in the jail,City-County Building,110,100,to 119,Null,10/5/2026 12:07:13 AM,10/5/2026 12:07:13 AM
https://www.danesheriff.com/Residents/Detail/550643,POSSESS NARCOTIC/ANALOG; PAROLE VIOLATION,961.48(1)(B); ,2,Madison Police Department,7/4/20269:57 AM,CO Pretrial/Prob Hold,Felony,550643,"October 5, 2026 at 12:07 AM",Non-Hispanic,P4K,P4K,Black,Male,Non-Hispanic,25.0,7/4/2026,20s,624883.0,03P CO Pretrial/Prob Hold,DONOVAN,Y,Yes,7/4/2026 2:57:24 PM,Pretrial,MOORE,PSB,Physically in the jail,Public Safety Building,93,80,to 99,Null,10/5/2026 12:07:13 AM,10/5/2026 12:07:13 AM
https://www.danesheriff.com/Residents/Detail/132425,CONTEMPT OF COURT,,1,Dane County Sheriffs Office,9/30/202612:29 PM,Sentenced with Huber,Misdemeanor,132425,"October 5, 2026 at 12:07 AM",Non-Hispanic,P3G,P3G,White,Female,Non-Hispanic,42.0,9/30/2026,40s,628194.0,08 Sentenced with Huber,RHEA,Y,No,9/30/2026 5:29:44 PM,Local sentence,JENSEN,PSB,Physically in the jail,Public Safety Building,5,0,to 19,Null,10/5/2026 12:07:13 AM,10/5/2026 12:07:13 AM
https://www.danesheriff.com/Residents/Detail/91144103,OPERATING WHILE INTOXICATED,,1,Dane County Sheriffs Office,8/20/202610:59 AM,Sentenced Huber Revoked,Misdemeanor,91144103,"October 5, 2026 at 12:07 AM",Non-Hispanic,P3G,P3G,White,Female,Non-Hispanic,46.0,8/20/2026,40s,626700.0,08V Sentenced Huber Revoked,CASEY,Y,No,8/20/2026 3:59:40 PM,Local sentence,CLARK,PSB,Physically in the jail,Public Safety Building,46,40,to 59,Null,10/5/2026 12:07:13 AM,10/5/2026 12:07:13 AM
https://www.danesheriff.com/Residents/Detail/277451,OPERATING WHILE INTOXICATED; BAIL JUMPING - FELONY; BAIL JUMPING - FELONY; OPERATING WHILE REVOKED,; ; ; ,4,Dane County Sheriffs Office,8/17/202610:33 PM,CO Pretrial,Felony,277451,"October 5, 2026 at 12:07 AM",Hispanic,P3K,P3K,White,Male,Hispanic,49.0,8/17/2026,40s,626618.0,03 CO Pretrial,MESAC,Y,No,8/18/2026 3:33:54 AM,Pretrial,NAVARRO GOMEZ,PSB,Physically in the jail,Public Safety Building,49,40,to 59,Null,10/5/2026 12:07:13 AM,10/5/2026 12:07:13 AM
https://www.danesheriff.com/Residents/Detail/704877,POSTS OR PUBLISH PRIVATE REPRESENTATION WITHOUT CONSENT,,1,Dane County Circuit Court,7/27/20261:34 PM,Sentenced with Huber,Misdemeanor,704877,,,,,,,,,,,,,,,,,,,,,,,,,,,
https://www.danesheriff.com/Residents/Detail/96100800,DISORDERLY CONDUCT; BATTERY; STRANGULATION; POSS OF FIREARM BY A FELON; 2ND-DEG RECKLESSLY ENDANG SAFE; DISORDERLY CONDUCT; DISORDERLY CONDUCT; FEDERAL OFFENSE,973.055(1); 973.055(1); 973.055(1); 939.62(1)(B); 973.055(1); 973.055(1); 939.62(1)(A); ,8,US Marshal Service; Madison Police Department,4/19/20265:37 AM,CO Pretrial/Hold,Felony,96100800,"October 5, 2026 at 12:07 AM",Non-Hispanic,P4E,P4E,Black,Male,Non-Hispanic,42.0,4/19/2026,40s,621936.0,03H CO Pretrial/Hold,REGGIE,Y,Yes,4/19/2026 10:37:21 AM,Pretrial,GOLDEN,PSB,Physically in the jail,Public Safety Building,169,160,to 179,SR,10/5/2026 12:07:13 AM,10/5/2026 12:07:13 AM
https://www.danesheriff.com/Residents/Detail/753880,STRANGULATION; BATTERY; CRIMINAL DAMAGE TO PROPERTY; DISORDERLY CONDUCT,973.055(1); 973.055(1); 973.055(1); 973.055(1),4,Monona Police Department,9/24/202612:24 PM,CO Pretrial,Felony,753880,"October 5, 2026 at 12:07 AM",Non-Hispanic,P4I,P4I,Black,Male,Non-Hispanic,27.0,9/24/2026,20s,627994.0,03 CO Pretrial,LATRELL,Y,No,9/24/2026 5:24:21 PM,Pretrial,CHARLIE,PSB,Physically in the jail,Public Safety Building,11,0,to 19,Null,10/5/2026 12:07:13 AM,10/5/2026 12:07:13 AM
https://www.danesheriff.com/Residents/Detail/296271,1ST DEG INTENTIONAL HOMICIDE; EXTRADITION,939.05; ,2,Madison Police Department; Dane County Sheriffs Office,11/20/20254:16 PM,CO Pretrial/Hold,Felony,296271,"October 5, 2026 at 12:07 AM",Non-Hispanic,6EAST,6EAST,Black,Male,Non-Hispanic,34.0,11/20/2025,30s,616471.0,03H CO Pretrial/Hold,JUSTIN,Y,Yes,11/20/2025 10:16:55 PM,Pretrial,SHARLOW,CCB,Physically in the jail,City-County Building,319,300+,,Null,10/5/2026 12:07:13 AM,10/5/2026 12:07:13 AM
https://www.danesheriff.com/Residents/Detail/753223,FALSE INFO ON KIDNAPPING; 1ST DEG INTENTIONAL HOMICIDE; HIDING A CORPSE; IMMIGRATION,; ; ; ,4,"Sun Prairie Police Department; Immigration/Naturalization, US",1/14/20253:23 AM,CO Pretrial,Felony,753223,"October 5, 2026 at 12:07 AM",Hispanic,P4G,P4G,White,Male,Hispanic,25.0,1/14/2025,20s,605146.0,03 CO Pretrial,GERSON,Y,No,1/14/2025 9:23:57 AM,Pretrial,BLAS NOE,PSB,Physically in the jail,Public Safety Building,629,300+,,Null,10/5/2026 12:07:13 AM,10/5/2026 12:07:13 AM
https://www.danesheriff.com/Residents/Detail/480441,BAIL JUMPING - MISDEMEANOR,,1,Madison Police Department,10/3/20267:38 PM,CO Prearraignment,Misdemeanor,480441,"October 5, 2026 at 12:07 AM",Non-Hispanic,P3C,P3C,Black,Male,Non-Hispanic,27.0,10/3/2026,20s,628316.0,01 CO Prearraignment,CAMERON,Y,No,10/4/2026 12:38:13 AM,Pretrial,DUPATY,PSB,Physically in the jail,Public Safety Building,2,0,to 19,Null,10/5/2026 12:07:13 AM,10/5/2026 12:07:13 AM
https://www.danesheriff.com/Residents/Detail/51974,DISORDERLY CONDUCT; CAUSING MENTAL HARM TO A CHILD; CRIMINAL DAMAGE TO PROPERTY; DISORDERLY CONDUCT,; ; ; ,4,Dane County Sheriffs Office,9/17/20263:54 PM,State Resident Intransit,Felony,51974,"October 5, 2026 at 12:07 AM",Non-Hispanic,P3K,P3K,Black,Male,Non-Hispanic,33.0,9/17/2026,30s,627775.0,13 State Resident Intransit,DEMONTAY,Y,No,9/17/2026 8:54:14 PM,State resident,TIBBS,PSB,Physically in the jail,Public Safety Building,18,0,to 19,Null,10/5/2026 12:07:13 AM,10/5/2026 12:07:13 AM
https://www.danesheriff.com/Residents/Detail/295861,DISORDERLY CONDUCT; BAIL JUMPING - MISDEMEANOR; DISORDERLY CONDUCT; BATTERY TO HEALTH CARE PROVIDER OR FAMILY; DISORDERLY CONDUCT; BAIL JUMPING - MISDEMEANOR; DISORDERLY CONDUCT; BATTERY; BAIL JUMPING - MISDEMEANOR,; ; ; ; ; ; 973.055(1); 973.055(1); ,10,Madison Police Department; UW Madison Police Department,8/6/20262:16 AM,CO Pretrial,Misdemeanor,295861,"October 5, 2026 at 12:07 AM",Non-Hispanic,MALESEG,MALESEG,White,Male,Non-Hispanic,75.0,8/6/2026,70s,626133.0,03 CO Pretrial,HARAN,Y,No,8/6/2026 7:16:02 AM,Pretrial,WHITE,PSB,Physically in the jail,Public Safety Building,60,60,to 79,Null,10/5/2026 12:07:13 AM,10/5/2026 12:07:13 AM
https://www.danesheriff.com/Residents/Detail/473892,OPERATING WHILE INTOXICATED; PAROLE VIOLATION; OPERATE WITH PROHIBITED BAC; OPERATING WHILE REVOKED; TAMPERING W IGNITION INTERLOCK; MFC DELIVER COCAINE 1-5 GMS; ROBBERY WITH USE OF FORCE; SUBSTANTIAL BATTERY,; ; ; ; ; ; ; ,8,Oregon Police Department; Madison Police Department; Dane County Sheriffs Office,1/15/20262:57 AM,State Resident Intransit,Felony,473892,"October 5, 2026 at 12:07 AM",Non-Hispanic,P4A,P4A,Black,Male,Non-Hispanic,31.0,1/15/2026,30s,618407.0,13 State Resident Intransit,TONY,Y,No,1/15/2026 8:57:51 AM,State resident,LONG,PSB,Physically in the jail,Public Safety Building,263,260,to 279,Null,10/5/2026 12:07:13 AM,10/5/2026 12:07:13 AM
https://www.danesheriff.com/Residents/Detail/779161,RESISTING OR OBSTRUCTING; BATTERY TO CERTAIN INDIVIDUALS INVOLVED WITH A COURT OR LEGAL SYSTEM; PROBATION VIOLATION; BAIL JUMPING - FELONY; BATTERY BY PRISONERS,939.62(1)(A); 939.62(1)(B); ; 939.62(1)(B); ,6,Sun Prairie Police Department; Dane County Sheriffs Office,6/6/20261:47 AM,CO Pretrial/Prob Hold,Felony,779161,"October 5, 2026 at 12:07 AM",Non-Hispanic,6EAST,6EAST,Black,Male,Non-Hispanic,29.0,6/6/2026,20s,623813.0,03P CO Pretrial/Prob Hold,RHODAINE,Y,Yes,6/6/2026 6:47:04 AM,Pretrial,MATTHEWS,CCB,Physically in the jail,City-County Building,121,120,to 139,Null,10/5/2026 12:07:13 AM,10/5/2026 12:07:13 AM
https://www.danesheriff.com/Residents/Detail/791095,OPERATING WHILE REVOKED; OPERATING WHILE INTOXICATED; PROBATION VIOLATION; TAMPERING W IGNITION INTERLOCK,; ; ; ,4,Dane County Sheriffs Office,8/27/202610:22 PM,CO Pretrial/Prob Hold,Misdemeanor,791095,"October 5, 2026 at 12:07 AM",Non-Hispanic,P3G,P3G,White,Female,Non-Hispanic,45.0,8/27/2026,40s,626976.0,03P CO Pretrial/Prob Hold,KELLY,Y,Yes,8/28/2026 3:22:30 AM,Pretrial,FRITSCH,PSB,Physically in the jail,Public Safety Building,39,20,to 39,Null,10/5/2026 12:07:13 AM,10/5/2026 12:07:13 AM
https://www.danesheriff.com/Residents/Detail/756390,DISORDERLY CONDUCT; RESISTING OR OBSTRUCTING,; ,2,Sun Prairie Police Department,10/1/20267:27 PM,CO Prearraignment,Misdemeanor,756390,"October 5, 2026 at 12:07 AM",Hispanic,6WEST,6WEST,White,Female,Hispanic,23.0,10/1/2026,20s,628249.0,01 CO Prearraignment,AME,Y,No,10/2/2026 12:27:59 AM,Pretrial,PINEDA,CCB,Physically in the jail,City-County Building,4,0,to 19,Null,10/5/2026 12:07:13 AM,10/5/2026 12:07:13 AM
https://www.danesheriff.com/Residents/Detail/90073518,PAROLE VIOLATION,,1,Probation and Parole,4/20/20269:44 AM,P/P Violation (Hold),Civil,90073518,"October 5, 2026 at 12:07 AM",Non-Hispanic,P4A,P4A,Black,Male,Non-Hispanic,59.0,4/20/2026,50s,621962.0,05 P/P Violation (Hold),RODERICK,Y,Yes,4/20/2026 2:44:45 PM,P/P hold,MCCLINTON,PSB,Physically in the jail,Public Safety Building,168,160,to 179,Null,10/5/2026 12:07:13 AM,10/5/2026 12:07:13 AM
https://www.danesheriff.com/Residents/Detail/219070,PROBATION VIOLATION,,1,Probation and Parole,10/1/20263:17 PM,P/P Violation (Hold),Civil,219070,"October 5, 2026 at 12:07 AM",Non-Hispanic,P3G,P3G,Black,Female,Non-Hispanic,37.0,10/1/2026,30s,628242.0,05 P/P Violation (Hold),KENYA,Y,Yes,10/1/2026 8:17:21 PM,P/P hold,JOHNSON,PSB,Physically in the jail,Public Safety Building,4,0,to 19,Null,10/5/2026 12:07:13 AM,10/5/2026 12:07:13 AM
https://www.danesheriff.com/Residents/Detail/804624,THEFT; ID THEFT,939.05; ,2,Waunakee Police Department,8/14/20267:07 PM,CO Pretrial,Felony,804624,"October 5, 2026 at 12:07 AM",Hispanic,P3A,P3A,White,Male,Hispanic,25.0,8/14/2026,20s,626493.0,03 CO Pretrial,SEBASTIAN,Y,No,8/15/2026 12:07:24 AM,Pretrial,GONZALEZ FERNANDEZ,PSB,Physically in the jail,Public Safety Building,52,40,to 59,Null,10/5/2026 12:07:13 AM,10/5/2026 12:07:13 AM
https://www.danesheriff.com/Residents/Detail/257026,DISORDERLY CONDUCT; BATTERY; DISORDERLY CONDUCT; DISORDERLY CONDUCT,; 973.055(1); 973.055(1); 973.055(1),4,Dane County Sheriffs Office,8/24/20264:18 PM,Sentenced with Huber,Misdemeanor,257026,"October 5, 2026 at 12:07 AM",Non-Hispanic,CAMP,CAMP,Black,Female,Non-Hispanic,36.0,8/24/2026,30s,626864.0,08 Sentenced with Huber,KAREEN,Y,No,8/24/2026 9:18:28 PM,Local sentence,MCCANTS,DVRSN,CAMP,DVRSN,42,40,to 59,Null,10/5/2026 12:07:13 AM,10/5/2026 12:07:13 AM
https://www.danesheriff.com/Residents/Detail/357893,DISORDERLY CONDUCT; BATTERY; INTIMIDATE VICTIM/DOMESTIC ABUSE CRMIE; STRANGULATION; PROBATION VIOLATION,973.055(1); 973.055(1); 973.055(1); 973.055(1); ,5,Madison Police Department,9/27/20269:12 AM,CO Prearr/Probation,Felony,357893,"October 5, 2026 at 12:07 AM",Non-Hispanic,P4I,P4I,Black,Male,Non-Hispanic,36.0,9/27/2026,30s,628085.0,01P CO Prearr/Probation,SYED,Y,Yes,9/27/2026 2:12:10 PM,Pretrial,JAVED,PSB,Physically in the jail,Public Safety Building,8,0,to 19,JR,10/5/2026 12:07:13 AM,10/5/2026 12:07:13 AM
https://www.danesheriff.com/Residents/Detail/326188,CAUSE INJURY BY OWI,,1,Dane County Circuit Court,9/3/20269:06 AM,Prob Sentence/Work Release,Misdemeanor,326188,"October 5, 2026 at 12:07 AM",Non-Hispanic,P3A,P3A,Black,Male,Non-Hispanic,27.0,9/3/2026,20s,627247.0,09W Prob Sentence/Work Release,JULIAN,Y,No,9/3/2026 2:06:02 PM,Local sentence,PATTON,PSB,Physically in the jail,Public Safety Building,32,20,to 39,Null,10/5/2026 12:07:13 AM,10/5/2026 12:07:13 AM
https://www.danesheriff.com/Residents/Detail/693872,TAMPERING W IGNITION INTERLOCK; PROBATION VIOLATION; RESISTING OR OBSTRUCTING; BAIL JUMPING - FELONY; BATTERY,; ; ; ; ,5,Deforest Police Department; Dodge Co Sheriff's Office,5/24/20265:22 AM,CO Pretrial/Hold,Felony,693872,,,,,,,,,,,,,,,,,,,,,,,,,,,
https://www.danesheriff.com/Residents/Detail/470575,DISORDERLY CONDUCT; BATTERY; RESISTING OR OBSTRUCTING; THREAT TO CAUSE BODILY HARM TO CERTAIN INDIVIDUALS INV WITH A CRT LEGAL SYSTEM; BAIL JUMPING - MISDEMEANOR; DISORDERLY CONDUCT,; ; ; ; ; ,6,Madison Police Department,10/1/202611:51 PM,CO Prearraignment,Misdemeanor,470575,"October 5, 2026 at 12:07 AM",Non-Hispanic,P3C,P3C,Black,Male,Non-Hispanic,31.0,10/1/2026,30s,628258.0,01 CO Prearraignment,COREY,Y,No,10/2/2026 4:51:42 AM,Pretrial,MORGAN,PSB,Physically in the jail,Public Safety Building,4,0,to 19,Null,10/5/2026 12:07:13 AM,10/5/2026 12:07:13 AM
https://www.danesheriff.com/Residents/Detail/722529,OPERATING WHILE INTOXICATED; OPERATE WITH PROHIBITED BAC; IMMIGRATION,; ; ,3,"Immigration/Naturalization, US; Dane County Sheriffs Office",10/2/20262:02 PM,CO Pretrial,Misdemeanor,722529,"October 5, 2026 at 12:07 AM",Hispanic,MALEDORM,MALEDORM,White,Male,Hispanic,41.0,10/2/2026,40s,628287.0,03 CO Pretrial,ANTHONY,Y,No,10/2/2026 7:02:24 PM,Pretrial,OSUNA PARRA,PSB,Physically in the jail,Public Safety Building,3,0,to 19,Null,10/5/2026 12:07:13 AM,10/5/2026 12:07:13 AM
https://www.danesheriff.com/Residents/Detail/615731,KNOWINGLY FLEE AN OFFICER; RESISTING OR OBSTRUCTING; PAROLE VIOLATION; RESISTING OR OBSTRUCTING; KNOWINGLY FLEE AN OFFICER; KNOWINGLY FLEE AN OFFICER; 2ND-DEG RECKLESSLY ENDANG SAFE; POSS OF FIREARM BY A FELON; CARRYING CONCEALED WEAPON,939.62(1)(B); ; ; ; 939.62(1)(B); ; ; 939.62(1)(B); 939.62(1)(A),9,Monona Police Department; Madison Police Department,5/3/20264:17 AM,CO Pretrial/Prob Hold,Felony,615731,"October 5, 2026 at 12:07 AM",Non-Hispanic,6WEST,6WEST,Black,Male,Non-Hispanic,26.0,5/3/2026,20s,622470.0,03P CO Pretrial/Prob Hold,DAESHAWN,Y,Yes,5/3/2026 9:17:25 AM,Pretrial,WEBSTER,CCB,Physically in the jail,City-County Building,155,140,to 159,Null,10/5/2026 12:07:13 AM,10/5/2026 12:07:13 AM
https://www.danesheriff.com/Residents/Detail/498083,"MANUF/DELIVER SCHED I, II NARC",,1,Fitchburg Police Department,5/22/20262:43 PM,Prob Sentence/Work Release,Felony,498083,"October 5, 2026 at 12:07 AM",Non-Hispanic,CAMP,CAMP,Black,Male,Non-Hispanic,34.0,5/22/2026,30s,623218.0,09W Prob Sentence/Work Release,EARL,Y,No,5/22/2026 7:43:09 PM,Local sentence,LURKS,DVRSN,CAMP,DVRSN,136,120,to 139,III,10/5/2026 12:07:13 AM,10/5/2026 12:07:13 AM
https://www.danesheriff.com/Residents/Detail/95272320,DISORDERLY CONDUCT; BATTERY; STRANGULATION; PAROLE VIOLATION; KNOWINGLY FLEE AN OFFICER; KNOWINGLY FLEE AN OFFICER,973.055(1); 973.055(1); 973.055(1); ; ; ,6,Madison Police Department,7/15/20253:47 AM,State Resident Intransit,Felony,95272320,"October 5, 2026 at 12:07 AM",Non-Hispanic,P3E,P3E,Black,Male,Non-Hispanic,29.0,7/15/2025,20s,611844.0,13 State Resident Intransit,LEE,Y,No,7/15/2025 8:47:40 AM,State resident,MOORE,PSB,Physically in the jail,Public Safety Building,447,300+,,Null,10/5/2026 12:07:13 AM,10/5/2026 12:07:13 AM
https://www.danesheriff.com/Residents/Detail/828051,PAROLE VIOLATION,,1,Probation and Parole,8/13/20266:24 PM,P/P Violation (Hold),Civil,828051,"October 5, 2026 at 12:07 AM",Non-Hispanic,6EAST,6EAST,White,Male,Non-Hispanic,38.0,8/13/2026,30s,626448.0,05 P/P Violation (Hold),JUSTIN,Y,Yes,8/13/2026 11:24:56 PM,P/P hold,NORTON,CCB,Physically in the jail,City-County Building,53,40,to 59,Null,10/5/2026 12:07:13 AM,10/5/2026 12:07:13 AM
https://www.danesheriff.com/Residents/Detail/89900110,PROBATION VIOLATION,,1,Probation and Parole,9/15/202611:38 AM,P/P Violation (Hold),Civil,89900110,"October 5, 2026 at 12:07 AM",Non-Hispanic,P4K,P4K,Black,Male,Non-Hispanic,43.0,9/15/2026,40s,627684.0,05 P/P Violation (Hold),ANTHONY,Y,Yes,9/15/2026 4:38:42 PM,P/P hold,BECKAM,PSB,Physically in the jail,Public Safety Building,20,20,to 39,Null,10/5/2026 12:07:13 AM,10/5/2026 12:07:13 AM
https://www.danesheriff.com/Residents/Detail/89701027,OPERATING WHILE INTOXICATED,,1,Dane County Sheriffs Office,8/24/202612:22 PM,Prob Sentence/Work Release,Misdemeanor,89701027,"October 5, 2026 at 12:07 AM",Non-Hispanic,P3A,P3A,White,Male,Non-Hispanic,36.0,8/24/2026,30s,626860.0,09V Prob Sent/Work Rel Revoked,KYLE,Y,No,8/24/2026 5:22:03 PM,Local sentence,LISNEY,PSB,Physically in the jail,Public Safety Building,42,40,to 59,Null,10/5/2026 12:07:13 AM,10/5/2026 12:07:13 AM
https://www.danesheriff.com/Residents/Detail/800818,HARBORING AIDING A FELON; 1ST DEG INTENTIONAL HOMICIDE; 1ST DEG INTENTIONAL HOMICIDE; STALKING; 1ST DEG INTENTIONAL HOMICIDE,; 939.05; 939.05; 939.05; 939.63(1)(B),5,Wisconsin Dept of Justice; Rock Co Sheriff's Office,6/16/20257:34 PM,CO Pretrial/Hold,Felony,800818,"October 5, 2026 at 12:07 AM",Non-Hispanic,P3I,P3I,White,Female,Non-Hispanic,42.0,6/16/2025,40s,610861.0,03H CO Pretrial/Hold,ANDREA,Y,Yes,6/17/2025 12:34:01 AM,Pretrial,WHITAKER,PSB,Physically in the jail,Public Safety Building,476,300+,,Null,10/5/2026 12:07:13 AM,10/5/2026 12:07:13 AM
https://www.danesheriff.com/Residents/Detail/199105,WRIT,,1,Dane County Sheriffs Office,8/19/20266:54 PM,State Resident Writ,Civil,199105,"October 5, 2026 at 12:07 AM",Non-Hispanic,6EAST,6EAST,Black,Male,Non-Hispanic,38.0,8/19/2026,30s,626680.0,10 State Resident Writ,JONATHON,Y,No,8/19/2026 11:54:18 PM,Pretrial,THOMPSON,CCB,Physically in the jail,City-County Building,47,40,to 59,Null,10/5/2026 12:07:13 AM,10/5/2026 12:07:13 AM
https://www.danesheriff.com/Residents/Detail/90112965,POSSESS NARCOTIC/ANALOG,,1,Dane County Circuit Court,8/20/202612:42 AM,Sentenced with Huber,Felony,90112965,,,,,,,,,,,,,,,,,,,,,,,,,,,
https://www.danesheriff.com/Residents/Detail/91078112,PAROLE VIOLATION,,1,Probation and Parole,6/8/202612:10 PM,P/P Violation (Hold),Civil,91078112,"October 5, 2026 at 12:07 AM",Non-Hispanic,P4K,P4K,White,Male,Non-Hispanic,56.0,6/8/2026,50s,623901.0,05 P/P Violation (Hold),BRENT,Y,Yes,6/8/2026 5:10:16 PM,P/P hold,SCHULENBURG,PSB,Physically in the jail,Public Safety Building,119,100,to 119,Null,10/5/2026 12:07:13 AM,10/5/2026 12:07:13 AM
https://www.danesheriff.com/Residents/Detail/487376,DISORDERLY CONDUCT; RESISTING OR OBSTRUCTING; DISCHG BODY FLUID PUBLIC WRKR; BAIL JUMPING - MISDEMEANOR; CRIMINAL TRESPASS TO DWELLING; CRIMINAL DAMAGE TO PROPERTY; THEFT; POSS FIREARM COMMITMENT,939.63(1)(A); ; ; ; ; ; ; ,8,Oregon Police Department; Madison Police Department,7/21/20269:37 PM,CO Pretrial,Misdemeanor,487376,"October 5, 2026 at 12:07 AM",Non-Hispanic,7WEST,7WEST,Black,Male,Non-Hispanic,31.0,7/21/2026,30s,625576.0,03 CO Pretrial,ODIN,Y,No,7/22/2026 2:37:39 AM,Pretrial,HANSEN,CCB,Physically in the jail,City-County Building,76,60,to 79,Null,10/5/2026 12:07:13 AM,10/5/2026 12:07:13 AM
https://www.danesheriff.com/Residents/Detail/418159,PAROLE VIOLATION; EXTENDED SUPERVISION SANCTIONS; BAIL JUMPING - FELONY; RETAIL THEFT INTENT TAKE,; ; ; 939.62(1)(B),4,Fond Du Lac Sheriff's Office; Dane County Circuit Court; Probation and Parole,8/31/20264:21 PM,CO Pretrial/Hold,Felony,418159,"October 5, 2026 at 12:07 AM",Non-Hispanic,P4C,P4C,Black,Male,Non-Hispanic,32.0,8/31/2026,30s,627120.0,03H CO Pretrial/Hold,ANDRE,Y,Yes,8/31/2026 9:21:03 PM,Pretrial,VANCE,PSB,Physically in the jail,Public Safety Building,35,20,to 39,Null,10/5/2026 12:07:13 AM,10/5/2026 12:07:13 AM
https://www.danesheriff.com/Residents/Detail/513541,BATTERY; PAROLE VIOLATION; CRIMINAL DAMAGE TO PROPERTY; THEFT; DISORDERLY CONDUCT,939.62(1)(A); ; 973.055(1); 973.055(1); 973.055(1),5,Madison Police Department,7/6/20262:24 PM,CO Pretrial/Prob Hold,Misdemeanor,513541,"October 5, 2026 at 12:07 AM",Non-Hispanic,P3E,P3E,Black,Male,Non-Hispanic,30.0,7/6/2026,30s,624962.0,03P CO Pretrial/Prob Hold,PARIS,Y,Yes,7/6/2026 7:24:21 PM,Pretrial,VANCE,PSB,Physically in the jail,Public Safety Building,91,80,to 99,Null,10/5/2026 12:07:13 AM,10/5/2026 12:07:13 AM
https://www.danesheriff.com/Residents/Detail/90074947,DISORDERLY CONDUCT; PROBATION VIOLATION,; ,2,Madison Police Department,9/16/202612:07 AM,P/P Violation (Hold),Misdemeanor,90074947,"October 5, 2026 at 12:07 AM",Non-Hispanic,6WEST,6WEST,Black,Male,Non-Hispanic,62.0,9/16/2026,60s,627706.0,05 P/P Violation (Hold),ANDRE,Y,Yes,9/16/2026 5:07:08 AM,P/P hold,SYKES,CCB,Physically in the jail,City-County Building,19,0,to 19,Null,10/5/2026 12:07:13 AM,10/5/2026 12:07:13 AM
https://www.danesheriff.com/Residents/Detail/684475,REPEATED SEXUAL ASSAULT OF SAME CHILD (AT LEAST 3 VIOLATIONS OF 1ST DEGREE SEXUAL ASSAULT); REPEATED SEXUAL ASSAULT OF SAME CHILD; CAUSING MENTAL HARM TO A CHILD; IMMIGRATION,; ; ; ,4,"Fitchburg Police Department; Immigration/Naturalization, US",5/1/20244:52 PM,Presentence Invest/Hold,Felony,684475,"October 5, 2026 at 12:07 AM",Hispanic,7WEST,7WEST,White,Male,Hispanic,33.0,5/1/2024,30s,596031.0,06H Presentence Invest/Hold,WILLIAMS JAVIER,Y,Yes,5/1/2024 9:52:36 PM,Presentence Investigation,MONGE,CCB,Physically in the jail,City-County Building,887,300+,,Null,10/5/2026 12:07:13 AM,10/5/2026 12:07:13 AM
https://www.danesheriff.com/Residents/Detail/732249,PROBATION VIOLATION; FRAUD AGAINST FINANCIAL INSTITUTE,; ,2,Probation and Parole,2/11/20261:49 PM,Presentence Invest,Felony,732249,"October 5, 2026 at 12:07 AM",Non-Hispanic,6EAST,6EAST,Black,Male,Non-Hispanic,27.0,2/11/2026,20s,619387.0,06 Presentence Invest,TYLER,Y,No,2/11/2026 7:49:20 PM,Presentence Investigation,WHITE,CCB,Physically in the jail,City-County Building,236,220,to 239,Null,10/5/2026 12:07:13 AM,10/5/2026 12:07:13 AM
https://www.danesheriff.com/Residents/Detail/113217,PAROLE VIOLATION; RESISTING OR OBSTRUCTING; CRIMINAL DAMAGE TO PROPERTY; RESIST OFFICER - SUBSTANTIAL BODILY HARM/SOFT TISSUE; DISORDERLY CONDUCT; CONTEMPT OF COURT PUN SANCTION,; ; ; ; 973.055(1); ,6,Dane County Sheriffs Office,8/1/20267:04 PM,P/P Violation (Hold),Misdemeanor,113217,"October 5, 2026 at 12:07 AM",Non-Hispanic,P4C,P4C,White,Male,Non-Hispanic,44.0,8/1/2026,40s,625949.0,05 P/P Violation (Hold),WILLIAM,Y,Yes,8/2/2026 12:04:33 AM,P/P hold,FLEMING,PSB,Physically in the jail,Public Safety Building,65,60,to 79,Null,10/5/2026 12:07:13 AM,10/5/2026 12:07:13 AM
https://www.danesheriff.com/Residents/Detail/420343,PAROLE VIOLATION,,1,Madison Police Department,8/29/20263:43 PM,P/P Violation (Hold),Civil,420343,"October 5, 2026 at 12:07 AM",Non-Hispanic,6WEST,6WEST,Black,Male,Non-Hispanic,43.0,8/29/2026,40s,627045.0,05 P/P Violation (Hold),KOREY,Y,Yes,8/29/2026 8:43:53 PM,P/P hold,JOHNSON,CCB,Physically in the jail,City-County Building,37,20,to 39,Null,10/5/2026 12:07:13 AM,10/5/2026 12:07:13 AM
https://www.danesheriff.com/Residents/Detail/827787,1ST DEG MURDER,,1,Madison Police Department,8/9/20265:53 AM,CO Pretrial,Unknown,827787,"October 5, 2026 at 12:07 AM",Non-Hispanic,7WEST,7WEST,Black,Male,Non-Hispanic,26.0,8/9/2026,20s,626268.0,03 CO Pretrial,BEN,Y,No,8/9/2026 10:53:27 AM,Pretrial,WASHINGTON,CCB,Physically in the jail,City-County Building,57,40,to 59,III,10/5/2026 12:07:13 AM,10/5/2026 12:07:13 AM
https://www.danesheriff.com/Residents/Detail/90111783,RESISTING OR OBSTRUCTING; RESISTING OR OBSTRUCTING; OPERATING WHILE INTOXICATED; OPERATING WHILE INTOXICATED; OPERATE WITH PROHIBITED BAC; OPERATE AFTER REVOCATION; RESISTING OR OBSTRUCTING; RESISTING OR OBSTRUCTING; OPERATING WHILE INTOXICATED; OPERATE WITH PROHIBITED BAC; OPERATING WHILE REVOKED; OPERATING WHILE REVOKED; FAILURE TO OBEY OFFICER SIGNAL; BAIL JUMPING - MISDEMEANOR; BAIL JUMPING - MISDEMEANOR; OPERATE WITH PROHIBITED BAC; OPERATING WHILE INTOXICATED; RESISTING OR OBSTRUCTING; RESISTING OR OBSTRUCTING; BAIL JUMPING - MISDEMEANOR; BAIL JUMPING - MISDEMEANOR; OPERATING WHILE REVOKED; FAIL OBEY TRAFFIC OFFICER SIGN; OPERATING WHILE INTOXICATED; OPERATING WHILE REVOKED,; ; 346.65(2)(G)3; 346.65; 346.65; ; ; 939.62; 346.65; 346.65; ; ; ; ; ; 346.65(2)(G)3; ; ; ; ; ; ; ; ; ,25,Madison Police Department; State Capitol Police Dept.,10/3/20049:22 PM,Prob Sentence/Work Release,Misdemeanor,90111783,,,,,,,,,,,,,,,,,,,,,,,,,,,
https://www.danesheriff.com/Residents/Detail/90109844,OPERATING WHILE INTOXICATED; OPERATING WHILE INTOXICATED; OPERATE AFTER REVOCATION; OPERATING WHILE INTOXICATED; OPERATE AFTER REVOCATION; OPERATING WHILE INTOXICATED; OPERATING WHILE INTOXICATED; OPERATING WHILE INTOXICATED; OPERATE AFTER REVOCATION; OPERATING WHILE INTOXICATED,; ; ; ; ; ; ; ; ; ,10,Dane County Circuit Court; Dane County Sheriffs Office,4/1/20009:55 AM,Sentenced with Huber,Misdemeanor,90109844,,,,,,,,,,,,,,,,,,,,,,,,,,,
https://www.danesheriff.com/Residents/Detail/287944,PROBATION VIOLATION; RETAIL THEFT INTENT TAKE; BAIL JUMPING - FELONY; RETAIL THEFT INTENT TAKE; HIT AND RUN,; ; ; 939.05; ,5,Probation and Parole,9/14/202612:57 PM,Presentence Invest,Felony,287944,"October 5, 2026 at 12:07 AM",Non-Hispanic,P4K,P4K,Black,Male,Non-Hispanic,41.0,9/14/2026,40s,627652.0,06 Presentence Invest,MAURICE,Y,No,9/14/2026 5:57:39 PM,Presentence Investigation,GRANT,PSB,Physically in the jail,Public Safety Building,21,20,to 39,Null,10/5/2026 12:07:13 AM,10/5/2026 12:07:13 AM
https://www.danesheriff.com/Residents/Detail/796452,POSSESS DRUG PARAPHERNALIA; RESISTING OR OBSTRUCTING; PROBATION VIOLATION,; ; ,3,UW Madison Police Department,5/13/20262:03 AM,P/P Violation (Hold),Misdemeanor,796452,"October 5, 2026 at 12:07 AM",Non-Hispanic,IOWA,Iowa County,White,Male,Non-Hispanic,41.0,5/13/2026,40s,622859.0,05 P/P Violation (Hold),AARON,Y,Yes,5/13/2026 7:03:29 AM,P/P hold,BRUNSTETTER,OUTSIDE,Housed in other jails,Other,145,140,to 159,Null,10/5/2026 12:07:13 AM,10/5/2026 12:07:13 AM
https://www.danesheriff.com/Residents/Detail/499209,OPERATING WHILE INTOXICATED,,1,Dane County Sheriffs Office,9/8/20261:05 PM,Sentenced with Huber,Misdemeanor,499209,"October 5, 2026 at 12:07 AM",Non-Hispanic,CAMP,CAMP,White,Male,Non-Hispanic,45.0,9/8/2026,40s,627454.0,08 Sentenced with Huber,UMBERTO,Y,No,9/8/2026 6:05:38 PM,Local sentence,PALINI,DVRSN,CAMP,DVRSN,27,20,to 39,Null,10/5/2026 12:07:13 AM,10/5/2026 12:07:13 AM
https://www.danesheriff.com/Residents/Detail/323550,OPERATING WHILE INTOXICATED,,1,Dane County Sheriffs Office,8/13/20269:38 AM,Sentenced with Huber,Misdemeanor,323550,"October 5, 2026 at 12:07 AM",Non-Hispanic,CAMP,CAMP,White,Female,Non-Hispanic,48.0,8/13/2026,40s,626430.0,08 Sentenced with Huber,ELIZABETH,Y,No,8/13/2026 2:38:21 PM,Local sentence,BREGGEMAN,DVRSN,CAMP,DVRSN,53,40,to 59,Null,10/5/2026 12:07:13 AM,10/5/2026 12:07:13 AM
https://www.danesheriff.com/Residents/Detail/403818,BATTERY; DISORDERLY CONDUCT; CRIMINAL DAMAGE TO PROPERTY; THREAT TO CAUSE BODILY HARM TO CERTAIN INDIVIDUALS INV WITH A CRT LEGAL SYSTEM; PROBATION VIOLATION,973.055(1); 973.055(1); 939.32; 939.62(1)(B); ,5,Sun Prairie Police Department,9/18/202610:47 PM,CO Pretrial/Prob Hold,Misdemeanor,403818,"October 5, 2026 at 12:07 AM",Non-Hispanic,6EAST,6EAST,Black,Male,Non-Hispanic,35.0,9/18/2026,30s,627819.0,03P CO Pretrial/Prob Hold,JAMAL,Y,Yes,9/19/2026 3:47:31 AM,Pretrial,KRAUSE-SIMMONS,CCB,Physically in the jail,City-County Building,17,0,to 19,Null,10/5/2026 12:07:13 AM,10/5/2026 12:07:13 AM
https://www.danesheriff.com/Residents/Detail/209609,PHYSICAL ABUSE OF A CHILD; BAIL JUMPING - FELONY; PROBATION VIOLATION; CAUSING MENTAL HARM TO A CHILD; NEGLECTING A CHILD SPECIFIED HARM DID NOT OCCUR,; ; ; ; ,10,Shorewood Hills Police Dept.,8/28/20264:44 AM,CO Pretrial,Felony,209609,"October 5, 2026 at 12:07 AM",Non-Hispanic,P3I,P3I,Black,Female,Non-Hispanic,37.0,8/28/2026,30s,626986.0,03 CO Pretrial,ASHLEY,Y,No,8/28/2026 9:44:03 AM,Pretrial,BOWMAN,PSB,Physically in the jail,Public Safety Building,38,20,to 39,Null,10/5/2026 12:07:13 AM,10/5/2026 12:07:13 AM
https://www.danesheriff.com/Residents/Detail/444040,PAROLE VIOLATION,,1,Fitchburg Police Department,10/1/20262:06 PM,P/P Violation (Hold),Civil,444040,"October 5, 2026 at 12:07 AM",Non-Hispanic,7WEST,7WEST,Black,Male,Non-Hispanic,26.0,10/1/2026,20s,628238.0,05 P/P Violation (Hold),DONTRELL,Y,Yes,10/1/2026 7:06:27 PM,P/P hold,STAMPS,CCB,Physically in the jail,City-County Building,4,0,to 19,Null,10/5/2026 12:07:13 AM,10/5/2026 12:07:13 AM
https://www.danesheriff.com/Residents/Detail/745165,DISORDERLY CONDUCT; BATTERY; CRIMINAL DAMAGE TO PROPERTY; PROBATION VIOLATION; DISORDERLY CONDUCT; BATTERY,973.055(1); 973.055(1); 973.055(1); ; ; ,6,Madison Police Department,10/2/20267:40 PM,CO Prearr/Probation,Misdemeanor,745165,"October 5, 2026 at 12:07 AM",Non-Hispanic,MALEDORM,MALEDORM,White,Male,Non-Hispanic,22.0,10/2/2026,20s,628296.0,01P CO Prearr/Probation,LUKAS,Y,Yes,10/3/2026 12:40:45 AM,Pretrial,NOWAK,PSB,Physically in the jail,Public Safety Building,3,0,to 19,Null,10/5/2026 12:07:13 AM,10/5/2026 12:07:13 AM
https://www.danesheriff.com/Residents/Detail/606826,THREAT TO CAUSE BODILY HARM TO CERTAIN INDIVIDUALS INV WITH A CRT LEGAL SYSTEM; CRIMINAL DAMAGE TO PROPERTY; DISORDERLY CONDUCT,; ; ,3,Madison Police Department,9/15/20261:52 AM,CO Pretrial,Misdemeanor,606826,"October 5, 2026 at 12:07 AM",Non-Hispanic,7WEST,7WEST,Black,Male,Non-Hispanic,22.0,9/15/2026,20s,627674.0,03 CO Pretrial,DIMITRIOUS,Y,No,9/15/2026 6:52:22 AM,Pretrial,OKELLEY,CCB,Physically in the jail,City-County Building,20,20,to 39,Null,10/5/2026 12:07:13 AM,10/5/2026 12:07:13 AM
https://www.danesheriff.com/Residents/Detail/675527,BATTERY; DISORDERLY CONDUCT; PROBATION VIOLATION; KNOWINGLY FLEE AN OFFICER,; ; ; ,4,Dane County Sheriffs Office,7/12/20261:15 AM,Sentenced with Huber,Felony,675527,"October 5, 2026 at 12:07 AM",Hispanic,CAMP,CAMP,White,Male,Hispanic,24.0,7/12/2026,20s,625171.0,08 Sentenced with Huber,JADIEL,Y,No,7/12/2026 6:15:47 AM,Local sentence,ORTIZ PEREZ,DVRSN,CAMP,DVRSN,85,80,to 99,Null,10/5/2026 12:07:13 AM,10/5/2026 12:07:13 AM
https://www.danesheriff.com/Residents/Detail/313364,RESISTING OR OBSTRUCTING; BAIL JUMPING - MISDEMEANOR; BAIL JUMPING - MISDEMEANOR; BAIL JUMPING - MISDEMEANOR; RESISTING OR OBSTRUCTING; BAIL JUMPING - MISDEMEANOR; BAIL JUMPING - MISDEMEANOR; RESISTING OR OBSTRUCTING; DISORDERLY CONDUCT,; ; ; ; ; ; ; ; ,17,Madison Police Department,8/16/20269:58 PM,CO Pretrial,Misdemeanor,313364,"October 5, 2026 at 12:07 AM",Non-Hispanic,7WEST,7WEST,Black,Male,Non-Hispanic,32.0,8/16/2026,30s,626560.0,03 CO Pretrial,DEVON,Y,No,8/17/2026 2:58:56 AM,Pretrial,WILSON,CCB,Physically in the jail,City-County Building,50,40,to 59,Null,10/5/2026 12:07:13 AM,10/5/2026 12:07:13 AM
https://www.danesheriff.com/Residents/Detail/402869,PROBATION VIOLATION; RETAIL THEFT INTENT CONCEAL; BURGLARY ARMED W DANG WEAPON; 2ND-DEG RECKLESSLY ENDANG SAFE; 1ST DEG INTENTIONAL HOMICIDE; 1ST-DEG RECKLESSLY ENDANG SAFE; POSSESSION OF FIREARM BY FELON; BATTERY BY PRISONERS,; 939.05; ; ; 939.32; ; ; ,10,Sun Prairie Police Department; Madison Police Department; Dane County Sheriffs Office,10/30/202511:12 AM,CO Pretrial/Hold,Felony,402869,"October 5, 2026 at 12:07 AM",Non-Hispanic,7WEST,7WEST,Black,Male,Non-Hispanic,21.0,10/30/2025,20s,615702.0,03H CO Pretrial/Hold,JEREMIAH,Y,Yes,10/30/2025 4:12:42 PM,Pretrial,SMITH,CCB,Physically in the jail,City-County Building,340,300+,,Null,10/5/2026 12:07:13 AM,10/5/2026 12:07:13 AM
https://www.danesheriff.com/Residents/Detail/769889,PROBATION VIOLATION; 2ND-DEG RECKLESSLY ENDANG SAFE; 1ST DEG INTENTIONAL HOMICIDE; ARMED ROBBERY; POSS OF FIREARM BY A FELON; 1ST DEG INTENTIONAL HOMICIDE; 1ST DEG INTENTIONAL HOMICIDE; ASSAULT BY PRISONERS; PRIS THROW EXPEL BODY SUBSTANC,; ; ; 939.05; 939.05; 939.30; 939.30; ; ,9,Dane County Sheriffs Office,3/25/20253:25 PM,CO Pretrial,Felony,769889,"October 5, 2026 at 12:07 AM",Non-Hispanic,7WEST,7WEST,Black,Male,Non-Hispanic,19.0,3/25/2025,<20,607898.0,03 CO Pretrial,CREED,Y,No,3/25/2025 8:25:51 PM,Pretrial,MOORE,CCB,Physically in the jail,City-County Building,559,300+,,Null,10/5/2026 12:07:13 AM,10/5/2026 12:07:13 AM
https://www.danesheriff.com/Residents/Detail/89601337,OPERATING WHILE REVOKED; BAIL JUMPING - MISDEMEANOR; OPERATE MV WITHOUT CONSENT; BAIL JUMPING - MISDEMEANOR; PROBATION VIOLATION; REC STOLEN PROP 5000 TO 10000; BURGLARY BUILDING OR DWELLING; OPERATE MV WITHOUT CONSENT,; ; ; ; ; ; ; ,8,Madison Police Department,6/2/20261:52 PM,Sentenced Huber Revoked,Felony,89601337,"October 5, 2026 at 12:07 AM",Non-Hispanic,P4A,P4A,White,Male,Non-Hispanic,40.0,6/2/2026,40s,623652.0,08V Sentenced Huber Revoked,PAUL,Y,No,6/2/2026 6:52:56 PM,Local sentence,ASCHER,PSB,Physically in the jail,Public Safety Building,125,120,to 139,Null,10/5/2026 12:07:13 AM,10/5/2026 12:07:13 AM
https://www.danesheriff.com/Residents/Detail/394010,PAROLE VIOLATION; CRIMINAL DAMAGE TO PROPERTY; DISORDERLY CONDUCT,; 939.62(1)(A); ,3,Madison Police Department; Probation and Parole,1/28/202611:37 AM,P/P Violation (Hold),Misdemeanor,394010,"October 5, 2026 at 12:07 AM",Non-Hispanic,6EAST,6EAST,Black,Male,Non-Hispanic,34.0,1/28/2026,30s,618847.0,05 P/P Violation (Hold),GERALD,Y,Yes,1/28/2026 5:37:48 PM,P/P hold,EASTERLING,CCB,Physically in the jail,City-County Building,250,240,to 259,JR,10/5/2026 12:07:13 AM,10/5/2026 12:07:13 AM
https://www.danesheriff.com/Residents/Detail/413838,OPERATING WHILE INTOXICATED,,1,Dane County Sheriffs Office,8/13/202611:20 AM,Sentenced with Huber,Misdemeanor,413838,"October 5, 2026 at 12:07 AM",Hispanic,CAMP,CAMP,White,Male,Hispanic,53.0,8/13/2026,50s,626435.0,08 Sentenced with Huber,ARMANDO,Y,No,8/13/2026 4:20:41 PM,Local sentence,ARIAS,DVRSN,CAMP,DVRSN,53,40,to 59,Null,10/5/2026 12:07:13 AM,10/5/2026 12:07:13 AM
https://www.danesheriff.com/Residents/Detail/367958,OPERATING WHILE INTOXICATED,,1,Dane County Sheriffs Office,7/27/20261:38 PM,Prob Sentence/Work Release,Misdemeanor,367958,"October 5, 2026 at 12:07 AM",Non-Hispanic,CAMP,CAMP,White,Male,Non-Hispanic,37.0,7/27/2026,30s,625757.0,09W Prob Sentence/Work Release,ERIC,Y,No,7/27/2026 6:38:04 PM,Local sentence,BATES,DVRSN,CAMP,DVRSN,70,60,to 79,Null,10/5/2026 12:07:13 AM,10/5/2026 12:07:13 AM
https://www.danesheriff.com/Residents/Detail/63965,2ND DEG SEX ASSAULT OF CHILD,939.62(1)(C),1,Dane County Sheriffs Office,10/29/20254:19 PM,Presentence Invest,Felony,63965,"October 5, 2026 at 12:07 AM",Non-Hispanic,6WEST,6WEST,Black,Male,Non-Hispanic,38.0,10/29/2025,30s,615674.0,06 Presentence Invest,RAKIV,Y,No,10/29/2025 9:19:14 PM,Presentence Investigation,REDMAN,CCB,Physically in the jail,City-County Building,341,300+,,Null,10/5/2026 12:07:13 AM,10/5/2026 12:07:13 AM
https://www.danesheriff.com/Residents/Detail/466200,PROBATION VIOLATION,,1,Madison Police Department,9/17/20265:34 PM,P/P Violation (Hold),Civil,466200,"October 5, 2026 at 12:07 AM",Non-Hispanic,P3K,P3K,White,Male,Non-Hispanic,35.0,9/17/2026,30s,627779.0,05 P/P Violation (Hold),KARSTON,Y,Yes,9/17/2026 10:34:14 PM,P/P hold,PARDUHN,PSB,Physically in the jail,Public Safety Building,18,0,to 19,Null,10/5/2026 12:07:13 AM,10/5/2026 12:07:13 AM
https://www.danesheriff.com/Residents/Detail/279535,OPERATING WHILE INTOXICATED,,1,Dane County Circuit Court,11/30/202012:00 AM,Sentenced with Huber,Misdemeanor,279535,,,,,,,,,,,,,,,,,,,,,,,,,,,
https://www.danesheriff.com/Residents/Detail/93218824,DISORDERLY CONDUCT; BATTERY; BAIL JUMPING - MISDEMEANOR; PROBATION VIOLATION,973.055(1); 973.055(1); ; ,6,Dane County Sheriffs Office,10/2/20264:40 AM,CO Prearr/Probation,Misdemeanor,93218824,"October 5, 2026 at 12:07 AM",Non-Hispanic,MALESEG,MALESEG,White,Male,Non-Hispanic,32.0,10/2/2026,30s,628270.0,01P CO Prearr/Probation,GREGORY,Y,Yes,10/2/2026 9:40:54 AM,Pretrial,WIESSINGER,PSB,Physically in the jail,Public Safety Building,3,0,to 19,Null,10/5/2026 12:07:13 AM,10/5/2026 12:07:13 AM
https://www.danesheriff.com/Residents/Detail/393601,PROBATION VIOLATION; RESIST OFFICER - SUBSTANTIAL BODILY HARM/SOFT TISSUE; DISORDERLY CONDUCT; DISORDERLY CONDUCT; RESISTING OR OBSTRUCTING; DISORDERLY CONDUCT; POSSESSION OF COCAINE/BASE; RESISTING OR OBSTRUCTING,; ; 939.62(1)(A); ; ; ; ; ,8,Madison Police Department,4/7/20267:24 PM,Sentenced with Huber,Felony,393601,"October 5, 2026 at 12:07 AM",Non-Hispanic,CAMP,CAMP,Black,Male,Non-Hispanic,31.0,4/7/2026,30s,621512.0,08 Sentenced with Huber,RAHEEM,Y,No,4/8/2026 12:24:40 AM,Local sentence,GOODWIN,DVRSN,CAMP,DVRSN,181,180,to 199,Null,10/5/2026 12:07:13 AM,10/5/2026 12:07:13 AM
https://www.danesheriff.com/Residents/Detail/352131,OPERATING WHILE INTOXICATED,,1,Marshall Police Department,9/3/20263:58 PM,Sentenced with Huber,Misdemeanor,352131,"October 5, 2026 at 12:07 AM",Hispanic,CAMP,CAMP,White,Male,Hispanic,35.0,9/3/2026,30s,627266.0,08 Sentenced with Huber,LORENZO,Y,No,9/3/2026 8:58:34 PM,Local sentence,FLORES,DVRSN,CAMP,DVRSN,32,20,to 39,Null,10/5/2026 12:07:13 AM,10/5/2026 12:07:13 AM
https://www.danesheriff.com/Residents/Detail/90096303,POSSESS DRUG PARAPHERNALIA; POSSESSION METHAMPHETAMINE; POSSESS NARCOTIC/ANALOG; OPERATING WHILE INTOXICATED; POSSESSION METHAMPHETAMINE; OPERATE WITH CONTROLLED SUBS; BAIL JUMPING - FELONY; POSSESS DRUG PARAPHERNALIA; OPERATING WHILE REVOKED; TAMPERING W IGNITION INTERLOCK; BAIL JUMPING - FELONY; BAIL JUMPING - FELONY; OPERATING WHILE REVOKED; BAIL JUMPING - FELONY; BAIL JUMPING - FELONY; FORGERY UTTERING; FRAUD AGAINST FINANCIAL INSTITUTE; BAIL JUMPING - FELONY,; ; ; ; ; ; ; ; ; ; ; ; ; ; ; ; ; ,29,Belleville Police Dept; Dane County Sheriffs Office,4/29/202611:30 PM,CO Pretrial,Felony,90096303,"October 5, 2026 at 12:07 AM",Non-Hispanic,P3A,P3A,White,Male,Non-Hispanic,54.0,4/29/2026,50s,622356.0,03 CO Pretrial,ROBERT,Y,No,4/30/2026 4:30:11 AM,Pretrial,ZINCK,PSB,Physically in the jail,Public Safety Building,159,140,to 159,Null,10/5/2026 12:07:13 AM,10/5/2026 12:07:13 AM
https://www.danesheriff.com/Residents/Detail/96101060,PAROLE VIOLATION; POSSESS NARCOTIC/ANALOG; BAIL JUMPING - FELONY,; ; ,4,Monona Police Department,6/2/20268:09 AM,P/P Violation (Hold),Felony,96101060,"October 5, 2026 at 12:07 AM",Non-Hispanic,P4C,P4C,White,Male,Non-Hispanic,41.0,6/2/2026,40s,623638.0,05 P/P Violation (Hold),GARY,Y,Yes,6/2/2026 1:09:08 PM,P/P hold,NELSON,PSB,Physically in the jail,Public Safety Building,125,120,to 139,JR,10/5/2026 12:07:13 AM,10/5/2026 12:07:13 AM
https://www.danesheriff.com/Residents/Detail/154062,2ND DEG SEX ASSAULT USE FORCE; 3RD DEG SEX ASSAULT; STRANGULATION,; ; ,4,Madison Police Department,9/12/20269:43 PM,CO Pretrial,Felony,154062,"October 5, 2026 at 12:07 AM",Non-Hispanic,7WEST,7WEST,White,Male,Non-Hispanic,36.0,9/12/2026,30s,627600.0,03 CO Pretrial,MARIO,Y,No,9/13/2026 2:43:57 AM,Pretrial,CHARETTE,CCB,Physically in the jail,City-County Building,23,20,to 39,Null,10/5/2026 12:07:13 AM,10/5/2026 12:07:13 AM
https://www.danesheriff.com/Residents/Detail/371454,JUV POSS DANGEROUS WEAPON; BAIL JUMPING - FELONY; CONVERT WEAPON FULL AUTO FIRE; BAIL JUMPING - FELONY; 1ST DEGREE RECKLESS HOMICIDE; ARMED ROBBERY,; ; ; ; 939.63(1)(B); 939.05,6,Dane County Circuit Court; Madison Police Department,7/2/202612:41 PM,CO Pretrial,Felony,371454,"October 5, 2026 at 12:07 AM",Non-Hispanic,6WEST,6WEST,Black,Male,Non-Hispanic,17.0,7/2/2026,<20,624802.0,03 CO Pretrial,MONTRE,Y,No,7/2/2026 5:41:28 PM,Pretrial,WHALEY-CLACKS,CCB,Physically in the jail,City-County Building,95,80,to 99,JR,10/5/2026 12:07:13 AM,10/5/2026 12:07:13 AM
https://www.danesheriff.com/Residents/Detail/292768,DISORDERLY CONDUCT; BAIL JUMPING - MISDEMEANOR,; ,2,Madison Police Department,9/28/20269:21 PM,CO Pretrial,Misdemeanor,292768,"October 5, 2026 at 12:07 AM",Non-Hispanic,7WEST,7WEST,White,Male,Non-Hispanic,54.0,9/28/2026,50s,628136.0,03 CO Pretrial,TONY,Y,No,9/29/2026 2:21:37 AM,Pretrial,TORRES,CCB,Physically in the jail,City-County Building,7,0,to 19,II,10/5/2026 12:07:13 AM,10/5/2026 12:07:13 AM
https://www.danesheriff.com/Residents/Detail/770825,OPERATING WHILE INTOXICATED; PROBATION VIOLATION; OPERATE WITH PROHIBITED BAC; TAMPERING W IGNITION INTERLOCK; OPERATING WHILE REVOKED; OPERATING WHILE INTOXICATED; OPERATING WHILE INTOXICATED; IMMIGRATION,; ; ; ; ; ; ; ,8,"Immigration/Naturalization, US; Dane County Sheriffs Office",5/25/202611:05 PM,Sentenced/Outside Hold - Huber,Misdemeanor,770825,"October 5, 2026 at 12:07 AM",Hispanic,CAMP,CAMP,White,Male,Hispanic,33.0,5/25/2026,30s,623343.0,21W Sentenced/Outsde Hld - Hubr,BRAYAN,Y,Yes,5/26/2026 4:05:56 AM,Local sentence,AMAYA PASTRANA,DVRSN,CAMP,DVRSN,133,120,to 139,Null,10/5/2026 12:07:13 AM,10/5/2026 12:07:13 AM
https://www.danesheriff.com/Residents/Detail/90127393,PAROLE VIOLATION,,1,Maple Bluff Police Department,7/2/20265:44 PM,P/P Violation (Hold),Civil,90127393,"October 5, 2026 at 12:07 AM",Non-Hispanic,P4K,P4K,White,Male,Non-Hispanic,45.0,7/2/2026,40s,624812.0,05 P/P Violation (Hold),TIMOTHY,Y,Yes,7/2/2026 10:44:09 PM,P/P hold,MITCHELL,PSB,Physically in the jail,Public Safety Building,95,80,to 99,Null,10/5/2026 12:07:13 AM,10/5/2026 12:07:13 AM
https://www.danesheriff.com/Residents/Detail/584502,THEFT; BAIL JUMPING - MISDEMEANOR; BATTERY; DISORDERLY CONDUCT; BAIL JUMPING - MISDEMEANOR; DISORDERLY CONDUCT,; ; 973.055(1); 973.055(1); ; ,7,UW Madison Police Department,8/22/20262:02 PM,CO Pretrial,Misdemeanor,584502,"October 5, 2026 at 12:07 AM",Hispanic,MALESEG,MALESEG,White,Male,Hispanic,26.0,8/22/2026,20s,626791.0,03 CO Pretrial,PRESTON,Y,No,8/22/2026 7:02:22 PM,Pretrial,VALENZA-RIOS,PSB,Physically in the jail,Public Safety Building,44,40,to 59,Null,10/5/2026 12:07:13 AM,10/5/2026 12:07:13 AM
https://www.danesheriff.com/Residents/Detail/284484,CONTEMPT OF COURT PUN SANCTION; PROBATION VIOLATION,; ,2,Middleton Police Department,9/15/20261:01 AM,Sentenced with Huber,Misdemeanor,284484,"October 5, 2026 at 12:07 AM",Non-Hispanic,CAMP,CAMP,Black,Male,Non-Hispanic,40.0,9/15/2026,40s,627672.0,08 Sentenced with Huber,STEPHEN,Y,No,9/15/2026 6:01:43 AM,Local sentence,WILSON,DVRSN,CAMP,DVRSN,20,20,to 39,Null,10/5/2026 12:07:13 AM,10/5/2026 12:07:13 AM
https://www.danesheriff.com/Residents/Detail/309286,PAROLE VIOLATION,,1,Madison Police Department,7/19/20267:19 PM,P/P Violation (Hold),Civil,309286,"October 5, 2026 at 12:07 AM",Non-Hispanic,P3E,P3E,Black,Male,Non-Hispanic,31.0,7/19/2026,30s,625489.0,05 P/P Violation (Hold),DELMONT,Y,Yes,7/20/2026 12:19:41 AM,P/P hold,MOORE,PSB,Physically in the jail,Public Safety Building,78,60,to 79,Null,10/5/2026 12:07:13 AM,10/5/2026 12:07:13 AM
https://www.danesheriff.com/Residents/Detail/743575,BAIL JUMPING - MISDEMEANOR; RESISTING OR OBSTRUCTING; BAIL JUMPING - MISDEMEANOR; 2ND DEG SEX ASSAULT USE FORCE; BAIL JUMPING - MISDEMEANOR; BATTERY,; ; ; 939.62(1)(C); 939.62(1)(A); ,6,Dane County Circuit Court; Madison Police Department,3/14/20262:33 PM,State Resident Intransit,Felony,743575,"October 5, 2026 at 12:07 AM",Non-Hispanic,IOWA,Iowa County,Black,Male,Non-Hispanic,20.0,3/14/2026,20s,620569.0,13 State Resident Intransit,TRISTIAN,Y,No,3/14/2026 7:33:29 PM,State resident,MOORE,OUTSIDE,Housed in other jails,Other,205,200,to 219,Null,10/5/2026 12:07:13 AM,10/5/2026 12:07:13 AM
https://www.danesheriff.com/Residents/Detail/93238687,DISORDERLY CONDUCT; CRIMINAL DAMAGE TO PROPERTY,; ,2,Dane County Circuit Court,7/7/20264:38 PM,Sentenced with Huber,Misdemeanor,93238687,,,,,,,,,,,,,,,,,,,,,,,,,,,
https://www.danesheriff.com/Residents/Detail/122381,OPERATING WHILE INTOXICATED; RESISTING OR OBSTRUCTING; OPERATING WHILE REVOKED; OPERATE WITH PROHIBITED BAC; OPERATING WHILE REVOKED,; ; ; ; ,5,Maple Bluff Police Department,9/3/20267:58 PM,CO Pretrial,Misdemeanor,122381,"October 5, 2026 at 12:07 AM",Non-Hispanic,P4A,P4A,Native American,Male,Non-Hispanic,39.0,9/3/2026,30s,627274.0,03 CO Pretrial,SKYLER,Y,No,9/4/2026 12:58:04 AM,Pretrial,SHEGONEE,PSB,Physically in the jail,Public Safety Building,32,20,to 39,Null,10/5/2026 12:07:13 AM,10/5/2026 12:07:13 AM
https://www.danesheriff.com/Residents/Detail/814570,PROBATION VIOLATION,,1,Monona Police Department,8/21/20268:43 PM,P/P Violation (Hold),Civil,814570,"October 5, 2026 at 12:07 AM",Non-Hispanic,6WEST,6WEST,White,Female,Non-Hispanic,24.0,8/21/2026,20s,626762.0,05 P/P Violation (Hold),LILY-SHARONE,Y,Yes,8/22/2026 1:43:16 AM,P/P hold,GRADINJAN,CCB,Physically in the jail,City-County Building,45,40,to 59,Null,10/5/2026 12:07:13 AM,10/5/2026 12:07:13 AM
https://www.danesheriff.com/Residents/Detail/820857,DISORDERLY CONDUCT; THREAT TO CAUSE BODILY HARM TO CERTAIN INDIVIDUALS INV WITH A CRT LEGAL SYSTEM; RESISTING OR OBSTRUCTING; DISORDERLY CONDUCT,; ; ; ,4,Madison Police Department,4/27/20264:56 AM,CO Pretrial,Misdemeanor,820857,"October 5, 2026 at 12:07 AM",Unknown,7WEST,7WEST,White,Male,Unknown,39.0,4/27/2026,30s,622234.0,03 CO Pretrial,GABRIEL,Y,No,4/27/2026 9:56:16 AM,Pretrial,RODRIGUEZ,CCB,Physically in the jail,City-County Building,161,160,to 179,Null,10/5/2026 12:07:13 AM,10/5/2026 12:07:13 AM
https://www.danesheriff.com/Residents/Detail/90074399,DISORDERLY CONDUCT; THREAT TO CAUSE BODILY HARM TO CERTAIN INDIVIDUALS INV WITH A CRT LEGAL SYSTEM; PAROLE VIOLATION; EXTENDED SUPERVISION SANCTIONS,; ; ; ,4,Madison Police Department,8/13/202611:48 PM,E.S. Sanct w/out work release,Misdemeanor,90074399,"October 5, 2026 at 12:07 AM",Non-Hispanic,IOWA,Iowa County,Black,Male,Non-Hispanic,57.0,8/13/2026,50s,626460.0,22 E.S. Sanct w/out wrk release,ERNEST,Y,No,8/14/2026 4:48:00 AM,Extended supervision,HOLLEY,OUTSIDE,Housed in other jails,Other,53,40,to 59,JR,10/5/2026 12:07:13 AM,10/5/2026 12:07:13 AM
https://www.danesheriff.com/Residents/Detail/160603,KIDNAP CARRY WO CONSENT; INTIMIDATE VICTIM/DOMESTIC ABUSE CRMIE; DISORDERLY CONDUCT; 3RD DEG SEX ASSAULT,973.055(1); 973.055(1); 973.055(1); 973.055(1),4,Madison Police Department,9/15/20268:06 PM,CO Pretrial,Felony,160603,"October 5, 2026 at 12:07 AM",Hispanic,6WEST,6WEST,White,Male,Hispanic,46.0,9/15/2026,40s,627699.0,03 CO Pretrial,ESGAR,Y,No,9/16/2026 1:06:07 AM,Pretrial,LEAL,CCB,Physically in the jail,City-County Building,20,20,to 39,SR,10/5/2026 12:07:13 AM,10/5/2026 12:07:13 AM
https://www.danesheriff.com/Residents/Detail/93118995,ID THEFT; BAIL JUMPING - MISDEMEANOR; BAIL JUMPING - FELONY; RETAIL THEFT INTENT TAKE; FIN TRANS CARD FRAUDULENT USE; BAIL JUMPING - MISDEMEANOR; RETAIL THEFT INTENT TAKE; RETAIL THEFT INTENT TAKE,; ; ; 939.05; ; ; 939.05; 939.05,11,Madison Police Department; Dane County Sheriffs Office,7/19/20268:56 PM,CO Pretrial,Felony,93118995,"October 5, 2026 at 12:07 AM",Non-Hispanic,P3A,P3A,Black,Male,Non-Hispanic,46.0,7/19/2026,40s,625493.0,03 CO Pretrial,WILLIAM,Y,No,7/20/2026 1:56:50 AM,Pretrial,VANCE,PSB,Physically in the jail,Public Safety Building,78,60,to 79,JR,10/5/2026 12:07:13 AM,10/5/2026 12:07:13 AM
https://www.danesheriff.com/Residents/Detail/808208,DISORDERLY CONDUCT; RESISTING OR OBSTRUCTING; BAIL JUMPING - MISDEMEANOR; RESISTING OR OBSTRUCTING; LEWD LASCIVIOUS BEHAVIOR EXPOS; DISORDERLY CONDUCT; DISORDERLY CONDUCT; BAIL JUMPING - MISDEMEANOR; DISORDERLY CONDUCT; RESISTING OR OBSTRUCTING; BAIL JUMPING - MISDEMEANOR,; ; ; ; ; ; ; ; ; ; ,14,Dane County Sheriffs Office; UW Madison Police Department,9/1/202612:22 PM,CO Pretrial,Misdemeanor,808208,"October 5, 2026 at 12:07 AM",Non-Hispanic,7EAST,7EAST,Black,Male,Non-Hispanic,19.0,9/1/2026,<20,627153.0,03 CO Pretrial,SAMUEL,Y,No,9/1/2026 5:22:05 PM,Pretrial,HOLT,CCB,Physically in the jail,City-County Building,34,20,to 39,Null,10/5/2026 12:07:13 AM,10/5/2026 12:07:13 AM
https://www.danesheriff.com/Residents/Detail/733695,OPERATE MV WITHOUT CONSENT; KNOWINGLY FLEE AN OFFICER; POSS OF FIREARM BY A FELON; RESISTING OR OBSTRUCTING; THEFT; 2ND-DEG RECKLESSLY ENDANG SAFE; PAROLE VIOLATION; BURGLARY DWELLING BOAT MOTOR H; THEFT; BURGLARY DWELLING BOAT MOTOR H; KNOWINGLY FLEE AN OFFICER; REC STOLEN PROP 5000 TO 10000,939.62(1)(B); 939.62(1)(B); 939.62(1)(B); ; ; ; ; 939.05; 939.05; 939.05; ; ,14,Dane County Sheriffs Office,2/10/20268:42 AM,State Resident Intransit,Felony,733695,"October 5, 2026 at 12:07 AM",Non-Hispanic,P4K,P4K,Black,Male,Non-Hispanic,21.0,2/10/2026,20s,619338.0,13 State Resident Intransit,CHAVIS,Y,No,2/10/2026 2:42:43 PM,State resident,WEBSTER,PSB,Physically in the jail,Public Safety Building,237,220,to 239,Null,10/5/2026 12:07:13 AM,10/5/2026 12:07:13 AM
https://www.danesheriff.com/Residents/Detail/715821,RETAIL THEFT FAIL PAY FOR SERVICE; PAROLE VIOLATION; EXTENDED SUPERVISION SANCTIONS; RESIST OR OBSTRUCT OFFICER,; ; ; ,4,Sun Prairie Police Department; Madison Police Department,9/24/20269:55 PM,CO Pretrial,Misdemeanor,715821,"October 5, 2026 at 12:07 AM",Non-Hispanic,6EAST,6EAST,Black,Male,Non-Hispanic,22.0,9/24/2026,20s,628006.0,03 CO Pretrial,BABOUCARR,Y,No,9/25/2026 2:55:32 AM,Pretrial,NYANG,CCB,Physically in the jail,City-County Building,11,0,to 19,Null,10/5/2026 12:07:13 AM,10/5/2026 12:07:13 AM
https://www.danesheriff.com/Residents/Detail/790624,OPERATING WHILE INTOXICATED; OPERATING WHILE INTOXICATED,; ,2,Dane County Sheriffs Office,8/19/20262:34 PM,Sentenced with Huber,Misdemeanor,790624,,,,,,,,,,,,,,,,,,,,,,,,,,,
https://www.danesheriff.com/Residents/Detail/321373,OPERATING WHILE INTOXICATED,,1,Dane County Circuit Court,9/4/20267:43 AM,Sentenced with Huber,Misdemeanor,321373,"October 5, 2026 at 12:07 AM",Non-Hispanic,CAMP,CAMP,White,Female,Non-Hispanic,38.0,9/4/2026,30s,627292.0,08 Sentenced with Huber,KRISTA,Y,No,9/4/2026 12:43:55 PM,Local sentence,WHITE,DVRSN,CAMP,DVRSN,31,20,to 39,Null,10/5/2026 12:07:13 AM,10/5/2026 12:07:13 AM
https://www.danesheriff.com/Residents/Detail/773915,PROBATION VIOLATION; DISORDERLY CONDUCT; KNOWINGLY FLEE AN OFFICER; POS/LSD/PSILOCIN/AMPHETAMINE,; ; ; ,4,Sun Prairie Police Department,8/20/20263:25 PM,Presentence Invest,Felony,773915,"October 5, 2026 at 12:07 AM",Non-Hispanic,P3A,P3A,Black,Male,Non-Hispanic,19.0,8/20/2026,<20,626710.0,06 Presentence Invest,KEITH,Y,No,8/20/2026 8:25:35 PM,Presentence Investigation,MARSHALL,PSB,Physically in the jail,Public Safety Building,46,40,to 59,JR,10/5/2026 12:07:13 AM,10/5/2026 12:07:13 AM
https://www.danesheriff.com/Residents/Detail/586000,PROBATION VIOLATION; EXTENDED SUPERVISION SANCTIONS,; ,2,Probation and Parole,9/2/20267:09 PM,E.S. Sanct w/out work release,Civil,586000,"October 5, 2026 at 12:07 AM",Non-Hispanic,P3I,P3I,Black,Female,Non-Hispanic,28.0,9/2/2026,20s,627227.0,22 E.S. Sanct w/out wrk release,NARSHAQUETA,Y,No,9/3/2026 12:09:06 AM,Extended supervision,LOCKWOOD,PSB,Physically in the jail,Public Safety Building,33,20,to 39,Null,10/5/2026 12:07:13 AM,10/5/2026 12:07:13 AM
https://www.danesheriff.com/Residents/Detail/741000,PAROLE VIOLATION,,1,Madison Police Department,7/9/202612:51 AM,P/P Violation (Hold),Civil,741000,"October 5, 2026 at 12:07 AM",Non-Hispanic,7EAST,7EAST,Black,Male,Non-Hispanic,25.0,7/9/2026,20s,625065.0,05 P/P Violation (Hold),MOUSTAPHA,Y,Yes,7/9/2026 5:51:32 AM,P/P hold,GUEYE,CCB,Physically in the jail,City-County Building,88,80,to 99,Null,10/5/2026 12:07:13 AM,10/5/2026 12:07:13 AM
https://www.danesheriff.com/Residents/Detail/773742,FORGERY UTTERING; ID THEFT; UNAUTH USE OF ENTITYS IDENT,; ; ,17,Racine Co Sheriff's Office; McFarland Police Department,7/29/20263:04 PM,CO Pretrial,Felony,773742,"October 5, 2026 at 12:07 AM",Non-Hispanic,P3G,P3G,White,Female,Non-Hispanic,46.0,7/29/2026,40s,625828.0,03 CO Pretrial,TRISHA,Y,No,7/29/2026 8:04:16 PM,Pretrial,BRIGGS,PSB,Physically in the jail,Public Safety Building,68,60,to 79,Null,10/5/2026 12:07:13 AM,10/5/2026 12:07:13 AM
https://www.danesheriff.com/Residents/Detail/802129,DISORDERLY CONDUCT; RESISTING OR OBSTRUCTING; BATTERY TO PUBLIC OFFICERS; BATTERY TO PUBLIC OFFICERS; DISCHG BODY FLUID PUBLIC WRKR; DISORDERLY CONDUCT; RESISTING OR OBSTRUCTING,; ; ; 939.32; 939.32; ; ,7,Madison Police Department,9/29/202612:14 AM,CO Pretrial,Misdemeanor,802129,"October 5, 2026 at 12:07 AM",Non-Hispanic,MALEDORM,MALEDORM,White,Male,Non-Hispanic,32.0,9/29/2026,30s,628140.0,03 CO Pretrial,DOMINIC,Y,No,9/29/2026 5:14:53 AM,Pretrial,BRUNS,PSB,Physically in the jail,Public Safety Building,6,0,to 19,Null,10/5/2026 12:07:13 AM,10/5/2026 12:07:13 AM
https://www.danesheriff.com/Residents/Detail/525348,RESISTING OR OBSTRUCTING; BAIL JUMPING - FELONY; DISORDERLY CONDUCT; BATTERY; INTIM VICTIM DISSUADE REPORTIN; PAROLE VIOLATION; DOM ABUSE CONTACT PROV VIOL; BATTERY; BAIL JUMPING - FELONY; MFC DEL PCP AMPH 3-10 GM,939.62(1)(A); 939.62(1)(B); 973.055(1); 973.055(1); 973.055(1); ; ; 973.055(1); ; ,10,Dane County Circuit Court; Madison Police Department,7/2/20263:17 AM,State Resident Intransit,Felony,525348,"October 5, 2026 at 12:07 AM",Non-Hispanic,6EAST,6EAST,Black,Male,Non-Hispanic,32.0,7/2/2026,30s,624786.0,13 State Resident Intransit,BENJAMIN,Y,No,7/2/2026 8:17:01 AM,State resident,MURPHY,CCB,Physically in the jail,City-County Building,95,80,to 99,JR,10/5/2026 12:07:13 AM,10/5/2026 12:07:13 AM
https://www.danesheriff.com/Residents/Detail/307420,BAIL JUMPING - FELONY; THREAT TO CAUSE BODILY HARM TO CERTAIN INDIVIDUALS INV WITH A CRT LEGAL SYSTEM; DISCHG BODY FLUID PUBLIC WRKR; ROBBERY WITH USE OF FORCE; POS/LSD/PSILOCIN/AMPHETAMINE; BAIL JUMPING - FELONY; RESISTING OR OBSTRUCTING; ROBBERY WITH USE OF FORCE; BAIL JUMPING - FELONY; CRIMINAL DAMAGE TO PROPERTY; DISORDERLY CONDUCT; BAIL JUMPING - FELONY; RETAIL THEFT INTENT TAKE; BAIL JUMPING - FELONY; THEFT; BAIL JUMPING - FELONY,; ; ; ; 939.62(1)(A); 939.62(1)(B); 939.62(1)(A); ; ; ; ; ; ; ; ; ,54,Sun Prairie Police Department; Madison Police Department; Dane County Sheriffs Office,8/20/20268:43 PM,CO Pretrial,Felony,307420,"October 5, 2026 at 12:07 AM",Non-Hispanic,7WEST,7WEST,Black,Male,Non-Hispanic,39.0,8/20/2026,30s,626722.0,03 CO Pretrial,GARY,Y,No,8/21/2026 1:43:50 AM,Pretrial,STEPHENS,CCB,Physically in the jail,City-County Building,46,40,to 59,JR,10/5/2026 12:07:13 AM,10/5/2026 12:07:13 AM
https://www.danesheriff.com/Residents/Detail/397176,OPERATING WHILE INTOXICATED,,1,Dane County Sheriffs Office,9/1/202612:40 PM,Sentenced with Huber,Misdemeanor,397176,"October 5, 2026 at 12:07 AM",Non-Hispanic,CAMP,CAMP,White,Male,Non-Hispanic,38.0,9/1/2026,30s,627154.0,08 Sentenced with Huber,ELI,Y,No,9/1/2026 5:40:05 PM,Local sentence,REICHENBERGER,DVRSN,CAMP,DVRSN,34,20,to 39,Null,10/5/2026 12:07:13 AM,10/5/2026 12:07:13 AM
https://www.danesheriff.com/Residents/Detail/831587,CONTEMPT OF COURT PUN SANCTION,,1,Madison Police Department,10/5/20267:41 AM,Non Fed Resident Intransit,Misdemeanor,831587,,,,,,,,,,,,,,,,,,,,,,,,,,,
https://www.danesheriff.com/Residents/Detail/571425,PAROLE VIOLATION; EXTENDED SUPERVISION SANCTIONS,; ,2,Fitchburg Police Department,9/21/202611:43 PM,E.S. Sanct w/out work release,Civil,571425,"October 5, 2026 at 12:07 AM",Non-Hispanic,6WEST,6WEST,Black,Male,Non-Hispanic,34.0,9/21/2026,30s,627902.0,22 E.S. Sanct w/out wrk release,CHARLIE,Y,No,9/22/2026 4:43:05 AM,Extended supervision,WILLIAMS,CCB,Physically in the jail,City-County Building,14,0,to 19,Null,10/5/2026 12:07:13 AM,10/5/2026 12:07:13 AM
https://www.danesheriff.com/Residents/Detail/797103,FLEEING AN OFFICER; IMMIGRATION,; ,2,"Dane County Circuit Court; Immigration/Naturalization, US",5/29/20268:01 AM,Sentenced/Outside Hold - Huber,Felony,797103,"October 5, 2026 at 12:07 AM",Hispanic,CAMP,CAMP,White,Male,Hispanic,20.0,5/29/2026,20s,623490.0,21W Sentenced/Outsde Hld - Hubr,CARLOS,Y,Yes,5/29/2026 1:01:15 PM,Local sentence,CAYAXON GOMEZ,DVRSN,CAMP,DVRSN,129,120,to 139,Null,10/5/2026 12:07:13 AM,10/5/2026 12:07:13 AM
https://www.danesheriff.com/Residents/Detail/728786,BAIL JUMPING - MISDEMEANOR; PROBATION VIOLATION,; ,2,Sun Prairie Police Department,8/2/20266:33 AM,P/P Violation (Hold),Misdemeanor,728786,"October 5, 2026 at 12:07 AM",Non-Hispanic,6EAST,6EAST,Black,Male,Non-Hispanic,21.0,8/2/2026,20s,625981.0,05 P/P Violation (Hold),DANTE,Y,Yes,8/2/2026 11:33:54 AM,P/P hold,COPELAND,CCB,Physically in the jail,City-County Building,64,60,to 79,Null,10/5/2026 12:07:13 AM,10/5/2026 12:07:13 AM
https://www.danesheriff.com/Residents/Detail/29700,POSSESSION OF COCAINE/BASE; PROBATION VIOLATION,; ,2,UW Madison Police Department,8/29/20262:06 AM,P/P Violation (Hold),Felony,29700,"October 5, 2026 at 12:07 AM",Non-Hispanic,6EAST,6EAST,White,Male,Non-Hispanic,40.0,8/29/2026,40s,627023.0,05 P/P Violation (Hold),MICHAEL,Y,Yes,8/29/2026 7:06:28 AM,P/P hold,VOLTZ,CCB,Physically in the jail,City-County Building,37,20,to 39,II,10/5/2026 12:07:13 AM,10/5/2026 12:07:13 AM
https://www.danesheriff.com/Residents/Detail/494062,PAROLE VIOLATION,,1,Sun Prairie Police Department,9/11/20261:41 PM,P/P Violation (Hold),Civil,494062,"October 5, 2026 at 12:07 AM",Non-Hispanic,P4A,P4A,Black,Male,Non-Hispanic,31.0,9/11/2026,30s,627562.0,05 P/P Violation (Hold),TYREION,Y,Yes,9/11/2026 6:41:55 PM,P/P hold,THOMAS,PSB,Physically in the jail,Public Safety Building,24,20,to 39,Null,10/5/2026 12:07:13 AM,10/5/2026 12:07:13 AM
https://www.danesheriff.com/Residents/Detail/804785,OPERATING WHILE INTOXICATED,,1,Dane County Sheriffs Office,7/30/202611:11 AM,Sentenced with Huber,Misdemeanor,804785,,,,,,,,,,,,,,,,,,,,,,,,,,,
https://www.danesheriff.com/Residents/Detail/366533,1ST DEG INTENTIONAL HOMICIDE,939.32,1,Marshall Police Department,11/13/202512:32 AM,CO Pretrial,Felony,366533,"October 5, 2026 at 12:07 AM",Non-Hispanic,IOWA,Iowa County,White,Male,Non-Hispanic,34.0,11/13/2025,30s,616187.0,03 CO Pretrial,NICHOLAS,Y,No,11/13/2025 6:32:12 AM,Pretrial,THOMPSON,OUTSIDE,Housed in other jails,Other,326,300+,,Null,10/5/2026 12:07:13 AM,10/5/2026 12:07:13 AM
https://www.danesheriff.com/Residents/Detail/802877,PAROLE VIOLATION,,1,Probation and Parole,7/15/20263:07 PM,P/P Violation (Hold),Civil,802877,"October 5, 2026 at 12:07 AM",Non-Hispanic,P3A,P3A,White,Male,Non-Hispanic,35.0,7/15/2026,30s,625306.0,05 P/P Violation (Hold),RYNE,Y,Yes,7/15/2026 8:07:44 PM,P/P hold,OLESON,PSB,Physically in the jail,Public Safety Building,82,80,to 99,Null,10/5/2026 12:07:13 AM,10/5/2026 12:07:13 AM
https://www.danesheriff.com/Residents/Detail/769175,DISORDERLY CONDUCT; PROBATION VIOLATION; STRANGULATION; BATTERY,; ; 973.055(1); 973.055(1),4,Madison Police Department,8/26/20267:36 PM,Presentence Invest,Felony,769175,"October 5, 2026 at 12:07 AM",Non-Hispanic,6EAST,6EAST,Black,Male,Non-Hispanic,41.0,8/26/2026,40s,626938.0,06 Presentence Invest,QUINTON,Y,No,8/27/2026 12:36:54 AM,Presentence Investigation,ROGERS,CCB,Physically in the jail,City-County Building,40,40,to 59,Null,10/5/2026 12:07:13 AM,10/5/2026 12:07:13 AM
https://www.danesheriff.com/Residents/Detail/823539,PAROLE VIOLATION; RESISTING OR OBSTRUCTING; DISORDERLY CONDUCT; POSSESS DRUG PARAPHERNALIA,; ; ; ,4,Shorewood Hills Police Dept.,6/6/202611:27 PM,P/P Violation (Hold),Misdemeanor,823539,"October 5, 2026 at 12:07 AM",Non-Hispanic,P3A,P3A,Black,Male,Non-Hispanic,23.0,6/6/2026,20s,623854.0,05 P/P Violation (Hold),ANDREW,Y,Yes,6/7/2026 4:27:03 AM,P/P hold,BURNETT,PSB,Physically in the jail,Public Safety Building,121,120,to 139,Null,10/5/2026 12:07:13 AM,10/5/2026 12:07:13 AM
https://www.danesheriff.com/Residents/Detail/534815,PAROLE VIOLATION,,1,Probation and Parole,9/1/202611:02 AM,P/P Violation (Hold),Civil,534815,"October 5, 2026 at 12:07 AM",Non-Hispanic,P4I,P4I,White,Male,Non-Hispanic,31.0,9/1/2026,30s,627150.0,05 P/P Violation (Hold),MATTHEW,Y,Yes,9/1/2026 4:02:30 PM,P/P hold,PRONSCHINSKE,PSB,Physically in the jail,Public Safety Building,34,20,to 39,Null,10/5/2026 12:07:13 AM,10/5/2026 12:07:13 AM
https://www.danesheriff.com/Residents/Detail/643106,PROBATION VIOLATION; CRIMINAL TRESPASS TO DWELLING; CRIMINAL TRESPASS TO DWELLING; THEFT,; 939.05; 939.05; 939.05,4,Madison Police Department,6/30/20269:55 AM,Sentenced with Huber,Misdemeanor,643106,"October 5, 2026 at 12:07 AM",Non-Hispanic,CAMP,CAMP,Black,Male,Non-Hispanic,23.0,6/30/2026,20s,624725.0,08 Sentenced with Huber,KEYSHAWN,Y,No,6/30/2026 2:55:58 PM,Local sentence,DAVIS,DVRSN,CAMP,DVRSN,97,80,to 99,Null,10/5/2026 12:07:13 AM,10/5/2026 12:07:13 AM
https://www.danesheriff.com/Residents/Detail/79117,MANUF/DEL FENTANYL (<=10G); MFC DELIVER HEROIN <3 GMS; MFC DELIVER COCAINE 1-5 GMS; POSS W/INTENT COCAINE; POS W/INT DEL COCAINE 40-100GM; MAINTAIN PREM/VEH FOR CS; POSS OF FIREARM BY A FELON; THEFT; FEDERAL OFFENSE; EXTRADITION,; ; ; ; ; 939.05; ; ; ; ,12,US Marshal Service; Madison Police Department; Dane County Sheriffs Office,3/31/20261:21 PM,CO Pretrial/Hold,Felony,79117,"October 5, 2026 at 12:07 AM",Hispanic,P4A,P4A,White,Male,Hispanic,40.0,3/31/2026,40s,621245.0,03H CO Pretrial/Hold,HENRY,Y,Yes,3/31/2026 6:21:22 PM,Pretrial,GARCIA,PSB,Physically in the jail,Public Safety Building,188,180,to 199,Null,10/5/2026 12:07:13 AM,10/5/2026 12:07:13 AM
https://www.danesheriff.com/Residents/Detail/343245,PAROLE VIOLATION,,1,Madison Police Department,7/21/20262:35 AM,P/P Violation (Hold),Civil,343245,"October 5, 2026 at 12:07 AM",Non-Hispanic,P3A,P3A,Black,Male,Non-Hispanic,49.0,7/21/2026,40s,625542.0,05 P/P Violation (Hold),LONELL,Y,Yes,7/21/2026 7:35:06 AM,P/P hold,ECHOLS,PSB,Physically in the jail,Public Safety Building,76,60,to 79,Null,10/5/2026 12:07:13 AM,10/5/2026 12:07:13 AM
https://www.danesheriff.com/Residents/Detail/617716,PAROLE VIOLATION,,1,Dane County Sheriffs Office,5/17/20262:01 PM,P/P Violation (Hold),Civil,617716,"October 5, 2026 at 12:07 AM",Hispanic,7WEST,7WEST,White,Male,Hispanic,42.0,5/17/2026,40s,623025.0,05 P/P Violation (Hold),MICHAEL,Y,Yes,5/17/2026 7:01:53 PM,P/P hold,GRACE,CCB,Physically in the jail,City-County Building,141,140,to 159,Null,10/5/2026 12:07:13 AM,10/5/2026 12:07:13 AM
https://www.danesheriff.com/Residents/Detail/89202043,THEFT; PROBATION VIOLATION,939.05; ,2,UW Madison Police Department,9/2/20269:09 PM,CO Pretrial/Prob Hold,Misdemeanor,89202043,"October 5, 2026 at 12:07 AM",Non-Hispanic,P4E,P4E,Black,Male,Non-Hispanic,43.0,9/2/2026,40s,627231.0,03P CO Pretrial/Prob Hold,MARCUS,Y,Yes,9/3/2026 2:09:49 AM,Pretrial,TAYLOR,PSB,Physically in the jail,Public Safety Building,33,20,to 39,Null,10/5/2026 12:07:13 AM,10/5/2026 12:07:13 AM
https://www.danesheriff.com/Residents/Detail/697122,BAIL JUMPING - MISDEMEANOR; OPERATE MV WITHOUT CONSENT; BAIL JUMPING - MISDEMEANOR; DISORDERLY CONDUCT,; ; ; 939.645,5,Dane County Sheriffs Office,8/7/20268:52 PM,CO Pretrial,Felony,697122,"October 5, 2026 at 12:07 AM",Non-Hispanic,IOWA,Iowa County,White,Female,Non-Hispanic,42.0,8/7/2026,40s,626217.0,03 CO Pretrial,AMBER,Y,No,8/8/2026 1:52:05 AM,Pretrial,SALSMAN,OUTSIDE,Housed in other jails,Other,59,40,to 59,Null,10/5/2026 12:07:13 AM,10/5/2026 12:07:13 AM
https://www.danesheriff.com/Residents/Detail/686038,PROBATION VIOLATION,,1,Dane County Sheriffs Office,8/4/20263:13 PM,P/P Violation (Hold),Civil,686038,"October 5, 2026 at 12:07 AM",Non-Hispanic,6WEST,6WEST,Black,Female,Non-Hispanic,23.0,8/4/2026,20s,626079.0,05 P/P Violation (Hold),SAVANNAH,Y,Yes,8/4/2026 8:13:58 PM,P/P hold,LUCAS,CCB,Physically in the jail,City-County Building,62,60,to 79,Null,10/5/2026 12:07:13 AM,10/5/2026 12:07:13 AM
https://www.danesheriff.com/Residents/Detail/34833,PAROLE VIOLATION,,1,Probation and Parole,8/11/20264:10 PM,P/P Violation (Hold),Civil,34833,"October 5, 2026 at 12:07 AM",Non-Hispanic,P3K,P3K,White,Male,Non-Hispanic,46.0,8/11/2026,40s,626370.0,05 P/P Violation (Hold),JOHN,Y,Yes,8/11/2026 9:10:25 PM,P/P hold,SCULLY,PSB,Physically in the jail,Public Safety Building,55,40,to 59,Null,10/5/2026 12:07:13 AM,10/5/2026 12:07:13 AM
https://www.danesheriff.com/Residents/Detail/364085,OPERATING WHILE INTOXICATED; PROBATION VIOLATION; OPERATE WITH PROHIBITED BAC,; ; ,3,Dane County Sheriffs Office,9/17/20263:21 PM,P/P Violation (Hold),Misdemeanor,364085,"October 5, 2026 at 12:07 AM",Non-Hispanic,P4G,P4G,White,Male,Non-Hispanic,57.0,9/17/2026,50s,627773.0,05 P/P Violation (Hold),KARL,Y,Yes,9/17/2026 8:21:57 PM,P/P hold,ERSTAD,PSB,Physically in the jail,Public Safety Building,18,0,to 19,Null,10/5/2026 12:07:13 AM,10/5/2026 12:07:13 AM
https://www.danesheriff.com/Residents/Detail/521043,1ST-DEG RECKLESSLY ENDANG SAFE; 1ST DEG RECKLESS INJURY; POSS OF FIREARM BY A FELON; NEGLECTING A CHILD SPECIFIED HARM DID NOT OCCUR; BATTERY; DISORDERLY CONDUCT,939.63(1)(B); 939.63(1)(B); 939.62(1)(B); 939.63(1)(C); 939.62(1)(A); 939.62(1)(A),6,Fitchburg Police Department,7/10/20262:17 AM,CO Pretrial,Felony,521043,"October 5, 2026 at 12:07 AM",Non-Hispanic,P3E,P3E,Black,Male,Non-Hispanic,29.0,7/10/2026,20s,625109.0,03 CO Pretrial,DOMINIQUE,Y,No,7/10/2026 7:17:26 AM,Pretrial,GAUNICHAUX,PSB,Physically in the jail,Public Safety Building,87,80,to 99,Null,10/5/2026 12:07:13 AM,10/5/2026 12:07:13 AM
https://www.danesheriff.com/Residents/Detail/420622,BATTERY; DISORDERLY CONDUCT; PROBATION VIOLATION,; ; ,3,Marshall Police Department,9/17/202611:28 PM,P/P Violation (Hold),Misdemeanor,420622,"October 5, 2026 at 12:07 AM",Non-Hispanic,P3I,P3I,White,Female,Non-Hispanic,36.0,9/17/2026,30s,627788.0,05 P/P Violation (Hold),CASSAUNDRA,Y,Yes,9/18/2026 4:28:17 AM,P/P hold,JABLONSKI,PSB,Physically in the jail,Public Safety Building,18,0,to 19,Null,10/5/2026 12:07:13 AM,10/5/2026 12:07:13 AM
https://www.danesheriff.com/Residents/Detail/798252,2ND DEGREE SEXUAL ASSAULT; 1ST-DEG RECKLESSLY ENDANG SAFE; DISORDERLY CONDUCT; RESISTING OR OBSTRUCTING; CRIMINAL DAMAGE TO PROPERTY; BAIL JUMPING - MISDEMEANOR; BAIL JUMPING - FELONY; PROBATION VIOLATION; BATTERY BY PRISONERS; PRIS THROW EXPEL BODY SUBSTANC; BATTERY; DISORDERLY CONDUCT; RESISTING OR OBSTRUCTING; BATTERY BY PRISONERS,939.32; ; 939.63; ; ; ; ; ; 939.62(1)(B); ; 939.62(1)(A); 939.62(1)(A); 939.62(1)(A); ,16,Dane County Circuit Court; Madison Police Department,5/12/20263:46 AM,CO Pretrial,Felony,798252,"October 5, 2026 at 12:07 AM",Non-Hispanic,7WEST,7WEST,Black,Male,Non-Hispanic,34.0,5/12/2026,30s,622811.0,03 CO Pretrial,TRAYVON,Y,No,5/12/2026 8:46:15 AM,Pretrial,SINGLETON,CCB,Physically in the jail,City-County Building,146,140,to 159,Null,10/5/2026 12:07:13 AM,10/5/2026 12:07:13 AM
https://www.danesheriff.com/Residents/Detail/83803,OPERATING WHILE INTOXICATED,,1,Dane County Sheriffs Office,7/16/20269:56 AM,Sentenced with Huber,Misdemeanor,83803,"October 5, 2026 at 12:07 AM",Non-Hispanic,CAMP,CAMP,White,Male,Non-Hispanic,49.0,7/16/2026,40s,625341.0,08 Sentenced with Huber,JEFFERY,Y,No,7/16/2026 2:56:19 PM,Local sentence,HAMMOND,DVRSN,CAMP,DVRSN,81,80,to 99,Null,10/5/2026 12:07:13 AM,10/5/2026 12:07:13 AM
https://www.danesheriff.com/Residents/Detail/729410,DISORDERLY CONDUCT; BATTERY TO AN ELDER PERSON RECKLESSLY CAUSE BODILY HARM; RESISTING OR OBSTRUCTING; BAIL JUMPING - FELONY; POSSESS NARCOTIC/ANALOG; PROBATION VIOLATION,; ; ; ; ; ,6,Madison Police Department,7/27/20262:50 AM,P/P Violation (Hold),Felony,729410,"October 5, 2026 at 12:07 AM",Non-Hispanic,P3I,P3I,Black,Female,Non-Hispanic,24.0,7/27/2026,20s,625740.0,05 P/P Violation (Hold),NYKERIA,Y,Yes,7/27/2026 7:50:02 AM,P/P hold,FLOWERS,PSB,Physically in the jail,Public Safety Building,70,60,to 79,Null,10/5/2026 12:07:13 AM,10/5/2026 12:07:13 AM
https://www.danesheriff.com/Residents/Detail/90091082,DISORDERLY CONDUCT; CONTEMPT OF COURT PUN SANCTION,; ,2,Madison Police Department,9/24/20264:38 AM,Sentenced with Huber,Misdemeanor,90091082,"October 5, 2026 at 12:07 AM",Non-Hispanic,7WEST,7WEST,Black,Male,Non-Hispanic,53.0,9/24/2026,50s,627988.0,08 Sentenced with Huber,MARCUS,Y,No,9/24/2026 9:38:34 AM,Local sentence,SMITH,CCB,Physically in the jail,City-County Building,11,0,to 19,Null,10/5/2026 12:07:13 AM,10/5/2026 12:07:13 AM
https://www.danesheriff.com/Residents/Detail/668992,NEGLECTING A CHILD SPECIFIED HARM DID NOT OCCUR,,1,Madison Police Department,10/5/202612:57 AM,CO Prearraignment,Felony,668992,,,,,,,,,,,,,,,,,,,,,,,,,,,
https://www.danesheriff.com/Residents/Detail/93181802,PROBATION VIOLATION,,1,Probation and Parole,8/26/202612:36 PM,P/P Violation (Hold),Civil,93181802,"October 5, 2026 at 12:07 AM",Non-Hispanic,IOWA,Iowa County,White,Female,Non-Hispanic,36.0,8/26/2026,30s,626931.0,05 P/P Violation (Hold),CHRISTINA,Y,Yes,8/26/2026 5:36:44 PM,P/P hold,EVERT,OUTSIDE,Housed in other jails,Other,40,40,to 59,Null,10/5/2026 12:07:13 AM,10/5/2026 12:07:13 AM
https://www.danesheriff.com/Residents/Detail/90002852,DISORDERLY CONDUCT; PAROLE VIOLATION,939.63(1)(A); ,2,Madison Police Department,10/3/20268:10 PM,CO Prearr/Probation,Misdemeanor,90002852,"October 5, 2026 at 12:07 AM",Non-Hispanic,MALEDORM,MALEDORM,White,Male,Non-Hispanic,62.0,10/3/2026,60s,628318.0,01P CO Prearr/Probation,RICHARD,Y,Yes,10/4/2026 1:10:27 AM,Pretrial,LYNCH,PSB,Physically in the jail,Public Safety Building,2,0,to 19,Null,10/5/2026 12:07:13 AM,10/5/2026 12:07:13 AM
https://www.danesheriff.com/Residents/Detail/727227,PAROLE VIOLATION; POSS OF FIREARM BY A FELON; THEFT OF FIREARM; POSS OF FIREARM BY A FELON,; ; ; ,4,Verona Police Department; Cottage Grove Police Dept.,10/3/20262:34 PM,CO Prearr/Probation,Felony,727227,"October 5, 2026 at 12:07 AM",Non-Hispanic,7WEST,7WEST,Black,Male,Non-Hispanic,19.0,10/3/2026,<20,628312.0,01P CO Prearr/Probation,WILLIE,Y,Yes,10/3/2026 7:34:42 PM,Pretrial,WALLS,CCB,Physically in the jail,City-County Building,2,0,to 19,Null,10/5/2026 12:07:13 AM,10/5/2026 12:07:13 AM
https://www.danesheriff.com/Residents/Detail/95300535,PAROLE VIOLATION,,1,Fitchburg Police Department,7/30/20262:40 PM,P/P Violation (Hold),Civil,95300535,"October 5, 2026 at 12:07 AM",Non-Hispanic,P4A,P4A,White,Male,Non-Hispanic,35.0,7/30/2026,30s,625866.0,05 P/P Violation (Hold),BRANDON,Y,Yes,7/30/2026 7:40:30 PM,P/P hold,FINCH,PSB,Physically in the jail,Public Safety Building,67,60,to 79,Null,10/5/2026 12:07:13 AM,10/5/2026 12:07:13 AM
https://www.danesheriff.com/Residents/Detail/90084253,RESISTING OR OBSTRUCTING; PROBATION VIOLATION; BATTERY,; ; ,3,Madison Police Department,3/4/199711:08 PM,Sentenced with Huber,Misdemeanor,90084253,,,,,,,,,,,,,,,,,,,,,,,,,,,
https://www.danesheriff.com/Residents/Detail/168251,DISORDERLY CONDUCT; BATTERY; CRIMINAL DAMAGE TO PROPERTY; THREAT TO CAUSE BODILY HARM TO CERTAIN INDIVIDUALS INV WITH A CRT LEGAL SYSTEM; PROBATION VIOLATION,939.63(1)(A); ; ; ; ,5,Madison Police Department,6/14/202610:38 PM,P/P Violation (Hold),Misdemeanor,168251,"October 5, 2026 at 12:07 AM",Non-Hispanic,6WEST,6WEST,Black,Female,Non-Hispanic,36.0,6/14/2026,30s,624158.0,05 P/P Violation (Hold),VICTORIA,Y,Yes,6/15/2026 3:38:50 AM,P/P hold,STOKES,CCB,Physically in the jail,City-County Building,113,100,to 119,Null,10/5/2026 12:07:13 AM,10/5/2026 12:07:13 AM
https://www.danesheriff.com/Residents/Detail/74249,PAROLE VIOLATION; CREDIT CARD FRAUDULENT USE; THEFT,; ; ,3,Dane County Sheriffs Office,8/18/202612:31 PM,CO Pretrial/Prob Hold,Misdemeanor,74249,"October 5, 2026 at 12:07 AM",Non-Hispanic,P3K,P3K,Native American,Male,Non-Hispanic,33.0,8/18/2026,30s,626634.0,03P CO Pretrial/Prob Hold,JEDEDIAH,Y,Yes,8/18/2026 5:31:46 PM,Pretrial,CHRISTIANSON,PSB,Physically in the jail,Public Safety Building,48,40,to 59,Null,10/5/2026 12:07:13 AM,10/5/2026 12:07:13 AM
https://www.danesheriff.com/Residents/Detail/426446,POSSESS DRUG PARAPHERNALIA; POSSESS NARCOTIC/ANALOG; POS W/INT DEL COCAINE 15-40GM; POSSESS W/INT DEL THC <200 GMS; PAROLE VIOLATION; POSSESSION OF COCAINE/BASE,; ; ; ; ; 961.48(1)(B),6,Sun Prairie Police Department,8/15/20262:34 AM,P/P Violation (Hold),Felony,426446,"October 5, 2026 at 12:07 AM",Non-Hispanic,P3K,P3K,Black,Male,Non-Hispanic,32.0,8/15/2026,30s,626505.0,05 P/P Violation (Hold),XAVIER,Y,Yes,8/15/2026 7:34:55 AM,P/P hold,WHITE,PSB,Physically in the jail,Public Safety Building,51,40,to 59,Null,10/5/2026 12:07:13 AM,10/5/2026 12:07:13 AM
https://www.danesheriff.com/Residents/Detail/831562,PROBATION VIOLATION,,1,Madison Police Department,10/3/202610:12 PM,P/P Violation (Hold),Civil,831562,"October 5, 2026 at 12:07 AM",Non-Hispanic,MALEDORM,MALEDORM,White,Male,Non-Hispanic,51.0,10/3/2026,50s,628324.0,05 P/P Violation (Hold),JAMES,Y,Yes,10/4/2026 3:12:52 AM,P/P hold,LEWKOWICH,PSB,Physically in the jail,Public Safety Building,2,0,to 19,Null,10/5/2026 12:07:13 AM,10/5/2026 12:07:13 AM
https://www.danesheriff.com/Residents/Detail/250783,PAROLE VIOLATION; ARMED ROBBERY; DISORDERLY CONDUCT,; 939.62(1)(C); 939.62(1)(A),5,Madison Police Department,8/27/20265:25 PM,CO Pretrial/Prob Hold,Felony,250783,"October 5, 2026 at 12:07 AM",Non-Hispanic,6EAST,6EAST,Black,Male,Non-Hispanic,36.0,8/27/2026,30s,626966.0,03P CO Pretrial/Prob Hold,FREDRICK,Y,Yes,8/27/2026 10:25:25 PM,Pretrial,JONES,CCB,Physically in the jail,City-County Building,39,20,to 39,Null,10/5/2026 12:07:13 AM,10/5/2026 12:07:13 AM
https://www.danesheriff.com/Residents/Detail/528232,PROBATION VIOLATION; 1ST DEG INTENTIONAL HOMICIDE; 1ST DEG INTENTIONAL HOMICIDE; 1ST-DEG RECKLESSLY ENDANG SAFE,; 939.05; 939.05; 939.05,6,Madison Police Department,7/23/20246:03 PM,CO Pretrial,Felony,528232,"October 5, 2026 at 12:07 AM",Non-Hispanic,IOWA,Iowa County,Black,Male,Non-Hispanic,25.0,7/23/2024,20s,599040.0,03 CO Pretrial,JAVIAN,Y,No,7/23/2024 11:03:51 PM,Pretrial,WHITE,OUTSIDE,Housed in other jails,Other,804,300+,,Null,10/5/2026 12:07:13 AM,10/5/2026 12:07:13 AM
https://www.danesheriff.com/Residents/Detail/312357,2ND-DEG RECKLESSLY ENDANG SAFE; BAIL JUMPING - FELONY; BAIL JUMPING - FELONY; POSSESSION METHAMPHETAMINE; RESISTING OR OBSTRUCTING; POSSESSION METHAMPHETAMINE; BAIL JUMPING - FELONY; RESISTING OR OBSTRUCTING; DISORDERLY CONDUCT; BAIL JUMPING - FELONY; BATTERY; DISORDERLY CONDUCT; RESISTING OR OBSTRUCTING; BAIL JUMPING - FELONY; BAIL JUMPING - FELONY; DISORDERLY CONDUCT; BATTERY; RESISTING OR OBSTRUCTING; DISCHG BODY FLUID PUBLIC WRKR,939.63(1)(A); ; 939.621(1)(B); 961.48(1)(B); 939.62(1)(A); ; ; ; 973.055(1); ; 939.62(1)(A); 939.62(1)(A); 939.62(1)(A); 973.055(1); 939.62(1)(B); 973.055(1); 973.055(1); ; ,27,Dane County Circuit Court; Madison Police Department,6/14/20263:38 PM,CO Pretrial,Felony,312357,"October 5, 2026 at 12:07 AM",Non-Hispanic,7WEST,7WEST,White,Male,Non-Hispanic,32.0,6/14/2026,30s,624144.0,03 CO Pretrial,TAYLOR,Y,No,6/14/2026 8:38:42 PM,Pretrial,CHRISTIAN,CCB,Physically in the jail,City-County Building,113,100,to 119,Null,10/5/2026 12:07:13 AM,10/5/2026 12:07:13 AM
https://www.danesheriff.com/Residents/Detail/286365,BAIL JUMPING - FELONY; BAIL JUMPING - MISDEMEANOR; HUMAN TRAFFICKING; INCEST; CONTRIBUTE DELINQUENCY CHILD; REP SEXUAL ASSAULT SAME CHILD; BATTERY-SUBST BODILY HARM; FALSE IMPRISONMENT; CRIMINAL DAMAGE TO PROPERTY; DISORDERLY CONDUCT; BAIL JUMPING - MISDEMEANOR; OPERATE WITH CONTROLLED SUBS,; ; ; ; ; ; 973.055(1); 973.055(1); ; 973.055(1); 973.055(1); ,16,Dane County Circuit Court; Madison Police Department,12/20/20241:54 PM,Presentence Invest,Felony,286365,"October 5, 2026 at 12:07 AM",Hispanic,IOWA,Iowa County,White,Male,Hispanic,33.0,12/20/2024,30s,604338.0,06 Presentence Invest,ALEXIS,Y,No,12/20/2024 7:54:41 PM,Presentence Investigation,MARTINEZ-ARIAS,OUTSIDE,Housed in other jails,Other,654,300+,,Null,10/5/2026 12:07:13 AM,10/5/2026 12:07:13 AM
https://www.danesheriff.com/Residents/Detail/482358,OPERATING WHILE INTOXICATED,,1,McFarland Police Department,9/9/202611:59 AM,Sentenced with Huber,Misdemeanor,482358,"October 5, 2026 at 12:07 AM",Non-Hispanic,CAMP,CAMP,White,Male,Non-Hispanic,31.0,9/9/2026,30s,627489.0,08 Sentenced with Huber,COLTON,Y,No,9/9/2026 4:59:11 PM,Local sentence,BALSAMO,DVRSN,CAMP,DVRSN,26,20,to 39,Null,10/5/2026 12:07:13 AM,10/5/2026 12:07:13 AM
https://www.danesheriff.com/Residents/Detail/90106870,MFC DELIVER COCAINE 1-5 GMS,961.49(1M)(B)1,1,Dane County Circuit Court,3/23/20267:48 AM,Sentenced with Huber,Felony,90106870,"October 5, 2026 at 12:07 AM",Non-Hispanic,CAMP,CAMP,Black,Male,Non-Hispanic,55.0,3/23/2026,50s,620918.0,08 Sentenced with Huber,MARRELL,Y,No,3/23/2026 12:48:38 PM,Local sentence,YOUNG,DVRSN,CAMP,DVRSN,196,180,to 199,Null,10/5/2026 12:07:13 AM,10/5/2026 12:07:13 AM
https://www.danesheriff.com/Residents/Detail/90018836,BATTERY; PROBATION VIOLATION,939.62(1)(A); ,2,Madison Police Department,6/23/202612:43 AM,P/P Violation (Hold),Misdemeanor,90018836,"October 5, 2026 at 12:07 AM",Non-Hispanic,IOWA,Iowa County,White,Male,Non-Hispanic,69.0,6/23/2026,60s,624437.0,05 P/P Violation (Hold),RONALD,Y,Yes,6/23/2026 5:43:52 AM,P/P hold,DUELL,OUTSIDE,Housed in other jails,Other,104,100,to 119,Null,10/5/2026 12:07:13 AM,10/5/2026 12:07:13 AM
https://www.danesheriff.com/Residents/Detail/305028,PAROLE VIOLATION,,1,Probation and Parole,8/10/20262:55 PM,P/P Violation (Hold),Civil,305028,"October 5, 2026 at 12:07 AM",Non-Hispanic,6EAST,6EAST,Black,Male,Non-Hispanic,36.0,8/10/2026,30s,626319.0,05 P/P Violation (Hold),KARAY,Y,Yes,8/10/2026 7:55:40 PM,P/P hold,REYNOLDS,CCB,Physically in the jail,City-County Building,56,40,to 59,Null,10/5/2026 12:07:13 AM,10/5/2026 12:07:13 AM
https://www.danesheriff.com/Residents/Detail/723793,DISORDERLY CONDUCT; BATTERY; POSSESS DRUG PARAPHERNALIA; BAIL JUMPING - FELONY,; ; ; ,4,Madison Police Department,10/1/20263:26 PM,CO Pretrial,Felony,723793,"October 5, 2026 at 12:07 AM",Non-Hispanic,FEMALEHOUSING,FEMALEHOUSING,Black,Female,Non-Hispanic,23.0,10/1/2026,20s,628243.0,03 CO Pretrial,ALYSSIA,Y,No,10/1/2026 8:26:54 PM,Pretrial,PATTERSON,PSB,Physically in the jail,Public Safety Building,4,0,to 19,Null,10/5/2026 12:07:13 AM,10/5/2026 12:07:13 AM
https://www.danesheriff.com/Residents/Detail/691739,PROBATION VIOLATION; JUV POSS DANGEROUS WEAPON,; ,2,Madison Police Department,5/4/20265:35 PM,Sentenced with Huber,Misdemeanor,691739,"October 5, 2026 at 12:07 AM",Non-Hispanic,P4C,P4C,Black,Male,Non-Hispanic,19.0,5/4/2026,<20,622533.0,08 Sentenced with Huber,JAMARI,Y,No,5/4/2026 10:35:03 PM,Local sentence,BRAND,PSB,Physically in the jail,Public Safety Building,154,140,to 159,Null,10/5/2026 12:07:13 AM,10/5/2026 12:07:13 AM
https://www.danesheriff.com/Residents/Detail/90075580,VIO HARASSMENT INJUNCTION; OPERATE AFTER SUSP/REV,; ,2,Madison Police Department,1/5/19916:56 PM,Prob Sentence/Work Release,Misdemeanor,90075580,,,,,,,,,,,,,,,,,,,,,,,,,,,
https://www.danesheriff.com/Residents/Detail/260547,BAIL JUMPING - FELONY,,1,Middleton Police Department,10/1/202610:01 PM,CO Prearraignment,Felony,260547,"October 5, 2026 at 12:07 AM",Non-Hispanic,6WEST,6WEST,Black,Male,Non-Hispanic,73.0,10/1/2026,70s,628252.0,01 CO Prearraignment,JEROME,Y,No,10/2/2026 3:01:16 AM,Pretrial,WHITE,CCB,Physically in the jail,City-County Building,4,0,to 19,Null,10/5/2026 12:07:13 AM,10/5/2026 12:07:13 AM
https://www.danesheriff.com/Residents/Detail/311896,POSS DRUG PARAPHERNALIA; PAROLE VIOLATION,; ,2,Madison Police Department,8/17/202612:44 PM,P/P Violation (Hold),Misdemeanor,311896,"October 5, 2026 at 12:07 AM",Non-Hispanic,P3E,P3E,Black,Male,Non-Hispanic,39.0,8/17/2026,30s,626591.0,05 P/P Violation (Hold),JEFFREY,Y,Yes,8/17/2026 5:44:44 PM,P/P hold,JEFFERSON,PSB,Physically in the jail,Public Safety Building,49,40,to 59,Null,10/5/2026 12:07:13 AM,10/5/2026 12:07:13 AM
https://www.danesheriff.com/Residents/Detail/285415,BATTERY-SUBST BODILY HARM; PROBATION VIOLATION,; ,2,Dane County Sheriffs Office,9/3/20264:20 PM,P/P Violation (Hold),Misdemeanor,285415,"October 5, 2026 at 12:07 AM",Non-Hispanic,P4I,P4I,White,Male,Non-Hispanic,33.0,9/3/2026,30s,627267.0,05 P/P Violation (Hold),ROBERT,Y,Yes,9/3/2026 9:20:17 PM,P/P hold,CHRISTY,PSB,Physically in the jail,Public Safety Building,32,20,to 39,III,10/5/2026 12:07:13 AM,10/5/2026 12:07:13 AM
https://www.danesheriff.com/Residents/Detail/271971,OPERATING WHILE INTOXICATED,,1,Dane County Sheriffs Office,9/11/202611:45 AM,Sentenced with Huber,Misdemeanor,271971,"October 5, 2026 at 12:07 AM",Non-Hispanic,CAMP,CAMP,Black,Male,Non-Hispanic,43.0,9/11/2026,40s,627558.0,08 Sentenced with Huber,CHRISTOPHER,Y,No,9/11/2026 4:45:34 PM,Local sentence,RICHARDSON,DVRSN,CAMP,DVRSN,24,20,to 39,Null,10/5/2026 12:07:13 AM,10/5/2026 12:07:13 AM
https://www.danesheriff.com/Residents/Detail/831564,DISORDERLY CONDUCT,,1,Madison Police Department,10/4/202612:04 AM,CO Prearraignment,Misdemeanor,831564,"October 5, 2026 at 12:07 AM",Non-Hispanic,P3C,P3C,White,Male,Non-Hispanic,32.0,10/4/2026,30s,628325.0,01 CO Prearraignment,JONATHAN,Y,No,10/4/2026 5:04:15 AM,Pretrial,WILKINSON,PSB,Physically in the jail,Public Safety Building,1,0,to 19,Null,10/5/2026 12:07:13 AM,10/5/2026 12:07:13 AM
https://www.danesheriff.com/Residents/Detail/729887,PAROLE VIOLATION; EXTENDED SUPERVISION SANCTIONS,; ,2,Dane County Sheriffs Office,9/6/20267:03 PM,E.S. Sanct w/out work release,Civil,729887,"October 5, 2026 at 12:07 AM",Non-Hispanic,P4G,P4G,Black,Male,Non-Hispanic,45.0,9/6/2026,40s,627388.0,22 E.S. Sanct w/out wrk release,ZEXDRA,Y,No,9/7/2026 12:03:30 AM,Extended supervision,SMITH,PSB,Physically in the jail,Public Safety Building,29,20,to 39,Null,10/5/2026 12:07:13 AM,10/5/2026 12:07:13 AM
https://www.danesheriff.com/Residents/Detail/606148,OPERATE MV WITHOUT CONSENT; BATT/THREAT LAW ENFORC JUDGE PROSEC; PROBATION VIOLATION; THREAT TO CAUSE BODILY HARM TO CERTAIN INDIVIDUALS INV WITH A CRT LEGAL SYSTEM; OPERATE MV WITHOUT CONSENT; FIN TRANS CARD FRAUDULENT USE; BATTERY BY PRISONERS,939.62(1)(B); ; ; 939.62(1)(B); 939.62(1)(B); 939.62(1)(A); 939.62(1)(B),7,Sun Prairie Police Department; Middleton Police Department; Dane County Sheriffs Office,7/20/202611:09 PM,CO Pretrial/Prob Hold,Felony,606148,"October 5, 2026 at 12:07 AM",Non-Hispanic,7EAST,7EAST,Black,Male,Non-Hispanic,30.0,7/20/2026,30s,625534.0,03P CO Pretrial/Prob Hold,MONTEL,Y,Yes,7/21/2026 4:09:48 AM,Pretrial,MCCARTER,CCB,Physically in the jail,City-County Building,77,60,to 79,Null,10/5/2026 12:07:13 AM,10/5/2026 12:07:13 AM
https://www.danesheriff.com/Residents/Detail/149763,STALKING; BAIL JUMPING - FELONY; VIO DOMESTIC ABUSE INJUNCTION; 2ND DEG SEX ASSAULT USE FORCE; BATTERY; DISORDERLY CONDUCT; BATTERY-SUBST BODILY HARM; THREAT INJ ACCUSE OF CRIME; DISORDERLY CONDUCT; INTIM VICTIM THREATEN FORCE; STRANGULATION; BATTERY; DOM ABUSE CONTACT PROV VIOL; IMMIGRATION,973.055(1); 973.055(1); ; 973.055(1); 973.055(1); 973.055(1); 939.63(1)(C); ; 973.055(1); 973.055(1); 973.055(1); 973.055(1); 973.055(1); ,20,"Madison Police Department; Immigration/Naturalization, US",11/4/20254:13 PM,CO Pretrial,Felony,149763,"October 5, 2026 at 12:07 AM",Hispanic,P4I,P4I,White,Male,Hispanic,42.0,11/4/2025,40s,615888.0,03 CO Pretrial,MARIO,Y,No,11/4/2025 10:13:34 PM,Pretrial,DIAZ RUBIOS,PSB,Physically in the jail,Public Safety Building,335,300+,,Null,10/5/2026 12:07:13 AM,10/5/2026 12:07:13 AM
https://www.danesheriff.com/Residents/Detail/142005,MANUF/DELIVER COCAINE 40-100 G,,1,US Marshal Service; Dane County Circuit Court,4/24/20267:31 AM,Sentenced/Outside Hold,Felony,142005,"October 5, 2026 at 12:07 AM",Non-Hispanic,P4A,P4A,Black,Male,Non-Hispanic,47.0,4/24/2026,40s,622117.0,21 Sentenced/Outside Hold,LARRY,Y,Yes,4/24/2026 12:31:26 PM,Local sentence,SULLIVAN,PSB,Physically in the jail,Public Safety Building,164,160,to 179,Null,10/5/2026 12:07:13 AM,10/5/2026 12:07:13 AM
https://www.danesheriff.com/Residents/Detail/762065,PROBATION VIOLATION; 1ST-DEG RECKLESSLY ENDANG SAFE; POSSESS FIREARM IN SCHOOL ZONE; JUV POSS DANGEROUS WEAPON; POSS OF FIREARM BY A FELON,; ; 939.62(1)(B); 939.62(1)(A); ,5,Madison Police Department,4/30/20261:49 PM,CO Pretrial,Felony,762065,"October 5, 2026 at 12:07 AM",Hispanic,7WEST,7WEST,White,Male,Hispanic,17.0,4/30/2026,<20,622377.0,03 CO Pretrial,KEVIN,Y,No,4/30/2026 6:49:56 PM,Pretrial,NEMECKAY,CCB,Physically in the jail,City-County Building,158,140,to 159,Null,10/5/2026 12:07:13 AM,10/5/2026 12:07:13 AM
https://www.danesheriff.com/Residents/Detail/96100943,BATTERY; CRIMINAL DAMAGE TO PROPERTY; DISORDERLY CONDUCT; FALSE IMPRISONMENT; INTIM VICTIM DAMAGE PROPERTY; STRANGULATION; POSSESS DRUG PARAPHERNALIA; RESISTING OR OBSTRUCTING; POSSESSION OF COCAINE/BASE; PROBATION VIOLATION; OPERATING WHILE REVOKED; TAMPERING W IGNITION INTERLOCK,973.055(1); 973.055(1); 973.055(1); 973.055(1); 973.055(1); 973.055(1); ; 939.62(1)(A); ; ; ; ,12,Sun Prairie Police Department; Deforest Police Department,8/20/20265:28 PM,CO Pretrial/Prob Hold,Felony,96100943,"October 5, 2026 at 12:07 AM",Hispanic,6EAST,6EAST,White,Male,Hispanic,43.0,8/20/2026,40s,626716.0,03P CO Pretrial/Prob Hold,ISAAC,Y,Yes,8/20/2026 10:28:21 PM,Pretrial,BRAVO,CCB,Physically in the jail,City-County Building,46,40,to 59,II,10/5/2026 12:07:13 AM,10/5/2026 12:07:13 AM
https://www.danesheriff.com/Residents/Detail/599844,THEFT; DISORDERLY CONDUCT; PROBATION VIOLATION; DISORDERLY CONDUCT; OPERATE MV WITHOUT CONSENT; CRIMINAL TRESPASS TO DWELLING; RESISTING OR OBSTRUCTING; RESISTING OR OBSTRUCTING; BAIL JUMPING - MISDEMEANOR; THEFT; THEFT; THEFT; CRIMINAL TRESPASS TO DWELLING; ESCAPE CRIMINAL ARREST; PROBATION VIOLATION; OPERATE MV WITHOUT CONSENT; THEFT; CRIMINAL TRESPASS TO DWELLING,; ; ; ; ; ; ; ; ; ; ; ; ; ; ; ; ; ,20,Madison Police Department; Dane County Sheriffs Office,10/19/20229:51 PM,Sentenced W/O Huber,Felony,599844,"October 5, 2026 at 12:07 AM",Non-Hispanic,6EAST,6EAST,White,Male,Non-Hispanic,25.0,10/19/2022,20s,576358.0,07 Sentenced W/O Huber,SACHEL,Y,No,10/20/2022 2:51:47 AM,Local sentence,HAMM,CCB,Physically in the jail,City-County Building,"1,447",300+,,Null,10/5/2026 12:07:13 AM,10/5/2026 12:07:13 AM
https://www.danesheriff.com/Residents/Detail/96100303,PAROLE VIOLATION,,1,Madison Police Department,9/2/20264:19 AM,P/P Violation (Hold),Civil,96100303,"October 5, 2026 at 12:07 AM",Non-Hispanic,6EAST,6EAST,Black,Male,Non-Hispanic,43.0,9/2/2026,40s,627199.0,05 P/P Violation (Hold),CARLOS,Y,Yes,9/2/2026 9:19:32 AM,P/P hold,DAVIS,CCB,Physically in the jail,City-County Building,33,20,to 39,Null,10/5/2026 12:07:13 AM,10/5/2026 12:07:13 AM
https://www.danesheriff.com/Residents/Detail/242088,OPERATING WHILE INTOXICATED; DISC FIREARM WIN 100 YDS BUILD; OPERATE GO ARM W FIREARM INTOX; OPERATING WHILE INTOXICATED,; ; ; ,4,Verona Police Department; Dane County Sheriffs Office,5/19/202612:43 PM,Sentenced with Huber,Felony,242088,"October 5, 2026 at 12:07 AM",Non-Hispanic,CAMP,CAMP,Black,Male,Non-Hispanic,35.0,5/19/2026,30s,623097.0,08 Sentenced with Huber,GEORGE,Y,No,5/19/2026 5:43:51 PM,Local sentence,SYDNOR,DVRSN,CAMP,DVRSN,139,120,to 139,Null,10/5/2026 12:07:13 AM,10/5/2026 12:07:13 AM
https://www.danesheriff.com/Residents/Detail/195325,PAROLE VIOLATION,,1,Probation and Parole,3/25/20264:29 PM,P/P Violation (Hold),Civil,195325,"October 5, 2026 at 12:07 AM",Non-Hispanic,P4C,P4C,White,Male,Non-Hispanic,51.0,3/25/2026,50s,621015.0,05 P/P Violation (Hold),NATHANIEL,Y,Yes,3/25/2026 9:29:44 PM,P/P hold,HORTON,PSB,Physically in the jail,Public Safety Building,194,180,to 199,Null,10/5/2026 12:07:13 AM,10/5/2026 12:07:13 AM
https://www.danesheriff.com/Residents/Detail/414778,PROBATION VIOLATION; EXTENDED SUPERVISION SANCTIONS,; ,2,Probation and Parole,7/20/20262:48 PM,E.S. Sanct w/out work release,Civil,414778,"October 5, 2026 at 12:07 AM",Non-Hispanic,P3K,P3K,Black,Male,Non-Hispanic,39.0,7/20/2026,30s,625514.0,22 E.S. Sanct w/out wrk release,THADDEAUS,Y,No,7/20/2026 7:48:56 PM,Extended supervision,ATTAWAY,PSB,Physically in the jail,Public Safety Building,77,60,to 79,Null,10/5/2026 12:07:13 AM,10/5/2026 12:07:13 AM
https://www.danesheriff.com/Residents/Detail/689915,PAROLE VIOLATION,,1,Madison Police Department,6/10/20262:53 PM,P/P Violation (Hold),Civil,689915,"October 5, 2026 at 12:07 AM",Non-Hispanic,7WEST,7WEST,Black,Male,Non-Hispanic,22.0,6/10/2026,20s,623983.0,05 P/P Violation (Hold),TYELL,Y,Yes,6/10/2026 7:53:12 PM,P/P hold,ALLEN-WILLIAMS,CCB,Physically in the jail,City-County Building,117,100,to 119,Null,10/5/2026 12:07:13 AM,10/5/2026 12:07:13 AM
https://www.danesheriff.com/Residents/Detail/409405,PAROLE VIOLATION; 4TH DEG SEX ASSAULT; 1ST SEX ASSAULT CHILD W/O GBH; SEX REGISTRY VIOLATION,; 939.62(1)(A); ; ,5,Sun Prairie Police Department; Madison Police Department; Probation and Parole,11/21/202512:31 AM,CO Pretrial/Prob Hold,Felony,409405,"October 5, 2026 at 12:07 AM",Non-Hispanic,6WEST,6WEST,Black,Male,Non-Hispanic,38.0,11/21/2025,30s,616485.0,03P CO Pretrial/Prob Hold,SANDY,Y,Yes,11/21/2025 6:31:09 AM,Pretrial,GRAHAM,CCB,Physically in the jail,City-County Building,318,300+,,Null,10/5/2026 12:07:13 AM,10/5/2026 12:07:13 AM
https://www.danesheriff.com/Residents/Detail/90119688,OPERATING WHILE INTOXICATED; OPERATE WITH PROHIBITED BAC; OPERATING WHILE REVOKED; THEFT; BAIL JUMPING - FELONY,; ; ; ; ,5,Madison Police Department,4/25/20262:47 PM,Sentenced Huber Revoked,Felony,90119688,"October 5, 2026 at 12:07 AM",Non-Hispanic,P3K,P3K,White,Male,Non-Hispanic,46.0,4/25/2026,40s,622161.0,08V Sentenced Huber Revoked,BRANDON,Y,No,4/25/2026 7:47:02 PM,Local sentence,GOTHARD,PSB,Physically in the jail,Public Safety Building,163,160,to 179,Null,10/5/2026 12:07:13 AM,10/5/2026 12:07:13 AM
https://www.danesheriff.com/Residents/Detail/822737,2ND-DEG RECKLESSLY ENDANG SAFE; ENDANGER SAFETY DANGER WEAPON; BAIL JUMPING - MISDEMEANOR,; ; ,3,Madison Police Department,10/1/202611:20 AM,CO Prearraignment,Felony,822737,"October 5, 2026 at 12:07 AM",Hispanic,MALEDORM,MALEDORM,White,Male,Hispanic,17.0,10/1/2026,<20,628230.0,01 CO Prearraignment,JOAQUIN,Y,No,10/1/2026 4:20:12 PM,Pretrial,PIOQUINTO,PSB,Physically in the jail,Public Safety Building,4,0,to 19,Null,10/5/2026 12:07:13 AM,10/5/2026 12:07:13 AM
https://www.danesheriff.com/Residents/Detail/826794,BAIL JUMPING - FELONY; BAIL JUMPING - MISDEMEANOR; CRIMINAL DAMAGE TO PROPERTY; DISORDERLY CONDUCT; IMMIGRATION,; ; ; ; ,12,"Fitchburg Police Department; Immigration/Naturalization, US",9/22/20266:31 PM,CO Pretrial,Felony,826794,"October 5, 2026 at 12:07 AM",Hispanic,P4I,P4I,White,Male,Hispanic,33.0,9/22/2026,30s,627937.0,03 CO Pretrial,JOSE,Y,No,9/22/2026 11:31:22 PM,Pretrial,ARELLANES PABLO,PSB,Physically in the jail,Public Safety Building,13,0,to 19,Null,10/5/2026 12:07:13 AM,10/5/2026 12:07:13 AM
https://www.danesheriff.com/Residents/Detail/773138,PROBATION VIOLATION,,1,Deforest Police Department,8/28/20262:37 PM,P/P Violation (Hold),Civil,773138,"October 5, 2026 at 12:07 AM",Non-Hispanic,P3K,P3K,Black,Male,Non-Hispanic,19.0,8/28/2026,<20,627001.0,05 P/P Violation (Hold),AMIER,Y,Yes,8/28/2026 7:37:41 PM,P/P hold,BRUCE,PSB,Physically in the jail,Public Safety Building,38,20,to 39,Null,10/5/2026 12:07:13 AM,10/5/2026 12:07:13 AM
https://www.danesheriff.com/Residents/Detail/387580,AGGRAVATED BATTERY INTEND BODILY HARM; BAIL JUMPING - FELONY; DISORDERLY CONDUCT; BAIL JUMPING - MISDEMEANOR,939.62(1)(B); 939.62(1)(B); 939.62(1)(A); 939.62(1)(A),6,Madison Police Department,9/10/20269:52 AM,CO Pretrial,Felony,387580,"October 5, 2026 at 12:07 AM",Non-Hispanic,IOWA,Iowa County,Black,Male,Non-Hispanic,51.0,9/10/2026,50s,627518.0,03 CO Pretrial,MARCUS,Y,No,9/10/2026 2:52:47 PM,Pretrial,REYNOLDS,OUTSIDE,Housed in other jails,Other,25,20,to 39,Null,10/5/2026 12:07:13 AM,10/5/2026 12:07:13 AM
https://www.danesheriff.com/Residents/Detail/621068,PROBATION VIOLATION; POS W/INT DEL THC 200-1000 GMS; FELONY MURDER; ARMED ROBBERY; TAMPERING W IGNITION INTERLOCK; ENTRY INTO LOCKED BLDG,; ; ; 939.05; ; ,6,Madison Police Department; Dane County Sheriffs Office; Probation and Parole,4/2/20253:48 AM,Presentence Invest,Felony,621068,"October 5, 2026 at 12:07 AM",Non-Hispanic,P3E,P3E,Black,Male,Non-Hispanic,25.0,4/2/2025,20s,608176.0,06 Presentence Invest,DEWAYNE,Y,No,4/2/2025 8:48:50 AM,Presentence Investigation,JOHNSON,PSB,Physically in the jail,Public Safety Building,551,300+,,JR,10/5/2026 12:07:13 AM,10/5/2026 12:07:13 AM
https://www.danesheriff.com/Residents/Detail/171258,OPERATING WHILE INTOXICATED; POS/LSD/PSILOCIN/AMPHETAMINE; OPERATING WHILE REVOKED; TAMPERING W IGNITION INTERLOCK,; ; ; ,4,Dane County Sheriffs Office,8/7/20263:41 PM,CO Pretrial,Felony,171258,"October 5, 2026 at 12:07 AM",Non-Hispanic,P4C,P4C,White,Male,Non-Hispanic,38.0,8/7/2026,30s,626206.0,03 CO Pretrial,SAMUEL,Y,No,8/7/2026 8:41:10 PM,Pretrial,WATTS,PSB,Physically in the jail,Public Safety Building,59,40,to 59,Null,10/5/2026 12:07:13 AM,10/5/2026 12:07:13 AM
https://www.danesheriff.com/Residents/Detail/743386,PROBATION VIOLATION; BATTERY; POSS OF FIREARM BY A FELON,; 973.055(1); ,3,Fitchburg Police Department,9/3/202611:13 AM,Presentence Invest,Felony,743386,"October 5, 2026 at 12:07 AM",Non-Hispanic,P4K,P4K,Black,Male,Non-Hispanic,36.0,9/3/2026,30s,627254.0,06 Presentence Invest,JEQUANTA,Y,No,9/3/2026 4:13:07 PM,Presentence Investigation,HARRIS,PSB,Physically in the jail,Public Safety Building,32,20,to 39,Null,10/5/2026 12:07:13 AM,10/5/2026 12:07:13 AM
https://www.danesheriff.com/Residents/Detail/202170,OPERATE WITH PROHIBITED BAC; TAMPERING W IGNITION INTERLOCK; OPERATING WHILE REVOKED; PROBATION VIOLATION,; ; ; ,4,Madison Police Department,9/25/20264:14 AM,CO Prearr/Probation,Misdemeanor,202170,"October 5, 2026 at 12:07 AM",Non-Hispanic,P4K,P4K,Black,Male,Non-Hispanic,41.0,9/25/2026,40s,628019.0,01P CO Prearr/Probation,DANIEL,Y,Yes,9/25/2026 9:14:46 AM,Pretrial,WILLIAMS,PSB,Physically in the jail,Public Safety Building,10,0,to 19,II,10/5/2026 12:07:13 AM,10/5/2026 12:07:13 AM
https://www.danesheriff.com/Residents/Detail/216726,PAROLE VIOLATION,,1,Madison Police Department,10/3/20269:53 PM,P/P Violation (Hold),Civil,216726,"October 5, 2026 at 12:07 AM",Non-Hispanic,P3C,P3C,White,Male,Non-Hispanic,40.0,10/3/2026,40s,628322.0,05 P/P Violation (Hold),NICHOLAS,Y,Yes,10/4/2026 2:53:29 AM,P/P hold,RENTZ,PSB,Physically in the jail,Public Safety Building,2,0,to 19,Null,10/5/2026 12:07:13 AM,10/5/2026 12:07:13 AM
https://www.danesheriff.com/Residents/Detail/590809,2ND-DEG RECKLESSLY ENDANG SAFE; KNOWINGLY FLEE AN OFFICER; RESISTING OR OBSTRUCTING; PAROLE VIOLATION,939.62(1)(B); 939.62(1)(B); 939.62(1)(A); ,4,Madison Police Department,6/8/202612:34 PM,Presentence Invest/Prob Hold,Felony,590809,"October 5, 2026 at 12:07 AM",Non-Hispanic,6WEST,6WEST,Black,Male,Non-Hispanic,22.0,6/8/2026,20s,623902.0,06PPresentence Invest/Prob Hold,KAMERON,Y,Yes,6/8/2026 5:34:31 PM,Presentence Investigation,MONTGOMERY,CCB,Physically in the jail,City-County Building,119,100,to 119,Null,10/5/2026 12:07:13 AM,10/5/2026 12:07:13 AM
https://www.danesheriff.com/Residents/Detail/687901,THEFT; THEFT,; 939.62(1)(B),2,Dane County Sheriffs Office,9/25/20263:53 PM,State Resident Writ,Misdemeanor,687901,"October 5, 2026 at 12:07 AM",Non-Hispanic,P3K,P3K,White,Male,Non-Hispanic,22.0,9/25/2026,20s,628032.0,10 State Resident Writ,JAMES,Y,No,9/25/2026 8:53:33 PM,Pretrial,DIXON,PSB,Physically in the jail,Public Safety Building,10,0,to 19,Null,10/5/2026 12:07:13 AM,10/5/2026 12:07:13 AM
https://www.danesheriff.com/Residents/Detail/533347,HOMICIDE BY VEH RESTR CONTR SU; INJ VEH RESTR CONTROLLED SUBST; HOMICIDE INTOX USE VEHICLE; INJURY BY INTOXICATED USE/VEHI,; ; ; ,4,Dane County Sheriffs Office,1/16/202611:35 AM,CO Pretrial,Felony,533347,"October 5, 2026 at 12:07 AM",Non-Hispanic,6EAST,6EAST,White,Male,Non-Hispanic,22.0,1/16/2026,20s,618454.0,03 CO Pretrial,GAVIN,Y,No,1/16/2026 5:35:13 PM,Pretrial,SCHULZ,CCB,Physically in the jail,City-County Building,262,260,to 279,Null,10/5/2026 12:07:13 AM,10/5/2026 12:07:13 AM
https://www.danesheriff.com/Residents/Detail/626443,PROBATION VIOLATION,,1,Madison Police Department,10/2/20261:12 PM,P/P Violation (Hold),Civil,626443,"October 5, 2026 at 12:07 AM",Non-Hispanic,P4E,P4E,Black,Male,Non-Hispanic,25.0,10/2/2026,20s,628284.0,05 P/P Violation (Hold),KADHAFI,Y,Yes,10/2/2026 6:12:29 PM,P/P hold,WASHINGTON,PSB,Physically in the jail,Public Safety Building,3,0,to 19,Null,10/5/2026 12:07:13 AM,10/5/2026 12:07:13 AM
https://www.danesheriff.com/Residents/Detail/96300855,DISORDERLY CONDUCT; BAIL JUMPING - MISDEMEANOR,; ,2,Madison Police Department,10/4/202610:41 PM,CO Prearraignment,Misdemeanor,96300855,"October 5, 2026 at 12:07 AM",Non-Hispanic,BOOKING,BOOKING,White,Male,Non-Hispanic,60.0,10/4/2026,60s,628348.0,01 CO Prearraignment,JAMES,Y,No,10/5/2026 3:41:52 AM,Pretrial,POTTER,PSB,Physically in the jail,Public Safety Building,1,0,to 19,Null,10/5/2026 12:07:13 AM,10/5/2026 12:07:13 AM
https://www.danesheriff.com/Residents/Detail/90076229,PAROLE VIOLATION; RESIST OFFICER - SUBSTANTIAL BODILY HARM/SOFT TISSUE; SEX REGISTRY VIOLATION; TAMPERING WITH A GLOBAL POSITIONING SYSTEM TRACKING DEVICE,; ; ; 939.62(1)(C),4,Wisconsin Dept of Justice; Dane County Sheriffs Office; Probation and Parole,7/30/202612:23 AM,CO Pretrial/Prob Hold,Felony,90076229,"October 5, 2026 at 12:07 AM",Non-Hispanic,7WEST,7WEST,White,Male,Non-Hispanic,55.0,7/30/2026,50s,625842.0,03P CO Pretrial/Prob Hold,SCOTT,Y,Yes,7/30/2026 5:23:10 AM,Pretrial,CLARK,CCB,Physically in the jail,City-County Building,67,60,to 79,SR,10/5/2026 12:07:13 AM,10/5/2026 12:07:13 AM
https://www.danesheriff.com/Residents/Detail/779540,RESISTING OR OBSTRUCTING; OPERATING WHILE REVOKED; IMMIGRATION; 2ND-DEG RECKLESSLY ENDANG SAFE; INTIM VICTIM USE ATT FORCE; RESISTING OR OBSTRUCTING,; ; ; 973.055(1); 973.055(1); ,8,"Sun Prairie Police Department; Immigration/Naturalization, US",7/27/20262:12 AM,CO Pretrial/Hold,Felony,779540,"October 5, 2026 at 12:07 AM",Hispanic,P3K,P3K,White,Male,Hispanic,41.0,7/27/2026,40s,625738.0,03H CO Pretrial/Hold,MARIO,Y,Yes,7/27/2026 7:12:47 AM,Pretrial,GUTIERREZ MARIM,PSB,Physically in the jail,Public Safety Building,70,60,to 79,Null,10/5/2026 12:07:13 AM,10/5/2026 12:07:13 AM
https://www.danesheriff.com/Residents/Detail/448664,PROBATION VIOLATION; EXTENDED SUPERVISION SANCTIONS,; ,2,Probation and Parole,9/11/202611:32 AM,E.S. Sanct w/out work release,Civil,448664,"October 5, 2026 at 12:07 AM",Hispanic,6WEST,6WEST,White,Male,Hispanic,39.0,9/11/2026,30s,627557.0,22 E.S. Sanct w/out wrk release,KYLE,Y,No,9/11/2026 4:32:16 PM,Extended supervision,MUNOZ-DONES,CCB,Physically in the jail,City-County Building,24,20,to 39,Null,10/5/2026 12:07:13 AM,10/5/2026 12:07:13 AM
https://www.danesheriff.com/Residents/Detail/90115232,BATTERY; DISORDERLY CONDUCT; PAROLE VIOLATION; BATTERY; STRANGULATION; KNOWINGLY FLEE AN OFFICER; CRIMINAL DAMAGE TO PROPERTY; DISORDERLY CONDUCT; BATTERY; DOM ABUSE CONTACT PROV VIOL; RESISTING OR OBSTRUCTING,939.621(1)(B); 939.621(1)(B); ; 973.055(1); 973.055(1); 939.62(1)(B); 973.055(1); 973.055(1); 973.055(1); 939.62(1)(A); ,17,Sauk Co Sheriff's Office; Madison Police Department; Jefferson Co Sheriff's Office,5/11/202612:24 PM,CO Pretrial/Prob Hold,Felony,90115232,"October 5, 2026 at 12:07 AM",Non-Hispanic,7WEST,7WEST,Black,Male,Non-Hispanic,46.0,5/11/2026,40s,622786.0,03P CO Pretrial/Prob Hold,BILLY,Y,Yes,5/11/2026 5:24:43 PM,Pretrial,RICHMOND,CCB,Physically in the jail,City-County Building,147,140,to 159,Null,10/5/2026 12:07:13 AM,10/5/2026 12:07:13 AM
https://www.danesheriff.com/Residents/Detail/434138,PHYSICAL ABUSE OF A CHILD-REPEATED ACTS CAUSING BODILY HARM; REP SEXUAL ASSAULT SAME CHILD; IMMIGRATION,; ; ,4,"Sun Prairie Police Department; Immigration/Naturalization, US",10/3/20255:46 PM,CO Pretrial,Felony,434138,"October 5, 2026 at 12:07 AM",Hispanic,7WEST,7WEST,White,Male,Hispanic,41.0,10/3/2025,40s,614798.0,03 CO Pretrial,PEDRO,Y,No,10/3/2025 10:46:21 PM,Pretrial,COLUNGA-MUNOZ,CCB,Physically in the jail,City-County Building,367,300+,,Null,10/5/2026 12:07:13 AM,10/5/2026 12:07:13 AM
https://www.danesheriff.com/Residents/Detail/122414,RETAIL THEFT INTENT TAKE; BAIL JUMPING - FELONY; PROBATION VIOLATION; THEFT OF PERSONAL ID INFO DOCS; POSSESSION METHAMPHETAMINE,939.62(1)(B); 939.62(1)(B); ; ; ,5,Columbia Co Sheriff's Office; Madison Police Department,3/28/20265:09 PM,Sentenced Huber Revoked,Felony,122414,"October 5, 2026 at 12:07 AM",Non-Hispanic,6WEST,6WEST,White,Female,Non-Hispanic,32.0,3/28/2026,30s,621137.0,08V Sentenced Huber Revoked,KAYLA,Y,No,3/28/2026 10:09:54 PM,Local sentence,WARD,CCB,Physically in the jail,City-County Building,191,180,to 199,Null,10/5/2026 12:07:13 AM,10/5/2026 12:07:13 AM
https://www.danesheriff.com/Residents/Detail/731495,PROBATION VIOLATION; DISORDERLY CONDUCT,; 939.63(1)(A),2,Monona Police Department; Sun Prairie Police Department,7/25/20269:36 PM,Sentenced with Huber,Misdemeanor,731495,"October 5, 2026 at 12:07 AM",Non-Hispanic,CAMP,CAMP,Black,Male,Non-Hispanic,39.0,7/25/2026,30s,625699.0,08 Sentenced with Huber,DERRICK,Y,No,7/26/2026 2:36:11 AM,Local sentence,DAVIS,DVRSN,CAMP,DVRSN,72,60,to 79,Null,10/5/2026 12:07:13 AM,10/5/2026 12:07:13 AM
https://www.danesheriff.com/Residents/Detail/728944,PROBATION VIOLATION; OPERATE MV WITHOUT CONSENT,; ,2,Probation and Parole,8/13/202611:05 AM,Sentenced with Huber,Felony,728944,"October 5, 2026 at 12:07 AM",Non-Hispanic,P4C,P4C,White,Male,Non-Hispanic,37.0,8/13/2026,30s,626432.0,08 Sentenced with Huber,ROBERT,Y,No,8/13/2026 4:05:20 PM,Local sentence,GROH,PSB,Physically in the jail,Public Safety Building,53,40,to 59,Null,10/5/2026 12:07:13 AM,10/5/2026 12:07:13 AM
https://www.danesheriff.com/Residents/Detail/613414,DISORDERLY CONDUCT; BATTERY TO PUBLIC OFFICERS; RESIST OR OBSTRUCT OFFICER; PROBATION VIOLATION; BATTERY,; ; ; ; 939.621(1)(B),5,Madison Police Department,8/30/20263:43 PM,Sentenced Huber Revoked,Misdemeanor,613414,"October 5, 2026 at 12:07 AM",Non-Hispanic,7WEST,7WEST,Black,Male,Non-Hispanic,29.0,8/30/2026,20s,627072.0,08V Sentenced Huber Revoked,GEORGE,Y,No,8/30/2026 8:43:25 PM,Local sentence,PEOPLES,CCB,Physically in the jail,City-County Building,36,20,to 39,Null,10/5/2026 12:07:13 AM,10/5/2026 12:07:13 AM
https://www.danesheriff.com/Residents/Detail/609376,BATTERY; DISORDERLY CONDUCT,973.055(1); 973.055(1),2,Madison Police Department,10/1/20268:13 PM,CO Prearraignment,Misdemeanor,609376,"October 5, 2026 at 12:07 AM",Non-Hispanic,P3C,P3C,Black,Male,Non-Hispanic,47.0,10/1/2026,40s,628250.0,01 CO Prearraignment,SHANNON,Y,No,10/2/2026 1:13:30 AM,Pretrial,MITCHELL,PSB,Physically in the jail,Public Safety Building,4,0,to 19,Null,10/5/2026 12:07:13 AM,10/5/2026 12:07:13 AM
https://www.danesheriff.com/Residents/Detail/703166,INTIMIDATE VICTIM/DOMESTIC ABUSE CRMIE; BATTERY; DISORDERLY CONDUCT; PAROLE VIOLATION,973.055(1); 973.055(1); 973.055(1); ,5,Madison Police Department,7/6/202611:49 PM,CO Pretrial/Prob Hold,Felony,703166,"October 5, 2026 at 12:07 AM",Non-Hispanic,IOWA,Iowa County,White,Male,Non-Hispanic,52.0,7/6/2026,50s,624990.0,03P CO Pretrial/Prob Hold,DANIEL,Y,Yes,7/7/2026 4:49:31 AM,Pretrial,KOBIERSKI,OUTSIDE,Housed in other jails,Other,91,80,to 99,Null,10/5/2026 12:07:13 AM,10/5/2026 12:07:13 AM
https://www.danesheriff.com/Residents/Detail/352398,PROBATION VIOLATION; DISORDERLY CONDUCT; BATTERY; STRANGULATION; BATTERY-SUBST BODILY HARM,; 973.055(1); 973.055(1); 973.055(1); 939.621(1)(B),5,Madison Police Department,5/17/20269:50 PM,Presentence Invest,Felony,352398,"October 5, 2026 at 12:07 AM",Non-Hispanic,6WEST,6WEST,Black,Male,Non-Hispanic,33.0,5/17/2026,30s,623041.0,06 Presentence Invest,AIRION,Y,No,5/18/2026 2:50:29 AM,Presentence Investigation,BROWNING,CCB,Physically in the jail,City-County Building,141,140,to 159,Null,10/5/2026 12:07:13 AM,10/5/2026 12:07:13 AM
https://www.danesheriff.com/Residents/Detail/183867,ATT 1ST DEGREE SEX ASSAULT OF ELDER PERSON; THEFT; ID THEFT; 3RD DEG SEX ASSAULT,; ; ; ,10,Mount Horeb Police Department,11/14/20255:17 PM,Prob Sentence/Work Release,Felony,183867,"October 5, 2026 at 12:07 AM",Non-Hispanic,CAMP,CAMP,White,Male,Non-Hispanic,43.0,11/14/2025,40s,616242.0,09W Prob Sentence/Work Release,JOSHUA,Y,No,11/14/2025 11:17:23 PM,Local sentence,HENDRICKSON,DVRSN,CAMP,DVRSN,325,300+,,Null,10/5/2026 12:07:13 AM,10/5/2026 12:07:13 AM
https://www.danesheriff.com/Residents/Detail/386857,HIT AND RUN; CAUSE INJURY BY OWI,; ,2,Madison Police Department,10/5/20261:20 AM,CO Prearraignment,Misdemeanor,386857,,,,,,,,,,,,,,,,,,,,,,,,,,,
https://www.danesheriff.com/Residents/Detail/645073,PROBATION VIOLATION; RESISTING OR OBSTRUCTING; DISORDERLY CONDUCT; BAIL JUMPING - MISDEMEANOR,; ; ; ,4,Madison Police Department,10/3/20265:04 PM,CO Prearr/Probation,Misdemeanor,645073,"October 5, 2026 at 12:07 AM",Non-Hispanic,7WEST,7WEST,Black,Male,Non-Hispanic,23.0,10/3/2026,20s,628313.0,01P CO Prearr/Probation,LORENZO,Y,Yes,10/3/2026 10:04:17 PM,Pretrial,BELL,CCB,Physically in the jail,City-County Building,2,0,to 19,Null,10/5/2026 12:07:13 AM,10/5/2026 12:07:13 AM
https://www.danesheriff.com/Residents/Detail/750681,PROBATION VIOLATION; EXTENDED SUPERVISION SANCTIONS,; ,2,Madison Police Department,9/19/20265:16 PM,E.S. Sanct w/out work release,Civil,750681,"October 5, 2026 at 12:07 AM",Non-Hispanic,P3G,P3G,White,Female,Non-Hispanic,31.0,9/19/2026,30s,627844.0,22 E.S. Sanct w/out wrk release,ALICIA,Y,No,9/19/2026 10:16:39 PM,Extended supervision,STAKER,PSB,Physically in the jail,Public Safety Building,16,0,to 19,Null,10/5/2026 12:07:13 AM,10/5/2026 12:07:13 AM
https://www.danesheriff.com/Residents/Detail/366381,PAROLE VIOLATION; OPERATE MV WITHOUT CONSENT,; ,2,Madison Police Department,9/26/20264:42 PM,CO Prearraignment,Felony,366381,"October 5, 2026 at 12:07 AM",Non-Hispanic,P3G,P3G,White,Female,Non-Hispanic,39.0,9/26/2026,30s,628060.0,01P CO Prearr/Probation,JEANIE,Y,Yes,9/26/2026 9:42:23 PM,Pretrial,JOLES,PSB,Physically in the jail,Public Safety Building,9,0,to 19,Null,10/5/2026 12:07:13 AM,10/5/2026 12:07:13 AM
https://www.danesheriff.com/Residents/Detail/740315,1ST-DEG RECKLESSLY ENDANG SAFE; 1ST DEG INTENTIONAL HOMICIDE; ENDANGER SAFETY DANGER WEAPON,939.05; 939.32; 939.05,3,Madison Police Department; Dane County Sheriffs Office,6/4/202612:39 PM,CO Pretrial,Felony,740315,"October 5, 2026 at 12:07 AM",Non-Hispanic,6WEST,6WEST,Black,Female,Non-Hispanic,22.0,6/4/2026,20s,623738.0,03 CO Pretrial,CINIYAH,Y,No,6/4/2026 5:39:57 PM,Pretrial,JOHNSON,CCB,Physically in the jail,City-County Building,123,120,to 139,Null,10/5/2026 12:07:13 AM,10/5/2026 12:07:13 AM
https://www.danesheriff.com/Residents/Detail/612512,OPERATE MV WITHOUT CONSENT; KNOWINGLY FLEE AN OFFICER; RESISTING OR OBSTRUCTING; PROBATION VIOLATION,939.62(1)(B); 939.62(1)(B); 939.62(1)(A); ,4,Dane County Sheriffs Office,3/31/20268:19 AM,CO Pretrial/Prob Hold,Felony,612512,"October 5, 2026 at 12:07 AM",Non-Hispanic,6WEST,6WEST,Black,Male,Non-Hispanic,19.0,3/31/2026,<20,621236.0,03P CO Pretrial/Prob Hold,TAVON,Y,Yes,3/31/2026 1:19:08 PM,Pretrial,CONLEY,CCB,Physically in the jail,City-County Building,188,180,to 199,Null,10/5/2026 12:07:13 AM,10/5/2026 12:07:13 AM
https://www.danesheriff.com/Residents/Detail/93187272,DISORDERLY CONDUCT; RESISTING OR OBSTRUCTING; BAIL JUMPING - FELONY; BAIL JUMPING - MISDEMEANOR,; ; ; ,7,Madison Police Department,8/26/20261:27 PM,CO Pretrial,Felony,93187272,"October 5, 2026 at 12:07 AM",Non-Hispanic,7WEST,7WEST,White,Male,Non-Hispanic,43.0,8/26/2026,40s,626934.0,03 CO Pretrial,JOSHUA,Y,No,8/26/2026 6:27:06 PM,Pretrial,COLE,CCB,Physically in the jail,City-County Building,40,40,to 59,Null,10/5/2026 12:07:13 AM,10/5/2026 12:07:13 AM
https://www.danesheriff.com/Residents/Detail/181048,OPERATING WHILE INTOXICATED; BAIL JUMPING - MISDEMEANOR; PROBATION VIOLATION; TAMPERING W IGNITION INTERLOCK; OPERATING WHILE REVOKED; OPERATE WITH PROHIBITED BAC; OPERATING WHILE INTOXICATED; OPERATING WHILE REVOKED; OPERATING WHILE REVOKED; TAMPERING W IGNITION INTERLOCK,; ; ; ; ; ; ; ; ; ,11,Dane County Sheriffs Office,6/15/20266:42 PM,Sentenced with Huber,Misdemeanor,181048,"October 5, 2026 at 12:07 AM",Non-Hispanic,P4C,P4C,Black,Male,Non-Hispanic,59.0,6/15/2026,50s,624192.0,08 Sentenced with Huber,RAYNARD,Y,No,6/15/2026 11:42:35 PM,Local sentence,LINDSEY,PSB,Physically in the jail,Public Safety Building,112,100,to 119,Null,10/5/2026 12:07:13 AM,10/5/2026 12:07:13 AM
https://www.danesheriff.com/Residents/Detail/778226,OPERATING WHILE INTOXICATED,,1,Dane County Sheriffs Office,7/13/20263:40 PM,Sentenced with Huber,Misdemeanor,778226,"October 5, 2026 at 12:07 AM",Hispanic,CAMP,CAMP,White,Male,Hispanic,22.0,7/13/2026,20s,625210.0,08 Sentenced with Huber,CHRISTIAN,Y,No,7/13/2026 8:40:20 PM,Local sentence,VIEYRA DE LA CRUZ,DVRSN,CAMP,DVRSN,84,80,to 99,Null,10/5/2026 12:07:13 AM,10/5/2026 12:07:13 AM
https://www.danesheriff.com/Residents/Detail/505004,MFC DELIVER COCAINE 1-5 GMS; MFC DELIVER COCAINE 1-5 GMS; BAIL JUMPING - MISDEMEANOR; POS W/INT DEL COCAINE 40-100GM; FEDERAL OFFENSE,; 939.05; 939.62; ; ,11,US Marshal Service; Madison Police Department,3/4/20268:48 AM,CO Pretrial/Hold,Felony,505004,"October 5, 2026 at 12:07 AM",Non-Hispanic,P4K,P4K,Black,Male,Non-Hispanic,39.0,3/4/2026,30s,620177.0,03H CO Pretrial/Hold,DANIEL,Y,Yes,3/4/2026 2:48:36 PM,Pretrial,NORRIS,PSB,Physically in the jail,Public Safety Building,215,200,to 219,Null,10/5/2026 12:07:13 AM,10/5/2026 12:07:13 AM
https://www.danesheriff.com/Residents/Detail/171091,OPERATE WITH CONTROLLED SUBS; BAIL JUMPING - FELONY; BAIL JUMPING - MISDEMEANOR,; ; ,4,McFarland Police Department,10/2/202611:00 AM,CO Prearraignment,Felony,171091,"October 5, 2026 at 12:07 AM",Non-Hispanic,MALEDORM,MALEDORM,White,Male,Non-Hispanic,38.0,10/2/2026,30s,628280.0,01 CO Prearraignment,HEATH,Y,No,10/2/2026 4:00:16 PM,Pretrial,DEFLORIAN,PSB,Physically in the jail,Public Safety Building,3,0,to 19,Null,10/5/2026 12:07:13 AM,10/5/2026 12:07:13 AM
https://www.danesheriff.com/Residents/Detail/270033,PAROLE VIOLATION,,1,Madison Police Department,9/7/20263:14 AM,P/P Violation (Hold),Civil,270033,"October 5, 2026 at 12:07 AM",Non-Hispanic,P3A,P3A,Black,Male,Non-Hispanic,36.0,9/7/2026,30s,627404.0,05 P/P Violation (Hold),LAMAR,Y,Yes,9/7/2026 8:14:50 AM,P/P hold,LUST,PSB,Physically in the jail,Public Safety Building,28,20,to 39,Null,10/5/2026 12:07:13 AM,10/5/2026 12:07:13 AM
https://www.danesheriff.com/Residents/Detail/314592,OPERATING WHILE INTOXICATED,,1,Dane County Circuit Court,10/5/20268:05 AM,Sentenced with Huber,Misdemeanor,314592,,,,,,,,,,,,,,,,,,,,,,,,,,,
https://www.danesheriff.com/Residents/Detail/566902,WRIT,,1,Dane County Sheriffs Office,10/2/202612:41 PM,State Resident Writ,Civil,566902,"October 5, 2026 at 12:07 AM",Non-Hispanic,6WEST,6WEST,Black,Male,Non-Hispanic,34.0,10/2/2026,30s,628283.0,10 State Resident Writ,MARVIN,Y,No,10/2/2026 5:41:56 PM,Pretrial,HOUSTON,CCB,Physically in the jail,City-County Building,3,0,to 19,Null,10/5/2026 12:07:13 AM,10/5/2026 12:07:13 AM
https://www.danesheriff.com/Residents/Detail/582549,CARRYING CONCEALED WEAPON,,1,Dane County Circuit Court,8/31/20267:49 AM,Sentenced with Huber,Felony,582549,"October 5, 2026 at 12:07 AM",Hispanic,P4K,P4K,White,Male,Hispanic,20.0,8/31/2026,20s,627100.0,08 Sentenced with Huber,HECTOR,Y,No,8/31/2026 12:49:38 PM,Local sentence,HERNANDEZ-WILLIAMS,PSB,Physically in the jail,Public Safety Building,35,20,to 39,Null,10/5/2026 12:07:13 AM,10/5/2026 12:07:13 AM
https://www.danesheriff.com/Residents/Detail/171185,PAROLE VIOLATION,,1,Probation and Parole,8/6/20265:34 PM,P/P Violation (Hold),Civil,171185,"October 5, 2026 at 12:07 AM",Non-Hispanic,P3E,P3E,White,Male,Non-Hispanic,41.0,8/6/2026,40s,626166.0,05 P/P Violation (Hold),MICHAEL,Y,Yes,8/6/2026 10:34:18 PM,P/P hold,THIEDE,PSB,Physically in the jail,Public Safety Building,60,60,to 79,Null,10/5/2026 12:07:13 AM,10/5/2026 12:07:13 AM
https://www.danesheriff.com/Residents/Detail/621887,RETAIL THEFT INTENT TAKE; PROBATION VIOLATION,939.62(1)(B); ,2,Madison Police Department,8/9/20266:09 PM,CO Pretrial/Prob Hold,Misdemeanor,621887,"October 5, 2026 at 12:07 AM",Non-Hispanic,6WEST,6WEST,Black,Male,Non-Hispanic,26.0,8/9/2026,20s,626276.0,03P CO Pretrial/Prob Hold,JAQUAN,Y,Yes,8/9/2026 11:09:53 PM,Pretrial,OSBORNE,CCB,Physically in the jail,City-County Building,57,40,to 59,Null,10/5/2026 12:07:13 AM,10/5/2026 12:07:13 AM
https://www.danesheriff.com/Residents/Detail/593488,PROBATION VIOLATION; 2ND-DEG RECKLESSLY ENDANG SAFE; BATTERY; CRIMINAL DAMAGE TO PROPERTY,; ; ; ,4,Fitchburg Police Department,7/9/20269:09 PM,Presentence Invest,Felony,593488,"October 5, 2026 at 12:07 AM",Non-Hispanic,P4A,P4A,Black,Male,Non-Hispanic,22.0,7/9/2026,20s,625102.0,06 Presentence Invest,DANDRE,Y,No,7/10/2026 2:09:31 AM,Presentence Investigation,JORDAN,PSB,Physically in the jail,Public Safety Building,88,80,to 99,Null,10/5/2026 12:07:13 AM,10/5/2026 12:07:13 AM
https://www.danesheriff.com/Residents/Detail/565873,PROBATION VIOLATION; CRIMINAL DAMAGE TO PROPERTY; DISORDERLY CONDUCT; THEFT,; ; ; 939.05,4,UW Madison Police Department; Probation and Parole,9/14/202612:26 PM,CO Pretrial,Misdemeanor,565873,"October 5, 2026 at 12:07 AM",Non-Hispanic,MALESEG,MALESEG,Black,Male,Non-Hispanic,24.0,9/14/2026,20s,627651.0,03 CO Pretrial,ANTHONY,Y,No,9/14/2026 5:26:00 PM,Pretrial,JEFFERSON,PSB,Physically in the jail,Public Safety Building,21,20,to 39,Null,10/5/2026 12:07:13 AM,10/5/2026 12:07:13 AM
https://www.danesheriff.com/Residents/Detail/118484,BURGLARY ARM SELF DANG WEAPON; DISORDERLY CONDUCT; INTIMIDATE VICTIM/DOMESTIC ABUSE CRMIE; PAROLE VIOLATION; FLR COMPLY ATT TAKE INTO CUS; FALSE REPORTING OF AN EMERGENCY; CRIMINAL TRESPASS TO DWELLING,; 973.055(1); 973.055(1); ; 939.62(1)(B); 939.62(1)(B); 939.62(1)(A),7,Madison Police Department,9/17/20262:53 PM,CO Pretrial/Prob Hold,Felony,118484,"October 5, 2026 at 12:07 AM",Non-Hispanic,6EAST,6EAST,White,Male,Non-Hispanic,39.0,9/17/2026,30s,627772.0,03P CO Pretrial/Prob Hold,LUKE,Y,Yes,9/17/2026 7:53:12 PM,Pretrial,WHITEHEAD,CCB,Physically in the jail,City-County Building,18,0,to 19,Null,10/5/2026 12:07:13 AM,10/5/2026 12:07:13 AM
https://www.danesheriff.com/Residents/Detail/435958,RESISTING OR OBSTRUCTING; DISORDERLY CONDUCT; THREAT INJ ACCUSE OF CRIME; PAROLE VIOLATION; THREAT TO CAUSE BODILY HARM TO CERTAIN INDIVIDUALS INV WITH A CRT LEGAL SYSTEM,; ; ; ; ,5,Madison Police Department,4/22/20263:25 AM,P/P Violation (Hold),Misdemeanor,435958,"October 5, 2026 at 12:07 AM",Non-Hispanic,FEMALEHOUSING,FEMALEHOUSING,Black,Female,Non-Hispanic,40.0,4/22/2026,40s,622031.0,05 P/P Violation (Hold),EVELYN,Y,Yes,4/22/2026 8:25:29 AM,P/P hold,STALLING,PSB,Physically in the jail,Public Safety Building,166,160,to 179,Null,10/5/2026 12:07:13 AM,10/5/2026 12:07:13 AM
https://www.danesheriff.com/Residents/Detail/616152,PROBATION VIOLATION; POSSESSION METHAMPHETAMINE,; ,2,Madison Police Department,8/7/20261:49 PM,Presentence Invest,Felony,616152,"October 5, 2026 at 12:07 AM",Non-Hispanic,P3K,P3K,White,Male,Non-Hispanic,37.0,8/7/2026,30s,626200.0,06 Presentence Invest,BRUCE,Y,No,8/7/2026 6:49:59 PM,Presentence Investigation,SPAULDING,PSB,Physically in the jail,Public Safety Building,59,40,to 59,Null,10/5/2026 12:07:13 AM,10/5/2026 12:07:13 AM
https://www.danesheriff.com/Residents/Detail/112782,PROBATION VIOLATION; EXTENDED SUPERVISION SANCTIONS,; ,2,Probation and Parole,8/11/202611:38 AM,E.S. Sanct w/out work release,Civil,112782,"October 5, 2026 at 12:07 AM",Non-Hispanic,6EAST,6EAST,White,Male,Non-Hispanic,44.0,8/11/2026,40s,626358.0,22 E.S. Sanct w/out wrk release,TIMOTHY,Y,No,8/11/2026 4:38:47 PM,Extended supervision,DECKER,CCB,Physically in the jail,City-County Building,55,40,to 59,Null,10/5/2026 12:07:13 AM,10/5/2026 12:07:13 AM
https://www.danesheriff.com/Residents/Detail/40739,DISORDERLY CONDUCT; BATTERY; CARRYING A CONCEALED KNIFE; CONTEMPT OF COURT PUN SANCTION; PROBATION VIOLATION,973.055(1); 973.055(1); ; ; ,5,Madison Police Department,8/12/20262:10 AM,CO Pretrial/Prob Hold,Misdemeanor,40739,"October 5, 2026 at 12:07 AM",Non-Hispanic,6EAST,6EAST,White,Male,Non-Hispanic,43.0,8/12/2026,40s,626392.0,03P CO Pretrial/Prob Hold,JADE,Y,Yes,8/12/2026 7:10:04 AM,Pretrial,SIEMBIDA,CCB,Physically in the jail,City-County Building,54,40,to 59,Null,10/5/2026 12:07:13 AM,10/5/2026 12:07:13 AM
https://www.danesheriff.com/Residents/Detail/225796,PAROLE VIOLATION,,1,Probation and Parole,9/21/202610:30 AM,P/P Violation (Hold),Civil,225796,"October 5, 2026 at 12:07 AM",Non-Hispanic,P4E,P4E,Black,Male,Non-Hispanic,33.0,9/21/2026,30s,627886.0,05 P/P Violation (Hold),KENDALL,Y,Yes,9/21/2026 3:30:13 PM,P/P hold,GIPSON,PSB,Physically in the jail,Public Safety Building,14,0,to 19,Null,10/5/2026 12:07:13 AM,10/5/2026 12:07:13 AM
https://www.danesheriff.com/Residents/Detail/90010617,PAROLE VIOLATION,,1,Dane County Sheriffs Office,9/17/20261:36 PM,P/P Violation (Hold),Civil,90010617,"October 5, 2026 at 12:07 AM",Non-Hispanic,7WEST,7WEST,White,Male,Non-Hispanic,62.0,9/17/2026,60s,627768.0,05 P/P Violation (Hold),WILLIAM,Y,Yes,9/17/2026 6:36:19 PM,P/P hold,CONNELL,CCB,Physically in the jail,City-County Building,18,0,to 19,Null,10/5/2026 12:07:13 AM,10/5/2026 12:07:13 AM
https://www.danesheriff.com/Residents/Detail/90072830,PROBATION VIOLATION,,1,Maple Bluff Police Department,8/10/202612:20 PM,P/P Violation (Hold),Civil,90072830,"October 5, 2026 at 12:07 AM",Non-Hispanic,P3G,P3G,White,Female,Non-Hispanic,64.0,8/10/2026,60s,626312.0,05 P/P Violation (Hold),JENNIFFER,Y,Yes,8/10/2026 5:20:53 PM,P/P hold,SHIELDS,PSB,Physically in the jail,Public Safety Building,56,40,to 59,Null,10/5/2026 12:07:13 AM,10/5/2026 12:07:13 AM
https://www.danesheriff.com/Residents/Detail/635089,PAROLE VIOLATION; BURGLARY DWELLING BOAT MOTOR H; OPERATE MV WITHOUT CONSENT; THEFT,; 939.05; 939.05; 939.05,6,Fitchburg Police Department; Probation and Parole,9/10/202612:19 PM,CO Pretrial/Prob Hold,Felony,635089,"October 5, 2026 at 12:07 AM",Non-Hispanic,6EAST,6EAST,Black,Male,Non-Hispanic,21.0,9/10/2026,20s,627523.0,03P CO Pretrial/Prob Hold,DAIJON,Y,Yes,9/10/2026 5:19:27 PM,Pretrial,FREENY,CCB,Physically in the jail,City-County Building,25,20,to 39,Null,10/5/2026 12:07:13 AM,10/5/2026 12:07:13 AM
https://www.danesheriff.com/Residents/Detail/90130301,POS W/INT DEL COCAINE 40-100GM; POSSESS DRUG PARAPHERNALIA; OPERATING WHILE REVOKED; PAROLE VIOLATION,939.62(1)(C); ; ; ,4,Maple Bluff Police Department,8/6/20265:53 PM,CO Pretrial/Prob Hold,Felony,90130301,"October 5, 2026 at 12:07 AM",Non-Hispanic,P4C,P4C,Black,Male,Non-Hispanic,44.0,8/6/2026,40s,626167.0,03P CO Pretrial/Prob Hold,ERIC,Y,Yes,8/6/2026 10:53:46 PM,Pretrial,JOHNSON,PSB,Physically in the jail,Public Safety Building,60,60,to 79,Null,10/5/2026 12:07:13 AM,10/5/2026 12:07:13 AM
https://www.danesheriff.com/Residents/Detail/90107153,BAIL JUMPING - FELONY; RESISTING OR OBSTRUCTING; BATTERY TO CERTAIN INDIVIDUALS INVOLVED WITH A COURT OR LEGAL SYSTEM,; ; ,3,Dane County Circuit Court; Dane County Sheriffs Office,9/10/20264:36 PM,Sentenced Huber Revoked,Felony,90107153,"October 5, 2026 at 12:07 AM",Non-Hispanic,6EAST,6EAST,Black,Male,Non-Hispanic,52.0,9/10/2026,50s,627529.0,08V Sentenced Huber Revoked,JEFFREY,Y,No,9/10/2026 9:36:11 PM,Local sentence,BOYCE,CCB,Physically in the jail,City-County Building,25,20,to 39,JR,10/5/2026 12:07:13 AM,10/5/2026 12:07:13 AM
https://www.danesheriff.com/Residents/Detail/737091,OPERATING WHILE INTOXICATED; OPERATING WHILE INTOXICATED,; ,2,Dane County Sheriffs Office,9/28/20265:45 PM,Prob Sentence/Work Release,Misdemeanor,737091,"October 5, 2026 at 12:07 AM",Non-Hispanic,CAMP,CAMP,Asian,Male,Non-Hispanic,45.0,9/28/2026,40s,628131.0,09W Prob Sentence/Work Release,SANJAYKUMAR,Y,No,9/28/2026 10:45:05 PM,Local sentence,PATEL,DVRSN,CAMP,DVRSN,7,0,to 19,Null,10/5/2026 12:07:13 AM,10/5/2026 12:07:13 AM
https://www.danesheriff.com/Residents/Detail/253739,PROBATION VIOLATION; ID THEFT; REC STOLEN PROP UNDER 2500; RETAIL THEFT INTENT TAKE,; ; ; ,5,Probation and Parole,4/20/20264:15 PM,Presentence Invest,Felony,253739,"October 5, 2026 at 12:07 AM",Non-Hispanic,7WEST,7WEST,Black,Male,Non-Hispanic,31.0,4/20/2026,30s,621975.0,06 Presentence Invest,ANDREW,Y,No,4/20/2026 9:15:48 PM,Presentence Investigation,HICKMON,CCB,Physically in the jail,City-County Building,168,160,to 179,JR,10/5/2026 12:07:13 AM,10/5/2026 12:07:13 AM
https://www.danesheriff.com/Residents/Detail/596374,DISORDERLY CONDUCT; BAIL JUMPING - FELONY; RESISTING OR OBSTRUCTING; DISORDERLY CONDUCT; RESISTING OR OBSTRUCTING; BATTERY TO CERTAIN INDIVIDUALS INVOLVED WITH A COURT OR LEGAL SYSTEM,973.055(1); ; ; 973.055(1); ; ,6,Dane County Circuit Court; Madison Police Department,7/2/202612:01 AM,CO Pretrial,Felony,596374,"October 5, 2026 at 12:07 AM",Non-Hispanic,7WEST,7WEST,White,Male,Non-Hispanic,31.0,7/2/2026,30s,624781.0,03 CO Pretrial,SIMON,Y,No,7/2/2026 5:01:42 AM,Pretrial,COX,CCB,Physically in the jail,City-County Building,95,80,to 99,Null,10/5/2026 12:07:13 AM,10/5/2026 12:07:13 AM
https://www.danesheriff.com/Residents/Detail/90077785,STALKING; BAIL JUMPING - FELONY; BAIL JUMPING - FELONY; CRIMINAL DAMAGE TO PROPERTY; 2ND DEG SEX ASSAULT USE FORCE; FALSE IMPRISONMENT; STRANGULATION; PHYSICAL ABUSE OF AN ELDER PERSON; DISORDERLY CONDUCT; BAIL JUMPING - MISDEMEANOR,; ; ; ; ; ; ; ; ; ,10,Dane County Circuit Court; Madison Police Department,3/13/202511:57 PM,Presentence Invest,Felony,90077785,"October 5, 2026 at 12:07 AM",Non-Hispanic,6WEST,6WEST,Black,Male,Non-Hispanic,58.0,3/13/2025,50s,607492.0,06 Presentence Invest,MILTON,Y,No,3/14/2025 4:57:38 AM,Presentence Investigation,HANGER,CCB,Physically in the jail,City-County Building,571,300+,,Null,10/5/2026 12:07:13 AM,10/5/2026 12:07:13 AM
https://www.danesheriff.com/Residents/Detail/621922,BATTERY; PROBATION VIOLATION; BATT/THREAT LAW ENFORC JUDGE PROSEC,939.62(1)(A); ; ,3,Dane County Circuit Court; Madison Police Department,9/1/202611:58 PM,CO Pretrial,Felony,621922,"October 5, 2026 at 12:07 AM",Non-Hispanic,P3E,P3E,White,Male,Non-Hispanic,50.0,9/1/2026,50s,627188.0,03 CO Pretrial,SCOTT,Y,No,9/2/2026 4:58:40 AM,Pretrial,MUNCH,PSB,Physically in the jail,Public Safety Building,34,20,to 39,Null,10/5/2026 12:07:13 AM,10/5/2026 12:07:13 AM
https://www.danesheriff.com/Residents/Detail/829199,STRANGULATION; FALSE IMPRISONMENT; BATTERY; 2ND DEG SEX ASSAULT USE FORCE; IMMIGRATION,939.05; 939.05; ; 939.32; ,5,"Immigration/Naturalization, US; UW Madison Police Department",8/29/20262:48 PM,CO Pretrial,Felony,829199,"October 5, 2026 at 12:07 AM",Hispanic,P3E,P3E,White,Male,Hispanic,27.0,8/29/2026,20s,627041.0,03 CO Pretrial,ARTURO,Y,No,8/29/2026 7:48:58 PM,Pretrial,SANTOS ALBUJAS,PSB,Physically in the jail,Public Safety Building,37,20,to 39,Null,10/5/2026 12:07:13 AM,10/5/2026 12:07:13 AM
https://www.danesheriff.com/Residents/Detail/820765,REPEATED SEXUAL ASSAULT OF SAME CHILD (AT LEAST 3 VIOLATIONS OF 1ST DEGREE SEXUAL ASSAULT); IMMIGRATION,; ,2,"Madison Police Department; Immigration/Naturalization, US",4/27/20264:25 PM,CO Pretrial,Felony,820765,"October 5, 2026 at 12:07 AM",Hispanic,6EAST,6EAST,White,Male,Hispanic,38.0,4/27/2026,30s,622259.0,03 CO Pretrial,ERLING,Y,No,4/27/2026 9:25:44 PM,Pretrial,ZAMORA-RIVERA,CCB,Physically in the jail,City-County Building,161,160,to 179,Null,10/5/2026 12:07:13 AM,10/5/2026 12:07:13 AM
https://www.danesheriff.com/Residents/Detail/375372,KNOWINGLY FLEE AN OFFICER,,1,Dane County Circuit Court,7/19/20268:08 AM,Prob Sentence/Work Release,Felony,375372,"October 5, 2026 at 12:07 AM",Non-Hispanic,CAMP,CAMP,Black,Male,Non-Hispanic,36.0,7/19/2026,30s,625477.0,09W Prob Sentence/Work Release,DAMAILE,Y,No,7/19/2026 1:08:58 PM,Local sentence,MOORE,DVRSN,CAMP,DVRSN,78,60,to 79,Null,10/5/2026 12:07:13 AM,10/5/2026 12:07:13 AM
https://www.danesheriff.com/Residents/Detail/778006,DISORDERLY CONDUCT,,1,Dane County Sheriffs Office,9/17/20269:57 AM,CO Pretrial,Misdemeanor,778006,"October 5, 2026 at 12:07 AM",Non-Hispanic,P3A,P3A,White,Male,Non-Hispanic,29.0,9/17/2026,20s,627759.0,03 CO Pretrial,JARED,Y,No,9/17/2026 2:57:36 PM,Pretrial,LAWVER,PSB,Physically in the jail,Public Safety Building,18,0,to 19,Null,10/5/2026 12:07:13 AM,10/5/2026 12:07:13 AM
https://www.danesheriff.com/Residents/Detail/90108491,PAROLE VIOLATION; POSSESS CHILD PORNOGRAPHY,; ,8,Madison Police Department; Probation and Parole,10/7/20259:02 AM,CO Pretrial/Prob Hold,Felony,90108491,"October 5, 2026 at 12:07 AM",Non-Hispanic,IOWA,Iowa County,White,Male,Non-Hispanic,47.0,10/7/2025,40s,614913.0,03P CO Pretrial/Prob Hold,ANDREW,Y,Yes,10/7/2025 2:02:27 PM,Pretrial,POLYWACZ,OUTSIDE,Housed in other jails,Other,363,300+,,Null,10/5/2026 12:07:13 AM,10/5/2026 12:07:13 AM
https://www.danesheriff.com/Residents/Detail/529817,STRANGULATION; DISORDERLY CONDUCT,973.055(1); 973.055(1),2,Madison Police Department,10/1/20269:30 PM,CO Prearraignment,Felony,529817,"October 5, 2026 at 12:07 AM",Non-Hispanic,MALEDORM,MALEDORM,Black,Male,Non-Hispanic,29.0,10/1/2026,20s,628251.0,01 CO Prearraignment,SAMUEL,Y,No,10/2/2026 2:30:38 AM,Pretrial,TRIBBLE,PSB,Physically in the jail,Public Safety Building,4,0,to 19,JR,10/5/2026 12:07:13 AM,10/5/2026 12:07:13 AM
https://www.danesheriff.com/Residents/Detail/537244,1ST-DEG RECKLESSLY ENDANG SAFE; RESISTING OR OBSTRUCTING,; ,2,Sun Prairie Police Department,9/29/20262:56 PM,CO Pretrial,Felony,537244,"October 5, 2026 at 12:07 AM",Non-Hispanic,P3A,P3A,Black,Male,Non-Hispanic,18.0,9/29/2026,<20,628159.0,03 CO Pretrial,MAKEI,Y,No,9/29/2026 7:56:45 PM,Pretrial,RORTVEDT,PSB,Physically in the jail,Public Safety Building,6,0,to 19,Null,10/5/2026 12:07:13 AM,10/5/2026 12:07:13 AM
https://www.danesheriff.com/Residents/Detail/277128,MFC DEL PCP AMPHET < 3 GMS,,1,Dane County Sheriffs Office,9/8/20269:07 AM,Sentenced with Huber,Unknown,277128,"October 5, 2026 at 12:07 AM",Non-Hispanic,CAMP,CAMP,Black,Male,Non-Hispanic,62.0,9/8/2026,60s,627447.0,08 Sentenced with Huber,WAYNE,Y,No,9/8/2026 2:07:44 PM,Local sentence,HOLLIS,DVRSN,CAMP,DVRSN,27,20,to 39,Null,10/5/2026 12:07:13 AM,10/5/2026 12:07:13 AM
https://www.danesheriff.com/Residents/Detail/90126213,BATTERY,,1,State Capitol Police Dept.,10/1/20263:52 PM,CO Prearraignment,Misdemeanor,90126213,"October 5, 2026 at 12:07 AM",Non-Hispanic,7WEST,7WEST,White,Male,Non-Hispanic,51.0,10/1/2026,50s,628244.0,01 CO Prearraignment,ROBERT,Y,No,10/1/2026 8:52:38 PM,Pretrial,SHIPMAN,CCB,Physically in the jail,City-County Building,4,0,to 19,JR,10/5/2026 12:07:13 AM,10/5/2026 12:07:13 AM
https://www.danesheriff.com/Residents/Detail/799204,STALKING; 1ST DEG INTENTIONAL HOMICIDE; 1ST DEG INTENTIONAL HOMICIDE; 1ST DEG INTENTIONAL HOMICIDE,939.05; 939.31; 939.32; 939.63(1)(B),6,Middleton Police Department; Rock Co Sheriff's Office,6/16/20255:02 AM,CO Pretrial/Hold,Felony,799204,"October 5, 2026 at 12:07 AM",Non-Hispanic,6EAST,6EAST,White,Male,Non-Hispanic,45.0,6/16/2025,40s,610835.0,03H CO Pretrial/Hold,PAUL,Y,Yes,6/16/2025 10:02:32 AM,Pretrial,VAN DUYNE,CCB,Physically in the jail,City-County Building,476,300+,,Null,10/5/2026 12:07:13 AM,10/5/2026 12:07:13 AM
https://www.danesheriff.com/Residents/Detail/89800256,RESISTING OR OBSTRUCTING; DISORDERLY CONDUCT; PAROLE VIOLATION; KNOWINGLY FLEE AN OFFICER,939.62(1)(A); 973.055(1); ; 939.62(1)(B),4,State Patrol Headquarters; Madison Police Department,6/12/20264:41 PM,CO Pretrial/Prob Hold,Felony,89800256,"October 5, 2026 at 12:07 AM",Non-Hispanic,6EAST,6EAST,White,Male,Non-Hispanic,38.0,6/12/2026,30s,624079.0,03P CO Pretrial/Prob Hold,CODY,Y,Yes,6/12/2026 9:41:35 PM,Pretrial,PETERSON,CCB,Physically in the jail,City-County Building,115,100,to 119,Null,10/5/2026 12:07:13 AM,10/5/2026 12:07:13 AM
https://www.danesheriff.com/Residents/Detail/421736,PAROLE VIOLATION; 2ND-DEG RECKLESSLY ENDANG SAFE; KNOWINGLY FLEE AN OFFICER,; ; ,3,Maple Bluff Police Department; Probation and Parole,5/18/20264:59 PM,CO Pretrial/Prob Hold,Felony,421736,"October 5, 2026 at 12:07 AM",Non-Hispanic,P3G,P3G,Black,Female,Non-Hispanic,31.0,5/18/2026,30s,623064.0,03P CO Pretrial/Prob Hold,KENYA,Y,Yes,5/18/2026 9:59:13 PM,Pretrial,LEMONS,PSB,Physically in the jail,Public Safety Building,140,140,to 159,Null,10/5/2026 12:07:13 AM,10/5/2026 12:07:13 AM
https://www.danesheriff.com/Residents/Detail/89117,RETAIL THEFT; PROBATION VIOLATION; THEFT; RETAIL THEFT; RETAIL THEFT; RETAIL THEFT INTENT TAKE; RESISTING OR OBSTRUCTING; BURGLARY/ROOM W/IN BLDG,939.62(1)(B); ; ; 939.62(1)(B); 939.62(1)(B); 939.62(1)(B); 939.62(1)(A); 939.62(1)(B),8,Madison Police Department; UW Madison Police Department,9/10/202610:14 PM,CO Pretrial/Prob Hold,Felony,89117,"October 5, 2026 at 12:07 AM",Non-Hispanic,P4A,P4A,White,Male,Non-Hispanic,41.0,9/10/2026,40s,627546.0,03P CO Pretrial/Prob Hold,TREVOR,Y,Yes,9/11/2026 3:14:59 AM,Pretrial,ALT,PSB,Physically in the jail,Public Safety Building,25,20,to 39,Null,10/5/2026 12:07:13 AM,10/5/2026 12:07:13 AM
https://www.danesheriff.com/Residents/Detail/714875,OPERATE MV WITHOUT CONSENT; THEFT; RETAIL THEFT INTENT TAKE; RETAIL THEFT INTENT TAKE; BURGLARY DWELLING BOAT MOTOR H; OPERATE MV WITHOUT CONSENT; THEFT; FRAUD ON HOTEL/INNKEEP/RESTAUR; CRIMINAL TRESPASS TO DWELLING; EXTRADITION,939.62(1)(C); 939.62(1)(B); 939.62(1)(B); ; 939.62(1)(C); 939.62(1)(B); 939.62(1)(A); 939.62(1)(A); ; ,13,Sun Prairie Police Department; Verona Police Department; Dane County Sheriffs Office; Deforest Police Department,1/2/20267:37 PM,CO Pretrial/Hold,Felony,714875,"October 5, 2026 at 12:07 AM",Hispanic,P4C,P4C,Black,Male,Hispanic,49.0,1/2/2026,40s,617940.0,03H CO Pretrial/Hold,TIMOTHY,Y,Yes,1/3/2026 1:37:54 AM,Pretrial,HARALDSEN,PSB,Physically in the jail,Public Safety Building,276,260,to 279,Null,10/5/2026 12:07:13 AM,10/5/2026 12:07:13 AM
https://www.danesheriff.com/Residents/Detail/605825,PROBATION VIOLATION; OPERATING WHILE INTOXICATED; DISORDERLY CONDUCT; CRIMINAL DAMAGE TO PROPERTY; BATTERY; BATTERY; BAIL JUMPING - FELONY; 2ND-DEG RECKLESSLY ENDANG SAFE,; ; ; ; ; ; ; ,9,Madison Police Department,8/1/20261:08 AM,Sentenced with Huber,Felony,605825,"October 5, 2026 at 12:07 AM",Non-Hispanic,P3I,P3I,White,Female,Non-Hispanic,25.0,8/1/2026,20s,625924.0,08 Sentenced with Huber,SYDNI,Y,No,8/1/2026 6:08:58 AM,Local sentence,BAHR,PSB,Physically in the jail,Public Safety Building,65,60,to 79,Null,10/5/2026 12:07:13 AM,10/5/2026 12:07:13 AM
https://www.danesheriff.com/Residents/Detail/803942,BAIL JUMPING - FELONY; BAIL JUMPING - MISDEMEANOR; BATTERY; DISORDERLY CONDUCT; RESISTING OR OBSTRUCTING; DISORDERLY CONDUCT,; ; ; ; ; ,8,Madison Police Department,9/12/20265:27 PM,CO Pretrial,Felony,803942,"October 5, 2026 at 12:07 AM",Non-Hispanic,P4A,P4A,Black,Male,Non-Hispanic,23.0,9/12/2026,20s,627592.0,03 CO Pretrial,VIRGIL,Y,No,9/12/2026 10:27:29 PM,Pretrial,BROWN,PSB,Physically in the jail,Public Safety Building,23,20,to 39,III,10/5/2026 12:07:13 AM,10/5/2026 12:07:13 AM
https://www.danesheriff.com/Residents/Detail/607990,PAROLE VIOLATION; POSSESSION METHAMPHETAMINE; POSSESSION OF THC; BAIL JUMPING - FELONY; POSSESS DRUG PARAPHERNALIA,; ; 939.62(1)(B); ; ,5,Madison Police Department,7/2/20262:21 AM,P/P Violation (Hold),Felony,607990,"October 5, 2026 at 12:07 AM",Non-Hispanic,P4K,P4K,Black,Male,Non-Hispanic,52.0,7/2/2026,50s,624785.0,05 P/P Violation (Hold),JOHN,Y,Yes,7/2/2026 7:21:56 AM,P/P hold,GILL,PSB,Physically in the jail,Public Safety Building,95,80,to 99,Null,10/5/2026 12:07:13 AM,10/5/2026 12:07:13 AM
